<?xml version="1.0" encoding="UTF-8"?>
<kml xmlns="http://www.opengis.net/kml/2.2" xmlns:gx="http://www.google.com/kml/ext/2.2">
<Document>
  <!-- Begin Style Definitions -->
  <Style id="area1">
    <LineStyle>
      <color>FF000000</color>
      <width>1</width>
    </LineStyle>
    <PolyStyle>
      <color>BF000000</color>
      <fill>0</fill>
      <outline>1</outline>
    </PolyStyle>
  </Style>
  <Folder>
    <name>Area Features</name>
    <description>Area Features</description>
    <Placemark>
      <description><![CDATA[Unknown Area Type<BR><BR><B>LAYER</B> = Unknown Area Type<BR><B>MAP_NAME</B> = Auckland2026_1K_Tiles<BR><B>NAME</B> = BA31_0850,BA31_0950,BA31_0949,BA31_1049,BA31_1050,BA31_1048,BA31_1047,BA31_1147,BA31_1148,BA31_1149,BA31_1150,BA31_1146,BA31_1145,BA31_1245,BA31_1246,BA31_1247,BA31_1248,BA31_1249,BA31_1250,BA31_1345,BA31_1346,BA31_1347,BA31_1348,BA31_1349,BA31_1350,BA31_1445,BA31_1446,BA31_1447,BA31_1448,BA31_1449,BA31_1450,BA31_1444,BA31_1443,BA31_1543,BA31_1544,BA31_1545,BA31_1546,BA31_1547,BA31_1548,BA31_1549,BA31_1550,BA31_1542,BA31_1541,BA31_1641,BA31_1642,BA31_1643,BA31_1644,BA31_1645,BA31_1646,BA31_1647,BA31_1648,BA31_1649,BA31_1650,BA31_1640,BA31_1639,BA31_1638,BA31_1739,BA31_1740,BA31_1741,BA31_1742,BA31_1743,BA31_1744,BA31_1745,BA31_1746,BA31_1747,BA31_1748,BA31_1749,BA31_1750,BA31_1839,BA31_1840,BA31_1841,BA31_1842,BA31_1843,BA31_1844,BA31_1845,BA31_1846,BA31_1847,BA31_1848,BA31_1849,BA31_1850,BA31_1939,BA31_1940,BA31_1941,BA31_1942,BA31_1943,BA31_1944,BA31_1945,BA31_1946,BA31_1947,BA31_1948,BA31_1949,BA31_1950,BA31_1938,BA31_2038,BA31_2039,BA31_2040,BA31_2041,BA31_2042,BA31_2043,BA31_2044,BA31_2045,BA31_2046,BA31_2047,BA31_2048,BA31_2049,BA31_2050,BA31_2138,BA31_2139,BA31_2140,BA31_2141,BA31_2142,BA31_2143,BA31_2144,BA31_2145,BA31_2146,BA31_2147,BA31_2148,BA31_2149,BA31_2150,BA31_2137,BA31_2237,BA31_2238,BA31_2239,BA31_2240,BA31_2241,BA31_2242,BA31_2243,BA31_2244,BA31_2245,BA31_2246,BA31_2247,BA31_2248,BA31_2249,BA31_2250,BA31_2337,BA31_2338,BA31_2339,BA31_2340,BA31_2341,BA31_2342,BA31_2343,BA31_2344,BA31_2345,BA31_2346,BA31_2347,BA31_2348,BA31_2349,BA31_2350,BA31_2336,BA31_2335,BA31_2435,BA31_2436,BA31_2437,BA31_2438,BA31_2439,BA31_2440,BA31_2441,BA31_2442,BA31_2443,BA31_2444,BA31_2445,BA31_2446,BA31_2447,BA31_2448,BA31_2449,BA31_2450,BA31_2535,BA31_2536,BA31_2537,BA31_2538,BA31_2539,BA31_2540,BA31_2541,BA31_2542,BA31_2543,BA31_2544,BA31_2545,BA31_2546,BA31_2547,BA31_2548,BA31_2549,BA31_2550,BA31_2635,BA31_2636,BA31_2637,BA31_2638,BA31_2639,BA31_2640,BA31_2641,BA31_2642,BA31_2643,BA31_2644,BA31_2645,BA31_2646,BA31_2647,BA31_2648,BA31_2649,BA31_2650,BA31_2634,BA31_2633,BA31_2733,BA31_2734,BA31_2735,BA31_2736,BA31_2737,BA31_2738,BA31_2739,BA31_2740,BA31_2741,BA31_2742,BA31_2743,BA31_2744,BA31_2745,BA31_2746,BA31_2747,BA31_2748,BA31_2749,BA31_2750,BA31_2732,BA31_2731,BA31_2730,BA31_2830,BA31_2831,BA31_2832,BA31_2833,BA31_2834,BA31_2835,BA31_2836,BA31_2837,BA31_2838,BA31_2839,BA31_2840,BA31_2841,BA31_2842,BA31_2843,BA31_2844,BA31_2845,BA31_2846,BA31_2847,BA31_2848,BA31_2849,BA31_2850,BA31_2829,BA31_2828,BA31_2827,BA31_2727,BA31_2726,BA31_2826,BA31_2626,BA31_2625,BA31_2725,BA31_2825,BA31_2624,BA31_2724,BA31_2824,BA31_2823,BA31_2723,BA31_2623,BA31_2622,BA31_2722,BA31_2822,BA31_2821,BA31_2721,BA31_2921,BA31_2922,BA31_2923,BA31_2924,BA31_2925,BA31_2926,BA31_2927,BA31_2928,BA31_2929,BA31_2930,BA31_2931,BA31_2932,BA31_2933,BA31_2934,BA31_2935,BA31_2936,BA31_2939,BA31_2940,BA31_2941,BA31_2942,BA31_2943,BA31_2944,BA31_2945,BA31_2946,BA31_2947,BA31_2948,BA31_2949,BA31_2950,BA31_3021,BA31_3022,BA31_3023,BA31_3024,BA31_3025,BA31_3026,BA31_3027,BA31_3028,BA31_3029,BA31_3030,BA31_3031,BA31_3020,BA31_3039,BA31_3040,BA31_3041,BA31_3042,BA31_3043,BA31_3044,BA31_3045,BA31_3046,BA31_3047,BA31_3048,BA31_3049,BA31_3050,BA31_3120,BA31_3121,BA31_3122,BA31_3123,BA31_3124,BA31_3125,BA31_3126,BA31_3127,BA31_3128,BA31_3129,BA31_3130,BA31_3131,BA31_3119,BA31_3140,BA31_3141,BA31_3142,BA31_3143,BA31_3144,BA31_3145,BA31_3146,BA31_3147,BA31_3148,BA31_3149,BA31_3150,BA31_3219,BA31_3220,BA31_3221,BA31_3222,BA31_3223,BA31_3224,BA31_3225,BA31_3226,BA31_3227,BA31_3228,BA31_3229,BA31_3230,BA31_3231,BA31_3218,BA31_3232,BA31_3233,BA31_3241,BA31_3242,BA31_3243,BA31_3244,BA31_3245,BA31_3246,BA31_3247,BA31_3248,BA31_3249,BA31_3250,BA31_3318,BA31_3319,BA31_3320,BA31_3321,BA31_3322,BA31_3323,BA31_3324,BA31_3325,BA31_3326,BA31_3327,BA31_3328,BA31_3329,BA31_3330,BA31_3331,BA31_3332,BA31_3333,BA31_3334,BA31_3350,BA31_3419,BA31_3420,BA31_3421,BA31_3422,BA31_3423,BA31_3424,BA31_3425,BA31_3426,BA31_3427,BA31_3428,BA31_3429,BA31_3430,BA31_3431,BA31_3432,BA31_3433,BA31_3434,BA31_3450,BA31_3449,BA31_3522,BA31_3523,BA31_3524,BA31_3525,BA31_3526,BA31_3527,BA31_3528,BA31_3529,BA31_3530,BA31_3531,BA31_3532,BA31_3533,BA31_3534,BA31_3549,BA31_3550,BA31_3548,BA31_3547,BA31_3546,BA31_3622,BA31_3623,BA31_3624,BA31_3625,BA31_3626,BA31_3627,BA31_3628,BA31_3629,BA31_3630,BA31_3631,BA31_3632,BA31_3633,BA31_3634,BA31_3621,BA31_3646,BA31_3647,BA31_3648,BA31_3649,BA31_3650,BA31_3645,BA31_3644,BA31_3643,BA31_3642,BA31_3721,BA31_3722,BA31_3723,BA31_3724,BA31_3725,BA31_3726,BA31_3727,BA31_3728,BA31_3729,BA31_3730,BA31_3731,BA31_3732,BA31_3733,BA31_3720,BA31_3719,BA31_3718,BA31_3742,BA31_3743,BA31_3744,BA31_3745,BA31_3746,BA31_3747,BA31_3748,BA31_3749,BA31_3750,BA31_3741,BA31_3818,BA31_3819,BA31_3820,BA31_3821,BA31_3822,BA31_3823,BA31_3824,BA31_3825,BA31_3826,BA31_3827,BA31_3828,BA31_3829,BA31_3830,BA31_3831,BA31_3832,BA31_3833,BA31_3817,BA31_3816,BA31_3841,BA31_3842,BA31_3843,BA31_3844,BA31_3845,BA31_3846,BA31_3847,BA31_3848,BA31_3849,BA31_3850,BA31_3917,BA31_3918,BA31_3919,BA31_3920,BA31_3921,BA31_3922,BA31_3923,BA31_3924,BA31_3925,BA31_3926,BA31_3927,BA31_3928,BA31_3929,BA31_3930,BA31_3931,BA31_3932,BA31_3933,BA31_3934,BA31_3935,BA31_3835,BA31_3936,BA31_3937,BA31_3941,BA31_3942,BA31_3943,BA31_3944,BA31_3945,BA31_3946,BA31_3947,BA31_3948,BA31_3949,BA31_3950,BA31_3940,BA31_4021,BA31_4022,BA31_4023,BA31_4024,BA31_4025,BA31_4026,BA31_4027,BA31_4028,BA31_4029,BA31_4030,BA31_4031,BA31_4032,BA31_4033,BA31_4034,BA31_4035,BA31_4036,BA31_4037,BA31_4040,BA31_4041,BA31_4042,BA31_4043,BA31_4044,BA31_4045,BA31_4046,BA31_4047,BA31_4048,BA31_4049,BA31_4050,BA31_4122,BA31_4123,BA31_4124,BA31_4125,BA31_4126,BA31_4127,BA31_4128,BA31_4129,BA31_4130,BA31_4131,BA31_4132,BA31_4133,BA31_4134,BA31_4135,BA31_4136,BA31_4137,BA31_4138,BA31_4139,BA31_4140,BA31_4141,BA31_4142,BA31_4143,BA31_4144,BA31_4145,BA31_4146,BA31_4147,BA31_4148,BA31_4149,BA31_4150,BA31_4223,BA31_4224,BA31_4225,BA31_4226,BA31_4227,BA31_4228,BA31_4229,BA31_4230,BA31_4231,BA31_4232,BA31_4233,BA31_4234,BA31_4235,BA31_4236,BA31_4237,BA31_4238,BA31_4239,BA31_4240,BA31_4241,BA31_4242,BA31_4243,BA31_4244,BA31_4245,BA31_4246,BA31_4247,BA31_4248,BA31_4249,BA31_4250,BA31_4323,BA31_4324,BA31_4325,BA31_4326,BA31_4327,BA31_4328,BA31_4329,BA31_4330,BA31_4331,BA31_4332,BA31_4333,BA31_4334,BA31_4335,BA31_4336,BA31_4337,BA31_4338,BA31_4339,BA31_4340,BA31_4341,BA31_4342,BA31_4343,BA31_4344,BA31_4345,BA31_4346,BA31_4347,BA31_4348,BA31_4349,BA31_4350,BA31_4425,BA31_4426,BA31_4427,BA31_4428,BA31_4429,BA31_4430,BA31_4431,BA31_4432,BA31_4433,BA31_4434,BA31_4435,BA31_4436,BA31_4437,BA31_4438,BA31_4439,BA31_4440,BA31_4441,BA31_4442,BA31_4443,BA31_4444,BA31_4445,BA31_4446,BA31_4447,BA31_4448,BA31_4449,BA31_4450,BA31_4526,BA31_4527,BA31_4528,BA31_4529,BA31_4530,BA31_4531,BA31_4532,BA31_4533,BA31_4534,BA31_4535,BA31_4536,BA31_4537,BA31_4538,BA31_4539,BA31_4540,BA31_4541,BA31_4542,BA31_4543,BA31_4544,BA31_4545,BA31_4546,BA31_4547,BA31_4548,BA31_4549,BA31_4550,BA31_4626,BA31_4627,BA31_4628,BA31_4629,BA31_4630,BA31_4631,BA31_4632,BA31_4633,BA31_4634,BA31_4635,BA31_4636,BA31_4637,BA31_4638,BA31_4639,BA31_4640,BA31_4641,BA31_4642,BA31_4643,BA31_4644,BA31_4645,BA31_4646,BA31_4647,BA31_4648,BA31_4649,BA31_4650,BA31_4728,BA31_4729,BA31_4730,BA31_4731,BA31_4732,BA31_4733,BA31_4734,BA31_4735,BA31_4736,BA31_4737,BA31_4738,BA31_4739,BA31_4740,BA31_4741,BA31_4742,BA31_4743,BA31_4744,BA31_4745,BA31_4746,BA31_4747,BA31_4748,BA31_4749,BA31_4750,BA31_4829,BA31_4830,BA31_4831,BA31_4832,BA31_4833,BA31_4834,BA31_4835,BA31_4836,BA31_4837,BA31_4838,BA31_4839,BA31_4840,BA31_4841,BA31_4842,BA31_4843,BA31_4844,BA31_4845,BA31_4846,BA31_4847,BA31_4848,BA31_4849,BA31_4850,BA31_4929,BA31_4930,BA31_4931,BA31_4932,BA31_4933,BA31_4934,BA31_4935,BA31_4936,BA31_4937,BA31_4938,BA31_4939,BA31_4940,BA31_4941,BA31_4928,BA31_4943,BA31_4944,BA31_4945,BA31_4946,BA31_4947,BA31_4948,BA31_4949,BA31_4950,BA31_5028,BA31_5029,BA31_5030,BA31_5031,BA31_5032,BA31_5033,BA31_5034,BA31_5035,BA31_5036,BA31_5027,BA31_5045,BA31_5046,BA31_5047,BA32_0801,BA32_0901,BA32_1001,BA32_1101,BA32_1201,BA32_1301,BA32_1401,BA32_1501,BA32_1601,BA32_1701,BA32_1801,BA32_1901,BA32_2001,BA32_2101,BA32_2201,BA32_2301,BA32_2401,BA32_2501,BA32_2601,BA32_2701,BA32_2801,BA32_2901,BA32_3001,BA32_3101,BA32_3201,BA32_3301,BA32_3401,BA32_3501,BA32_3601,BA32_3701,BA32_3801,BA32_3901,BA32_4001,BA32_4101,BA32_4201,BA32_4301,BA32_4401,BA32_4501,BA32_4601,BA32_4701,BA32_4801,BA32_4901,BA32_2402,BA32_2502,BA32_2602,BA32_2702,BA32_2802,BA32_2902,BA32_3002,BA32_3102,BA32_2302,BA32_2202,BA32_2102,BA32_2002,BA32_1902,BA32_1802,BA32_1702,BA32_1602,BA32_1502,BA32_1402,BA32_1302,BA32_1202,BA32_1102,BA32_2603,BA32_2703,BA32_2803,BA32_2903,BA32_2503,BA32_2403,BA32_2303,BA32_2203,BA32_2103,BA32_2003,BA32_1903,BA32_2904,BA32_2804,BA32_2704,BA32_2604,BA32_2504,BA32_2404,BA32_2304,BA32_2204,BA32_2104,BA32_2004,BA32_1303,BA32_1203,BA32_3402,BA32_3502,BA32_3602,BA32_3702,BA32_3802,BA32_3902,BA32_4002,BA32_4102,BA32_4202,BA32_4302,BA32_4402,BA32_4502,BA32_4602,BA32_4702,BA32_4802,BA32_4902,BA32_3503,BA32_3603,BA32_3703,BA32_3803,BA32_3903,BA32_4003,BA32_4103,BA32_4203,BA32_4303,BA32_4403,BA32_4503,BA32_4603,BA32_4703,BA32_4803,BA32_3504,BA32_3604,BA32_3704,BA32_3804,BA32_3904,BA32_4004,BA32_4104,BA32_4204,BA32_4304,BA32_4404,BA32_4504,BA32_4604,BA32_4704,BA32_4804,BA32_3605,BA32_3705,BA32_3805,BA32_3905,BA32_4005,BA32_4105,BA32_4205,BA32_4305,BA32_4405,BA32_4505,BA32_4605,BA32_4705,BA32_3505,BA32_4805,BA32_3706,BA32_3806,BA32_3906,BA32_4006,BA32_4106,BA32_4206,BA32_4306,BA32_4406,BA32_4506,BA32_4606,BA32_3606,BA32_3506,BA32_4706,BA32_4806,BA32_3507,BA32_3607,BA32_3707,BA32_3807,BA32_3907,BA32_4007,BA32_4107,BA32_4207,BA32_4307,BA32_4407,BA32_4507,BA32_4607,BA32_4707,BA32_4807,BA32_3508,BA32_3608,BA32_3708,BA32_3808,BA32_3908,BA32_4008,BA32_4108,BA32_4208,BA32_4308,BA32_4408,BA32_4508,BA32_4608,BA32_4708,BA32_4808,BA32_3809,BA32_3909,BA32_4009,BA32_4109,BA32_4209,BA32_4309,BA32_4409,BA32_4509,BA32_3709,BA32_3609,BA32_4609,BA32_4709,BA32_4809,BA32_3910,BA32_4010,BA32_4110,BA32_4210,BA32_4310,BA32_4410,BA32_4510,BA32_4610,BA32_4710,BA32_3810,BA32_3710,BA32_4810,BA32_3811,BA32_3911,BA32_4011,BA32_4111,BA32_4211,BA32_4311,BA32_4411,BA32_4511,BA32_4611,BA32_4711,BA32_3711,BA32_4811,BA32_3912,BA32_3812,BA32_4012,BA32_4112,BA32_4212,BA32_4312,BA32_4412,BA32_3712,BA32_4512,BA32_4612,BA32_4712,BA32_4812,BA32_4013,BA32_4113,BA32_4213,BA32_4313,BA32_3913,BA32_3813,BA32_4413,BA32_4513,BA32_4613,BA32_4713,BA32_3713,BA32_4813,BA32_3613,BA32_3612,BA32_3611,BA32_4014,BA32_4114,BA32_4214,BA32_4314,BA32_4414,BA32_3914,BA32_3814,BA32_3714,BA32_3614,BA32_4514,BA32_4614,BA32_4714,BA32_4814,BA32_2505,BA32_2405,BA32_2605,BA32_2705,BA32_2805,BA32_2905,BA32_3407,BA32_2806,BA32_2706,BA32_2906,BA32_2606,BA32_2506,BA32_2406,BA32_4115,BA32_4215,BA32_4315,BA32_4415,BA32_4515,BA32_4015,BA32_3915,BA32_3815,BA32_3715,BA32_3615,BA32_4615,BA32_4715,BA32_4815,BA32_4116,BA32_4216,BA32_4316,BA32_4416,BA32_4516,BA32_4616,BA32_4016,BA32_3916,BA32_3816,BA32_3716,BA32_3616,BA32_4716,BA32_4816,BA32_3005,BA32_3006,BA32_3105,BA32_3106,BA32_3206,BA32_3205,BA32_3306,BA32_3307,BA32_3207,BA32_3107,BA32_3007,BA32_2907,BA32_2807,BA32_2707,BA32_4217,BA32_4317,BA32_4117,BA32_4417,BA32_4517,BA32_4617,BA32_4717,BA32_4017,BA32_3917,BA32_3817,BA32_3717,BA32_3617,BA32_4817,BA32_2908,BA32_3008,BA32_3108,BA32_2808,BA32_3208,BA32_3308,BA32_3718,BA32_3618,BA32_3818,BA32_3918,BA32_4018,BA32_4118,BA32_4218,BA32_4318,BA32_4418,BA32_4518,BA32_4618,BA32_4718,BA32_4818,BA32_3009,BA32_2909,BA32_3109,BA32_3209,BA32_3309,BA32_3409,BA32_4219,BA32_4319,BA32_4419,BA32_4519,BA32_4119,BA32_4619,BA32_4019,BA32_3919,BA32_3819,BA32_4719,BA32_4819,BA32_3719,BA32_3619,BA32_2205,BA32_4220,BA32_4320,BA32_4420,BA32_4520,BA32_4620,BA32_4120,BA32_4720,BA32_4820,BA32_4020,BA32_3920,BA32_3820,BA32_3720,BA32_3620,BA32_3721,BA32_3621,BA32_3821,BA32_3921,BA32_4021,BA32_4121,BA32_4221,BA32_4321,BA32_4421,BA32_4521,BA32_4621,BA32_4721,BA32_4821,BA32_3210,BA32_3310,BA32_3410,BA32_3110,BA32_3010,BA32_4422,BA32_4522,BA32_4622,BA32_4322,BA32_4222,BA32_4122,BA32_4022,BA32_3922,BA32_4722,BA32_3822,BA32_3722,BA32_3622,BA32_4822,BA32_4123,BA32_4023,BA32_3923,BA32_3823,BA32_3723,BA32_4223,BA32_3623,BA32_3824,BA32_3724,BA32_3624,BA32_3924,BA32_4024,BA32_4124,BA32_3311,BA32_3211,BA32_3111,BA32_3515,BA32_3514,BA32_3522,BA32_3212,BA32_3312,BA32_4523,BA32_4623,BA32_4723,BA32_4823,BA32_4524,BA32_4624,BA32_4724,BA32_4824,BA32_4025,BA32_3925,BA32_3825,BA32_3725,BA32_4026,BA32_3926,BA32_4027,BA32_4424,BA32_4324,BA32_4625,BA32_4725,BA32_4525,BA32_4425,BA32_4825,BA32_4325,BA32_4326,BA32_4426,BA32_4526,BA32_4626,BA32_4726,BA32_4826,BA32_4527,BA32_4627,BA32_4427,BA32_4327,BA32_4727,BA32_4827,BA32_4528,BA32_4428,BA32_4628,BA32_4728,BA32_4328,BA32_4828,BA32_4629,BA32_4729,BA32_4529,BA32_4429,BA32_4329,BA32_4829,BA32_4630,BA32_4530,BA32_4430,BA32_4330,BA32_4730,BA32_4830,BA32_4228,BA32_4127,BA32_4229,BA32_4230,BA32_4128,BA32_4129,BA32_4130,BA32_4131,BA32_4231,BA32_4331,BA32_4431,BA32_4531,BA32_4631,BA32_4731,BA32_4831,BA32_4232,BA32_4132,BA32_4332,BA32_4432,BA32_4532,BA32_4632,BA32_4732,BA32_4832,BA32_4333,BA32_4433,BA32_4533,BA32_4233,BA32_4133,BA32_4633,BA32_4733,BA32_4833,BA32_4334,BA32_4234,BA32_4134,BA32_4434,BA32_4534,BA32_4634,BA32_4734,BA32_4834,BA32_4735,BA32_4635,BA32_4535,BA32_4435,BA32_4335,BA32_4235,BA32_4835,BA32_4031,BA32_4030,BA32_4029,BA32_3930,BA32_3929,BA32_3928,BA32_4636,BA32_4736,BA32_4536,BA32_4436,BA32_4336,BA32_4236,BA32_4637,BA32_4737,BA32_4537,BA32_4437,BA32_4337,BA32_3829,BA32_3830,BA32_3828,BA32_4538,BA32_4438,BA32_4638,BA32_4338,BA32_3729,BA32_3728,BA32_3730,BA32_3628,BA32_3629,BA32_4906,BA32_4907,BA32_4908,BA32_4909,BA32_4910,BA32_4911,BA32_4912,BA32_4913,BA32_4914,BA32_4915,BA32_4916,BA32_4917,BA32_4918,BA32_4919,BA32_4920,BA32_4921,BA32_4922,BA32_4923,BA32_4924,BA32_4925,BA32_4926,BA32_4927,BA32_4928,BA32_4929,BA32_4930,BA32_4931,BA32_4932,BA32_4933,BA32_5006,BA32_5007,BA32_5008,BA32_5009,BA32_5005,BA32_5004,BA32_5003,BA32_5015,BA32_5016,BA32_5017,BA32_5018,BA32_5019,BA32_5020,BA32_5021,BA32_5022,BA32_5023,BA32_5024,BA32_5025,BA32_5026,BA32_5027,BA32_5028,BA32_5029,BA32_5030,BA32_5031,BA32_5032,BA32_5033,BB31_0127,BB31_0128,BB31_0129,BB31_0130,BB31_0131,BB31_0132,BB31_0133,BB31_0134,BB31_0135,BB31_0126,BB31_0226,BB31_0227,BB31_0228,BB31_0229,BB31_0230,BB31_0231,BB31_0232,BB31_0233,BB31_0234,BB31_0326,BB31_0327,BB31_0328,BB31_0329,BB31_0330,BB31_0331,BB31_0332,BB31_0427,BB31_0428,BB31_0429,BB31_0430,BB31_0431,BB31_0432,BB31_0528,BB31_0529,BB31_0530,BB31_0628,BB32_0103,BB32_0104,BB32_0105,BB32_0106,BB32_0107,BB32_0108,BB32_0109,BB32_0102,BB32_0110,BB32_0111,BB32_0112,BB32_0113,BB32_0114,BB32_0115,BB32_0116,BB32_0117,BB32_0118,BB32_0119,BB32_0120,BB32_0121,BB32_0122,BB32_0123,BB32_0124,BB32_0125,BB32_0126,BB32_0127,BB32_0128,BB32_0129,BB32_0130,BB32_0131,BB32_0132,BB32_0133,BB32_0204,BB32_0205,BB32_0206,BB32_0207,BB32_0208,BB32_0209,BB32_0210,BB32_0211,BB32_0212,BB32_0213,BB32_0214,BB32_0215,BB32_0216,BB32_0217,BB32_0218,BB32_0219,BB32_0220,BB32_0221,BB32_0222,BB32_0223,BB32_0224,BB32_0225,BB32_0226,BB32_0227,BB32_0228,BB32_0229,BB32_0230,BB32_0231,BB32_0232,BB32_0233,BB32_0234,BB32_0305,BB32_0306,BB32_0307,BB32_0308,BB32_0309,BB32_0310,BB32_0311,BB32_0312,BB32_0313,BB32_0314,BB32_0315,BB32_0316,BB32_0317,BB32_0318,BB32_0319,BB32_0320,BB32_0321,BB32_0322,BB32_0323,BB32_0324,BB32_0325,BB32_0326,BB32_0327,BB32_0328,BB32_0329,BB32_0330,BB32_0331,BB32_0332,BB32_0333,BB32_0334,BB32_0335,BB32_0405,BB32_0406,BB32_0407,BB32_0408,BB32_0409,BB32_0410,BB32_0411,BB32_0412,BB32_0413,BB32_0414,BB32_0415,BB32_0416,BB32_0417,BB32_0418,BB32_0419,BB32_0420,BB32_0421,BB32_0422,BB32_0423,BB32_0424,BB32_0425,BB32_0426,BB32_0427,BB32_0428,BB32_0429,BB32_0430,BB32_0431,BB32_0432,BB32_0433,BB32_0434,BB32_0435,BB32_0404,BB32_0436,BB32_0504,BB32_0505,BB32_0506,BB32_0507,BB32_0508,BB32_0509,BB32_0510,BB32_0511,BB32_0512,BB32_0513,BB32_0514,BB32_0515,BB32_0516,BB32_0517,BB32_0518,BB32_0519,BB32_0520,BB32_0521,BB32_0522,BB32_0523,BB32_0524,BB32_0525,BB32_0526,BB32_0527,BB32_0528,BB32_0529,BB32_0530,BB32_0531,BB32_0532,BB32_0533,BB32_0534,BB32_0535,BB32_0503,BB32_0603,BB32_0604,BB32_0605,BB32_0606,BB32_0607,BB32_0608,BB32_0609,BB32_0610,BB32_0611,BB32_0612,BB32_0613,BB32_0614,BB32_0615,BB32_0616,BB32_0617,BB32_0618,BB32_0619,BB32_0620,BB32_0621,BB32_0622,BB32_0623,BB32_0624,BB32_0625,BB32_0626,BB32_0627,BB32_0628,BB32_0629,BB32_0630,BB32_0631,BB32_0632,BB32_0633,BB32_0634,BB32_0635,BB32_0602,BB32_0702,BB32_0703,BB32_0704,BB32_0705,BB32_0706,BB32_0707,BB32_0708,BB32_0709,BB32_0710,BB32_0701,BB32_0712,BB32_0713,BB32_0714,BB32_0715,BB32_0716,BB32_0717,BB32_0718,BB32_0719,BB32_0720,BB32_0721,BB32_0722,BB32_0723,BB32_0724,BB32_0725,BB32_0726,BB32_0727,BB32_0728,BB32_0729,BB32_0730,BB32_0731,BB32_0732,BB32_0733,BB32_0734,BB32_0735,BB32_0736,BB32_0801,BB32_0802,BB32_0803,BB32_0804,BB32_0805,BB32_0806,BB32_0807,BB32_0808,BB32_0809,BB32_0810,BB31_0850,BB31_0950,BB32_0901,BB32_0902,BB32_0903,BB32_0904,BB32_0905,BB32_0906,BB32_0907,BB32_0908,BB32_0909,BB32_0910,BB32_0817,BB32_0818,BB32_0819,BB32_0820,BB32_0821,BB32_0822,BB32_0823,BB32_0824,BB32_0825,BB32_0826,BB32_0827,BB32_0828,BB32_0829,BB32_0830,BB32_0831,BB32_0832,BB32_0833,BB32_0834,BB32_0835,BB32_0836,BB32_0816,BB32_0815,BB32_0814,BB32_0813,BB32_0812,BB32_0911,BB32_0912,BB32_0913,BB32_0914,BB32_0915,BB32_0916,BB32_0917,BB32_0918,BB32_0919,BB32_0920,BB32_0921,BB32_0922,BB32_0923,BB32_0924,BB32_0925,BB32_0926,BB32_0927,BB32_0928,BB32_0929,BB32_0933,BB32_0934,BB32_1001,BB32_1002,BB32_1003,BB32_1004,BB32_1005,BB32_1006,BB32_1007,BB32_1008,BB32_1009,BB32_1010,BB32_1011,BB32_1012,BB32_1013,BB32_1014,BB32_1015,BB32_1016,BB32_1017,BB32_1018,BB32_1019,BB32_1020,BB32_1021,BB32_1022,BB32_1023,BB32_1024,BB32_1025,BB32_1026,BB32_1027,BB32_1028,BB32_1029,BB32_1030,BB32_1031,BB32_1032,BB32_1033,BB32_1103,BB32_1104,BB32_1105,BB32_1106,BB32_1107,BB32_1108,BB32_1109,BB32_1110,BB32_1111,BB32_1112,BB32_1113,BB32_1114,BB32_1115,BB32_1116,BB32_1117,BB32_1118,BB32_1119,BB32_1120,BB32_1121,BB32_1122,BB32_1123,BB32_1124,BB32_1125,BB32_1126,BB32_1127,BB32_1128,BB32_1129,BB32_1130,BB32_1131,BB32_1132,BB32_1203,BB32_1204,BB32_1205,BB32_1206,BB32_1207,BB32_1209,BB32_1210,BB32_1211,BB32_1212,BB32_1214,BB32_1215,BB32_1216,BB32_1217,BB32_1218,BB32_1219,BB32_1220,BB32_1221,BB32_1222,BB32_1223,BB32_1224,BB32_1225,BB32_1226,BB32_1227,BB32_1228,BB32_1229,BB32_1230,BB32_1231,BB32_1232,BB32_1316,BB32_1317,BB32_1318,BB32_1319,BB32_1320,BB32_1321,BB32_1322,BB32_1323,BB32_1324,BB32_1325,BB32_1326,BB32_1327,BB32_1328,BB32_1329,BB32_1330,BB32_1331,BB32_1332,BB32_1417,BB32_1418,BB32_1419,BB32_1420,BB32_1421,BB32_1422,BB32_1423,BB32_1424,BB32_1425,BB32_1426,BB32_1427,BB32_1428,BB32_1429,BB32_1430,BB32_1431,BB32_1432,BB32_1433,BB32_1519,BB32_1520,BB32_1521,BB32_1522,BB32_1523,BB32_1524,BB32_1525,BB32_1526,BB32_1527,BB32_1528,BB32_1529,BB32_1530,BB32_1531,BB32_1532,BB32_1533,BB32_1534,BB32_1535,BB32_1536,BB32_1619,BB32_1620,BB32_1621,BB32_1622,BB32_1623,BB32_1624,BB32_1625,BB32_1626,BB32_1627,BB32_1628,BB32_1629,BB32_1630,BB32_1631,BB32_1632,BB32_1633,BB32_1634,BB32_1635,BB32_1636,BB32_1637,BB32_1719,BB32_1720,BB32_1721,BB32_1722,BB32_1723,BB32_1724,BB32_1725,BB32_1726,BB32_1727,BB32_1728,BB32_1729,BB32_1730,BB32_1731,BB32_1732,BB32_1733,BB32_1734,BB32_1735,BB32_1736,BB32_1737,BB32_1738,BB32_1739,BB32_1740,BB32_1741,BB32_1820,BB32_1821,BB32_1822,BB32_1823,BB32_1824,BB32_1825,BB32_1826,BB32_1828,BB32_1829,BB32_1830,BB32_1831,BB32_1832,BB32_1833,BB32_1834,BB32_1835,BB32_1836,BB32_1837,BB32_1838,BB32_1839,BB32_1840,BB32_1841,BB32_1925,BB32_1928,BB32_1929,BB32_1930,BB32_1931,BB32_1932,BB32_1933,BB32_1934,BB32_1935,BB32_1936,BB32_1937,BB32_1938,BB32_1939,BB32_1940,BB32_1941,BB32_1942,BB32_2030,BB32_2031,BB32_2032,BB32_2033,BB32_2034,BB32_2035,BB32_2036,BB32_2037,BB32_2038,BB32_2039,BB32_2040,BB32_2041,BB32_2042,BB32_2029,BB32_2028,BB32_2130,BB32_2131,BB32_2132,BB32_2133,BB32_2134,BB32_2135,BB32_2136,BB32_2137,BB32_2138,BB32_2139,BB32_2140,BB32_2141,BB32_2142,BB32_2129,BB32_2128,BB32_2143,BB32_2230,BB32_2231,BB32_2232,BB32_2233,BB32_2234,BB32_2235,BB32_2236,BB32_2237,BB32_2238,BB32_2239,BB32_2240,BB32_2241,BB32_2242,BB32_2229,BB32_2228,BB32_2331,BB32_2332,BB32_2333,BB32_2334,BB32_2335,BB32_2336,BB32_2330,BB32_2329,BB32_2328,BB32_2435,BB32_2436,BB32_2434,BB32_2433,BB32_2432,BB32_2533,BB32_2534,BB32_2535,BB32_2536,BB32_2532,BB32_2632,BB32_2633,BB32_2634,BB32_2635,BB32_2636,BB32_2631,BB32_2531,BB32_2637,BB32_2537,BB32_2437,BB32_2731,BB32_2732,BB32_2733,BB32_2734,BB32_2735,BB32_2736,BB32_2737,BB32_2738,BB32_2638,BB32_2538,BB32_2739,BB32_2639,BB32_2539,BB32_2831,BB32_2832,BB32_2833,BB32_2834,BB32_2835,BB32_2836,BB32_2837,BB32_2838,BB32_2839,BB32_2840,BB32_2740,BB32_2640,BB32_2931,BB32_2932,BB32_2933,BB32_2934,BB32_2935,BB32_2936,BB32_2937,BB32_2938,BB32_2939,BB32_2940,BB32_2941,BB32_2841,BB32_2741,BB32_3031,BB32_3032,BB32_3033,BB32_3034,BB32_3035,BB32_3036,BB32_3037,BB32_3038,BB32_3039,BB32_3040,BB32_3041,BB32_3042,BB32_2942,BB32_2842,BB32_2742,BB32_3139,BB32_3140,BB32_3141,BB32_3142,BB32_3240,BB32_2227,BB32_2327,BB32_3043,BB32_3133,BB32_3132,BA32_3104,BA32_4226,BA32_4227,BA32_3204,BA32_3305<BR><B>SHEET</B> = BA31,BA32,BB31,BB32<BR><B>SCALE</B> = 1000<BR><B>CLOSED</B> = YES<BR><B>BORDER_STY</B> = Solid<BR><B>BORDER_COL</B> = RGB(0,0,0)<BR><B>BORDER_WID</B> = 1<BR><B>FILL_STYLE</B> = No Fill<BR><B>LABEL_POS</B> = 1755760.000,5940600.000,1755760.000,5939880.000,1755280.000,5939880.000,1755280.000,5939160.000,1755760.000,5939160.000,1754800.000,5939160.000,1754320.000,5939160.000,1754320.000,5938440.000,1754800.000,5938440.000,1755280.000,5938440.000,1755760.000,5938440.000,1753840.000,5938440.000,1753360.000,5938440.000,1753360.000,5937720.000,1753840.000,5937720.000,1754320.000,5937720.000,1754800.000,5937720.000,1755280.000,5937720.000,1755760.000,5937720.000,1753360.000,5937000.000,1753840.000,5937000.000,1754320.000,5937000.000,1754800.000,5937000.000,1755280.000,5937000.000,1755760.000,5937000.000,1753360.000,5936280.000,1753840.000,5936280.000,1754320.000,5936280.000,1754800.000,5936280.000,1755280.000,5936280.000,1755760.000,5936280.000,1752880.000,5936280.000,1752400.000,5936280.000,1752400.000,5935560.000,1752880.000,5935560.000,1753360.000,5935560.000,1753840.000,5935560.000,1754320.000,5935560.000,1754800.000,5935560.000,1755280.000,5935560.000,1755760.000,5935560.000,1751920.000,5935560.000,1751440.000,5935560.000,1751440.000,5934840.000,1751920.000,5934840.000,1752400.000,5934840.000,1752880.000,5934840.000,1753360.000,5934840.000,1753840.000,5934840.000,1754320.000,5934840.000,1754800.000,5934840.000,1755280.000,5934840.000,1755760.000,5934840.000,1750960.000,5934840.000,1750480.000,5934840.000,1750000.000,5934840.000,1750480.000,5934120.000,1750960.000,5934120.000,1751440.000,5934120.000,1751920.000,5934120.000,1752400.000,5934120.000,1752880.000,5934120.000,1753360.000,5934120.000,1753840.000,5934120.000,1754320.000,5934120.000,1754800.000,5934120.000,1755280.000,5934120.000,1755760.000,5934120.000,1750480.000,5933400.000,1750960.000,5933400.000,1751440.000,5933400.000,1751920.000,5933400.000,1752400.000,5933400.000,1752880.000,5933400.000,1753360.000,5933400.000,1753840.000,5933400.000,1754320.000,5933400.000,1754800.000,5933400.000,1755280.000,5933400.000,1755760.000,5933400.000,1750480.000,5932680.000,1750960.000,5932680.000,1751440.000,5932680.000,1751920.000,5932680.000,1752400.000,5932680.000,1752880.000,5932680.000,1753360.000,5932680.000,1753840.000,5932680.000,1754320.000,5932680.000,1754800.000,5932680.000,1755280.000,5932680.000,1755760.000,5932680.000,1750000.000,5932680.000,1750000.000,5931960.000,1750480.000,5931960.000,1750960.000,5931960.000,1751440.000,5931960.000,1751920.000,5931960.000,1752400.000,5931960.000,1752880.000,5931960.000,1753360.000,5931960.000,1753840.000,5931960.000,1754320.000,5931960.000,1754800.000,5931960.000,1755280.000,5931960.000,1755760.000,5931960.000,1750000.000,5931240.000,1750480.000,5931240.000,1750960.000,5931240.000,1751440.000,5931240.000,1751920.000,5931240.000,1752400.000,5931240.000,1752880.000,5931240.000,1753360.000,5931240.000,1753840.000,5931240.000,1754320.000,5931240.000,1754800.000,5931240.000,1755280.000,5931240.000,1755760.000,5931240.000,1749520.000,5931240.000,1749520.000,5930520.000,1750000.000,5930520.000,1750480.000,5930520.000,1750960.000,5930520.000,1751440.000,5930520.000,1751920.000,5930520.000,1752400.000,5930520.000,1752880.000,5930520.000,1753360.000,5930520.000,1753840.000,5930520.000,1754320.000,5930520.000,1754800.000,5930520.000,1755280.000,5930520.000,1755760.000,5930520.000,1749520.000,5929800.000,1750000.000,5929800.000,1750480.000,5929800.000,1750960.000,5929800.000,1751440.000,5929800.000,1751920.000,5929800.000,1752400.000,5929800.000,1752880.000,5929800.000,1753360.000,5929800.000,1753840.000,5929800.000,1754320.000,5929800.000,1754800.000,5929800.000,1755280.000,5929800.000,1755760.000,5929800.000,1749040.000,5929800.000,1748560.000,5929800.000,1748560.000,5929080.000,1749040.000,5929080.000,1749520.000,5929080.000,1750000.000,5929080.000,1750480.000,5929080.000,1750960.000,5929080.000,1751440.000,5929080.000,1751920.000,5929080.000,1752400.000,5929080.000,1752880.000,5929080.000,1753360.000,5929080.000,1753840.000,5929080.000,1754320.000,5929080.000,1754800.000,5929080.000,1755280.000,5929080.000,1755760.000,5929080.000,1748560.000,5928360.000,1749040.000,5928360.000,1749520.000,5928360.000,1750000.000,5928360.000,1750480.000,5928360.000,1750960.000,5928360.000,1751440.000,5928360.000,1751920.000,5928360.000,1752400.000,5928360.000,1752880.000,5928360.000,1753360.000,5928360.000,1753840.000,5928360.000,1754320.000,5928360.000,1754800.000,5928360.000,1755280.000,5928360.000,1755760.000,5928360.000,1748560.000,5927640.000,1749040.000,5927640.000,1749520.000,5927640.000,1750000.000,5927640.000,1750480.000,5927640.000,1750960.000,5927640.000,1751440.000,5927640.000,1751920.000,5927640.000,1752400.000,5927640.000,1752880.000,5927640.000,1753360.000,5927640.000,1753840.000,5927640.000,1754320.000,5927640.000,1754800.000,5927640.000,1755280.000,5927640.000,1755760.000,5927640.000,1748080.000,5927640.000,1747600.000,5927640.000,1747600.000,5926920.000,1748080.000,5926920.000,1748560.000,5926920.000,1749040.000,5926920.000,1749520.000,5926920.000,1750000.000,5926920.000,1750480.000,5926920.000,1750960.000,5926920.000,1751440.000,5926920.000,1751920.000,5926920.000,1752400.000,5926920.000,1752880.000,5926920.000,1753360.000,5926920.000,1753840.000,5926920.000,1754320.000,5926920.000,1754800.000,5926920.000,1755280.000,5926920.000,1755760.000,5926920.000,1747120.000,5926920.000,1746640.000,5926920.000,1746160.000,5926920.000,1746160.000,5926200.000,1746640.000,5926200.000,1747120.000,5926200.000,1747600.000,5926200.000,1748080.000,5926200.000,1748560.000,5926200.000,1749040.000,5926200.000,1749520.000,5926200.000,1750000.000,5926200.000,1750480.000,5926200.000,1750960.000,5926200.000,1751440.000,5926200.000,1751920.000,5926200.000,1752400.000,5926200.000,1752880.000,5926200.000,1753360.000,5926200.000,1753840.000,5926200.000,1754320.000,5926200.000,1754800.000,5926200.000,1755280.000,5926200.000,1755760.000,5926200.000,1745680.000,5926200.000,1745200.000,5926200.000,1744720.000,5926200.000,1744720.000,5926920.000,1744240.000,5926920.000,1744240.000,5926200.000,1744240.000,5927640.000,1743760.000,5927640.000,1743760.000,5926920.000,1743760.000,5926200.000,1743280.000,5927640.000,1743280.000,5926920.000,1743280.000,5926200.000,1742800.000,5926200.000,1742800.000,5926920.000,1742800.000,5927640.000,1742320.000,5927640.000,1742320.000,5926920.000,1742320.000,5926200.000,1741840.000,5926200.000,1741840.000,5926920.000,1741840.000,5925480.000,1742320.000,5925480.000,1742800.000,5925480.000,1743280.000,5925480.000,1743760.000,5925480.000,1744240.000,5925480.000,1744720.000,5925480.000,1745200.000,5925480.000,1745680.000,5925480.000,1746160.000,5925480.000,1746640.000,5925480.000,1747120.000,5925480.000,1747600.000,5925480.000,1748080.000,5925480.000,1748560.000,5925480.000,1749040.000,5925480.000,1750480.000,5925480.000,1750960.000,5925480.000,1751440.000,5925480.000,1751920.000,5925480.000,1752400.000,5925480.000,1752880.000,5925480.000,1753360.000,5925480.000,1753840.000,5925480.000,1754320.000,5925480.000,1754800.000,5925480.000,1755280.000,5925480.000,1755760.000,5925480.000,1741840.000,5924760.000,1742320.000,5924760.000,1742800.000,5924760.000,1743280.000,5924760.000,1743760.000,5924760.000,1744240.000,5924760.000,1744720.000,5924760.000,1745200.000,5924760.000,1745680.000,5924760.000,1746160.000,5924760.000,1746640.000,5924760.000,1741360.000,5924760.000,1750480.000,5924760.000,1750960.000,5924760.000,1751440.000,5924760.000,1751920.000,5924760.000,1752400.000,5924760.000,1752880.000,5924760.000,1753360.000,5924760.000,1753840.000,5924760.000,1754320.000,5924760.000,1754800.000,5924760.000,1755280.000,5924760.000,1755760.000,5924760.000,1741360.000,5924040.000,1741840.000,5924040.000,1742320.000,5924040.000,1742800.000,5924040.000,1743280.000,5924040.000,1743760.000,5924040.000,1744240.000,5924040.000,1744720.000,5924040.000,1745200.000,5924040.000,1745680.000,5924040.000,1746160.000,5924040.000,1746640.000,5924040.000,1740880.000,5924040.000,1750960.000,5924040.000,1751440.000,5924040.000,1751920.000,5924040.000,1752400.000,5924040.000,1752880.000,5924040.000,1753360.000,5924040.000,1753840.000,5924040.000,1754320.000,5924040.000,1754800.000,5924040.000,1755280.000,5924040.000,1755760.000,5924040.000,1740880.000,5923320.000,1741360.000,5923320.000,1741840.000,5923320.000,1742320.000,5923320.000,1742800.000,5923320.000,1743280.000,5923320.000,1743760.000,5923320.000,1744240.000,5923320.000,1744720.000,5923320.000,1745200.000,5923320.000,1745680.000,5923320.000,1746160.000,5923320.000,1746640.000,5923320.000,1740400.000,5923320.000,1747120.000,5923320.000,1747600.000,5923320.000,1751440.000,5923320.000,1751920.000,5923320.000,1752400.000,5923320.000,1752880.000,5923320.000,1753360.000,5923320.000,1753840.000,5923320.000,1754320.000,5923320.000,1754800.000,5923320.000,1755280.000,5923320.000,1755760.000,5923320.000,1740400.000,5922600.000,1740880.000,5922600.000,1741360.000,5922600.000,1741840.000,5922600.000,1742320.000,5922600.000,1742800.000,5922600.000,1743280.000,5922600.000,1743760.000,5922600.000,1744240.000,5922600.000,1744720.000,5922600.000,1745200.000,5922600.000,1745680.000,5922600.000,1746160.000,5922600.000,1746640.000,5922600.000,1747120.000,5922600.000,1747600.000,5922600.000,1748080.000,5922600.000,1755760.000,5922600.000,1740880.000,5921880.000,1741360.000,5921880.000,1741840.000,5921880.000,1742320.000,5921880.000,1742800.000,5921880.000,1743280.000,5921880.000,1743760.000,5921880.000,1744240.000,5921880.000,1744720.000,5921880.000,1745200.000,5921880.000,1745680.000,5921880.000,1746160.000,5921880.000,1746640.000,5921880.000,1747120.000,5921880.000,1747600.000,5921880.000,1748080.000,5921880.000,1755760.000,5921880.000,1755280.000,5921880.000,1742320.000,5921160.000,1742800.000,5921160.000,1743280.000,5921160.000,1743760.000,5921160.000,1744240.000,5921160.000,1744720.000,5921160.000,1745200.000,5921160.000,1745680.000,5921160.000,1746160.000,5921160.000,1746640.000,5921160.000,1747120.000,5921160.000,1747600.000,5921160.000,1748080.000,5921160.000,1755280.000,5921160.000,1755760.000,5921160.000,1754800.000,5921160.000,1754320.000,5921160.000,1753840.000,5921160.000,1742320.000,5920440.000,1742800.000,5920440.000,1743280.000,5920440.000,1743760.000,5920440.000,1744240.000,5920440.000,1744720.000,5920440.000,1745200.000,5920440.000,1745680.000,5920440.000,1746160.000,5920440.000,1746640.000,5920440.000,1747120.000,5920440.000,1747600.000,5920440.000,1748080.000,5920440.000,1741840.000,5920440.000,1753840.000,5920440.000,1754320.000,5920440.000,1754800.000,5920440.000,1755280.000,5920440.000,1755760.000,5920440.000,1753360.000,5920440.000,1752880.000,5920440.000,1752400.000,5920440.000,1751920.000,5920440.000,1741840.000,5919720.000,1742320.000,5919720.000,1742800.000,5919720.000,1743280.000,5919720.000,1743760.000,5919720.000,1744240.000,5919720.000,1744720.000,5919720.000,1745200.000,5919720.000,1745680.000,5919720.000,1746160.000,5919720.000,1746640.000,5919720.000,1747120.000,5919720.000,1747600.000,5919720.000,1741360.000,5919720.000,1740880.000,5919720.000,1740400.000,5919720.000,1751920.000,5919720.000,1752400.000,5919720.000,1752880.000,5919720.000,1753360.000,5919720.000,1753840.000,5919720.000,1754320.000,5919720.000,1754800.000,5919720.000,1755280.000,5919720.000,1755760.000,5919720.000,1751440.000,5919720.000,1740400.000,5919000.000,1740880.000,5919000.000,1741360.000,5919000.000,1741840.000,5919000.000,1742320.000,5919000.000,1742800.000,5919000.000,1743280.000,5919000.000,1743760.000,5919000.000,1744240.000,5919000.000,1744720.000,5919000.000,1745200.000,5919000.000,1745680.000,5919000.000,1746160.000,5919000.000,1746640.000,5919000.000,1747120.000,5919000.000,1747600.000,5919000.000,1739920.000,5919000.000,1739440.000,5919000.000,1751440.000,5919000.000,1751920.000,5919000.000,1752400.000,5919000.000,1752880.000,5919000.000,1753360.000,5919000.000,1753840.000,5919000.000,1754320.000,5919000.000,1754800.000,5919000.000,1755280.000,5919000.000,1755760.000,5919000.000,1739920.000,5918280.000,1740400.000,5918280.000,1740880.000,5918280.000,1741360.000,5918280.000,1741840.000,5918280.000,1742320.000,5918280.000,1742800.000,5918280.000,1743280.000,5918280.000,1743760.000,5918280.000,1744240.000,5918280.000,1744720.000,5918280.000,1745200.000,5918280.000,1745680.000,5918280.000,1746160.000,5918280.000,1746640.000,5918280.000,1747120.000,5918280.000,1747600.000,5918280.000,1748080.000,5918280.000,1748560.000,5918280.000,1748560.000,5919000.000,1749040.000,5918280.000,1749520.000,5918280.000,1751440.000,5918280.000,1751920.000,5918280.000,1752400.000,5918280.000,1752880.000,5918280.000,1753360.000,5918280.000,1753840.000,5918280.000,1754320.000,5918280.000,1754800.000,5918280.000,1755280.000,5918280.000,1755760.000,5918280.000,1750960.000,5918280.000,1741840.000,5917560.000,1742320.000,5917560.000,1742800.000,5917560.000,1743280.000,5917560.000,1743760.000,5917560.000,1744240.000,5917560.000,1744720.000,5917560.000,1745200.000,5917560.000,1745680.000,5917560.000,1746160.000,5917560.000,1746640.000,5917560.000,1747120.000,5917560.000,1747600.000,5917560.000,1748080.000,5917560.000,1748560.000,5917560.000,1749040.000,5917560.000,1749520.000,5917560.000,1750960.000,5917560.000,1751440.000,5917560.000,1751920.000,5917560.000,1752400.000,5917560.000,1752880.000,5917560.000,1753360.000,5917560.000,1753840.000,5917560.000,1754320.000,5917560.000,1754800.000,5917560.000,1755280.000,5917560.000,1755760.000,5917560.000,1742320.000,5916840.000,1742800.000,5916840.000,1743280.000,5916840.000,1743760.000,5916840.000,1744240.000,5916840.000,1744720.000,5916840.000,1745200.000,5916840.000,1745680.000,5916840.000,1746160.000,5916840.000,1746640.000,5916840.000,1747120.000,5916840.000,1747600.000,5916840.000,1748080.000,5916840.000,1748560.000,5916840.000,1749040.000,5916840.000,1749520.000,5916840.000,1750000.000,5916840.000,1750480.000,5916840.000,1750960.000,5916840.000,1751440.000,5916840.000,1751920.000,5916840.000,1752400.000,5916840.000,1752880.000,5916840.000,1753360.000,5916840.000,1753840.000,5916840.000,1754320.000,5916840.000,1754800.000,5916840.000,1755280.000,5916840.000,1755760.000,5916840.000,1742800.000,5916120.000,1743280.000,5916120.000,1743760.000,5916120.000,1744240.000,5916120.000,1744720.000,5916120.000,1745200.000,5916120.000,1745680.000,5916120.000,1746160.000,5916120.000,1746640.000,5916120.000,1747120.000,5916120.000,1747600.000,5916120.000,1748080.000,5916120.000,1748560.000,5916120.000,1749040.000,5916120.000,1749520.000,5916120.000,1750000.000,5916120.000,1750480.000,5916120.000,1750960.000,5916120.000,1751440.000,5916120.000,1751920.000,5916120.000,1752400.000,5916120.000,1752880.000,5916120.000,1753360.000,5916120.000,1753840.000,5916120.000,1754320.000,5916120.000,1754800.000,5916120.000,1755280.000,5916120.000,1755760.000,5916120.000,1742800.000,5915400.000,1743280.000,5915400.000,1743760.000,5915400.000,1744240.000,5915400.000,1744720.000,5915400.000,1745200.000,5915400.000,1745680.000,5915400.000,1746160.000,5915400.000,1746640.000,5915400.000,1747120.000,5915400.000,1747600.000,5915400.000,1748080.000,5915400.000,1748560.000,5915400.000,1749040.000,5915400.000,1749520.000,5915400.000,1750000.000,5915400.000,1750480.000,5915400.000,1750960.000,5915400.000,1751440.000,5915400.000,1751920.000,5915400.000,1752400.000,5915400.000,1752880.000,5915400.000,1753360.000,5915400.000,1753840.000,5915400.000,1754320.000,5915400.000,1754800.000,5915400.000,1755280.000,5915400.000,1755760.000,5915400.000,1743760.000,5914680.000,1744240.000,5914680.000,1744720.000,5914680.000,1745200.000,5914680.000,1745680.000,5914680.000,1746160.000,5914680.000,1746640.000,5914680.000,1747120.000,5914680.000,1747600.000,5914680.000,1748080.000,5914680.000,1748560.000,5914680.000,1749040.000,5914680.000,1749520.000,5914680.000,1750000.000,5914680.000,1750480.000,5914680.000,1750960.000,5914680.000,1751440.000,5914680.000,1751920.000,5914680.000,1752400.000,5914680.000,1752880.000,5914680.000,1753360.000,5914680.000,1753840.000,5914680.000,1754320.000,5914680.000,1754800.000,5914680.000,1755280.000,5914680.000,1755760.000,5914680.000,1744240.000,5913960.000,1744720.000,5913960.000,1745200.000,5913960.000,1745680.000,5913960.000,1746160.000,5913960.000,1746640.000,5913960.000,1747120.000,5913960.000,1747600.000,5913960.000,1748080.000,5913960.000,1748560.000,5913960.000,1749040.000,5913960.000,1749520.000,5913960.000,1750000.000,5913960.000,1750480.000,5913960.000,1750960.000,5913960.000,1751440.000,5913960.000,1751920.000,5913960.000,1752400.000,5913960.000,1752880.000,5913960.000,1753360.000,5913960.000,1753840.000,5913960.000,1754320.000,5913960.000,1754800.000,5913960.000,1755280.000,5913960.000,1755760.000,5913960.000,1744240.000,5913240.000,1744720.000,5913240.000,1745200.000,5913240.000,1745680.000,5913240.000,1746160.000,5913240.000,1746640.000,5913240.000,1747120.000,5913240.000,1747600.000,5913240.000,1748080.000,5913240.000,1748560.000,5913240.000,1749040.000,5913240.000,1749520.000,5913240.000,1750000.000,5913240.000,1750480.000,5913240.000,1750960.000,5913240.000,1751440.000,5913240.000,1751920.000,5913240.000,1752400.000,5913240.000,1752880.000,5913240.000,1753360.000,5913240.000,1753840.000,5913240.000,1754320.000,5913240.000,1754800.000,5913240.000,1755280.000,5913240.000,1755760.000,5913240.000,1745200.000,5912520.000,1745680.000,5912520.000,1746160.000,5912520.000,1746640.000,5912520.000,1747120.000,5912520.000,1747600.000,5912520.000,1748080.000,5912520.000,1748560.000,5912520.000,1749040.000,5912520.000,1749520.000,5912520.000,1750000.000,5912520.000,1750480.000,5912520.000,1750960.000,5912520.000,1751440.000,5912520.000,1751920.000,5912520.000,1752400.000,5912520.000,1752880.000,5912520.000,1753360.000,5912520.000,1753840.000,5912520.000,1754320.000,5912520.000,1754800.000,5912520.000,1755280.000,5912520.000,1755760.000,5912520.000,1745680.000,5911800.000,1746160.000,5911800.000,1746640.000,5911800.000,1747120.000,5911800.000,1747600.000,5911800.000,1748080.000,5911800.000,1748560.000,5911800.000,1749040.000,5911800.000,1749520.000,5911800.000,1750000.000,5911800.000,1750480.000,5911800.000,1750960.000,5911800.000,1751440.000,5911800.000,1751920.000,5911800.000,1752400.000,5911800.000,1752880.000,5911800.000,1753360.000,5911800.000,1753840.000,5911800.000,1754320.000,5911800.000,1754800.000,5911800.000,1755280.000,5911800.000,1755760.000,5911800.000,1745680.000,5911080.000,1746160.000,5911080.000,1746640.000,5911080.000,1747120.000,5911080.000,1747600.000,5911080.000,1748080.000,5911080.000,1748560.000,5911080.000,1749040.000,5911080.000,1749520.000,5911080.000,1750000.000,5911080.000,1750480.000,5911080.000,1750960.000,5911080.000,1751440.000,5911080.000,1745200.000,5911080.000,1752400.000,5911080.000,1752880.000,5911080.000,1753360.000,5911080.000,1753840.000,5911080.000,1754320.000,5911080.000,1754800.000,5911080.000,1755280.000,5911080.000,1755760.000,5911080.000,1745200.000,5910360.000,1745680.000,5910360.000,1746160.000,5910360.000,1746640.000,5910360.000,1747120.000,5910360.000,1747600.000,5910360.000,1748080.000,5910360.000,1748560.000,5910360.000,1749040.000,5910360.000,1744720.000,5910360.000,1753360.000,5910360.000,1753840.000,5910360.000,1754320.000,5910360.000,1756240.000,5940600.000,1756240.000,5939880.000,1756240.000,5939160.000,1756240.000,5938440.000,1756240.000,5937720.000,1756240.000,5937000.000,1756240.000,5936280.000,1756240.000,5935560.000,1756240.000,5934840.000,1756240.000,5934120.000,1756240.000,5933400.000,1756240.000,5932680.000,1756240.000,5931960.000,1756240.000,5931240.000,1756240.000,5930520.000,1756240.000,5929800.000,1756240.000,5929080.000,1756240.000,5928360.000,1756240.000,5927640.000,1756240.000,5926920.000,1756240.000,5926200.000,1756240.000,5925480.000,1756240.000,5924760.000,1756240.000,5924040.000,1756240.000,5923320.000,1756240.000,5922600.000,1756240.000,5921880.000,1756240.000,5921160.000,1756240.000,5920440.000,1756240.000,5919720.000,1756240.000,5919000.000,1756240.000,5918280.000,1756240.000,5917560.000,1756240.000,5916840.000,1756240.000,5916120.000,1756240.000,5915400.000,1756240.000,5914680.000,1756240.000,5913960.000,1756240.000,5913240.000,1756240.000,5912520.000,1756240.000,5911800.000,1756240.000,5911080.000,1756720.000,5929080.000,1756720.000,5928360.000,1756720.000,5927640.000,1756720.000,5926920.000,1756720.000,5926200.000,1756720.000,5925480.000,1756720.000,5924760.000,1756720.000,5924040.000,1756720.000,5929800.000,1756720.000,5930520.000,1756720.000,5931240.000,1756720.000,5931960.000,1756720.000,5932680.000,1756720.000,5933400.000,1756720.000,5934120.000,1756720.000,5934840.000,1756720.000,5935560.000,1756720.000,5936280.000,1756720.000,5937000.000,1756720.000,5937720.000,1756720.000,5938440.000,1757200.000,5927640.000,1757200.000,5926920.000,1757200.000,5926200.000,1757200.000,5925480.000,1757200.000,5928360.000,1757200.000,5929080.000,1757200.000,5929800.000,1757200.000,5930520.000,1757200.000,5931240.000,1757200.000,5931960.000,1757200.000,5932680.000,1757680.000,5925480.000,1757680.000,5926200.000,1757680.000,5926920.000,1757680.000,5927640.000,1757680.000,5928360.000,1757680.000,5929080.000,1757680.000,5929800.000,1757680.000,5930520.000,1757680.000,5931240.000,1757680.000,5931960.000,1757200.000,5937000.000,1757200.000,5937720.000,1756720.000,5921880.000,1756720.000,5921160.000,1756720.000,5920440.000,1756720.000,5919720.000,1756720.000,5919000.000,1756720.000,5918280.000,1756720.000,5917560.000,1756720.000,5916840.000,1756720.000,5916120.000,1756720.000,5915400.000,1756720.000,5914680.000,1756720.000,5913960.000,1756720.000,5913240.000,1756720.000,5912520.000,1756720.000,5911800.000,1756720.000,5911080.000,1757200.000,5921160.000,1757200.000,5920440.000,1757200.000,5919720.000,1757200.000,5919000.000,1757200.000,5918280.000,1757200.000,5917560.000,1757200.000,5916840.000,1757200.000,5916120.000,1757200.000,5915400.000,1757200.000,5914680.000,1757200.000,5913960.000,1757200.000,5913240.000,1757200.000,5912520.000,1757200.000,5911800.000,1757680.000,5921160.000,1757680.000,5920440.000,1757680.000,5919720.000,1757680.000,5919000.000,1757680.000,5918280.000,1757680.000,5917560.000,1757680.000,5916840.000,1757680.000,5916120.000,1757680.000,5915400.000,1757680.000,5914680.000,1757680.000,5913960.000,1757680.000,5913240.000,1757680.000,5912520.000,1757680.000,5911800.000,1758160.000,5920440.000,1758160.000,5919720.000,1758160.000,5919000.000,1758160.000,5918280.000,1758160.000,5917560.000,1758160.000,5916840.000,1758160.000,5916120.000,1758160.000,5915400.000,1758160.000,5914680.000,1758160.000,5913960.000,1758160.000,5913240.000,1758160.000,5912520.000,1758160.000,5921160.000,1758160.000,5911800.000,1758640.000,5919720.000,1758640.000,5919000.000,1758640.000,5918280.000,1758640.000,5917560.000,1758640.000,5916840.000,1758640.000,5916120.000,1758640.000,5915400.000,1758640.000,5914680.000,1758640.000,5913960.000,1758640.000,5913240.000,1758640.000,5920440.000,1758640.000,5921160.000,1758640.000,5912520.000,1758640.000,5911800.000,1759120.000,5921160.000,1759120.000,5920440.000,1759120.000,5919720.000,1759120.000,5919000.000,1759120.000,5918280.000,1759120.000,5917560.000,1759120.000,5916840.000,1759120.000,5916120.000,1759120.000,5915400.000,1759120.000,5914680.000,1759120.000,5913960.000,1759120.000,5913240.000,1759120.000,5912520.000,1759120.000,5911800.000,1759600.000,5921160.000,1759600.000,5920440.000,1759600.000,5919720.000,1759600.000,5919000.000,1759600.000,5918280.000,1759600.000,5917560.000,1759600.000,5916840.000,1759600.000,5916120.000,1759600.000,5915400.000,1759600.000,5914680.000,1759600.000,5913960.000,1759600.000,5913240.000,1759600.000,5912520.000,1759600.000,5911800.000,1760080.000,5919000.000,1760080.000,5918280.000,1760080.000,5917560.000,1760080.000,5916840.000,1760080.000,5916120.000,1760080.000,5915400.000,1760080.000,5914680.000,1760080.000,5913960.000,1760080.000,5919720.000,1760080.000,5920440.000,1760080.000,5913240.000,1760080.000,5912520.000,1760080.000,5911800.000,1760560.000,5918280.000,1760560.000,5917560.000,1760560.000,5916840.000,1760560.000,5916120.000,1760560.000,5915400.000,1760560.000,5914680.000,1760560.000,5913960.000,1760560.000,5913240.000,1760560.000,5912520.000,1760560.000,5919000.000,1760560.000,5919720.000,1760560.000,5911800.000,1761040.000,5919000.000,1761040.000,5918280.000,1761040.000,5917560.000,1761040.000,5916840.000,1761040.000,5916120.000,1761040.000,5915400.000,1761040.000,5914680.000,1761040.000,5913960.000,1761040.000,5913240.000,1761040.000,5912520.000,1761040.000,5919720.000,1761040.000,5911800.000,1761520.000,5918280.000,1761520.000,5919000.000,1761520.000,5917560.000,1761520.000,5916840.000,1761520.000,5916120.000,1761520.000,5915400.000,1761520.000,5914680.000,1761520.000,5919720.000,1761520.000,5913960.000,1761520.000,5913240.000,1761520.000,5912520.000,1761520.000,5911800.000,1762000.000,5917560.000,1762000.000,5916840.000,1762000.000,5916120.000,1762000.000,5915400.000,1762000.000,5918280.000,1762000.000,5919000.000,1762000.000,5914680.000,1762000.000,5913960.000,1762000.000,5913240.000,1762000.000,5912520.000,1762000.000,5919720.000,1762000.000,5911800.000,1762000.000,5920440.000,1761520.000,5920440.000,1761040.000,5920440.000,1762480.000,5917560.000,1762480.000,5916840.000,1762480.000,5916120.000,1762480.000,5915400.000,1762480.000,5914680.000,1762480.000,5918280.000,1762480.000,5919000.000,1762480.000,5919720.000,1762480.000,5920440.000,1762480.000,5913960.000,1762480.000,5913240.000,1762480.000,5912520.000,1762480.000,5911800.000,1758160.000,5928360.000,1758160.000,5929080.000,1758160.000,5927640.000,1758160.000,5926920.000,1758160.000,5926200.000,1758160.000,5925480.000,1759120.000,5921880.000,1758640.000,5926200.000,1758640.000,5926920.000,1758640.000,5925480.000,1758640.000,5927640.000,1758640.000,5928360.000,1758640.000,5929080.000,1762960.000,5916840.000,1762960.000,5916120.000,1762960.000,5915400.000,1762960.000,5914680.000,1762960.000,5913960.000,1762960.000,5917560.000,1762960.000,5918280.000,1762960.000,5919000.000,1762960.000,5919720.000,1762960.000,5920440.000,1762960.000,5913240.000,1762960.000,5912520.000,1762960.000,5911800.000,1763440.000,5916840.000,1763440.000,5916120.000,1763440.000,5915400.000,1763440.000,5914680.000,1763440.000,5913960.000,1763440.000,5913240.000,1763440.000,5917560.000,1763440.000,5918280.000,1763440.000,5919000.000,1763440.000,5919720.000,1763440.000,5920440.000,1763440.000,5912520.000,1763440.000,5911800.000,1758160.000,5924760.000,1758640.000,5924760.000,1758160.000,5924040.000,1758640.000,5924040.000,1758640.000,5923320.000,1758160.000,5923320.000,1758640.000,5922600.000,1759120.000,5922600.000,1759120.000,5923320.000,1759120.000,5924040.000,1759120.000,5924760.000,1759120.000,5925480.000,1759120.000,5926200.000,1759120.000,5926920.000,1763920.000,5916120.000,1763920.000,5915400.000,1763920.000,5916840.000,1763920.000,5914680.000,1763920.000,5913960.000,1763920.000,5913240.000,1763920.000,5912520.000,1763920.000,5917560.000,1763920.000,5918280.000,1763920.000,5919000.000,1763920.000,5919720.000,1763920.000,5920440.000,1763920.000,5911800.000,1759600.000,5925480.000,1759600.000,5924760.000,1759600.000,5924040.000,1759600.000,5926200.000,1759600.000,5923320.000,1759600.000,5922600.000,1764400.000,5919720.000,1764400.000,5920440.000,1764400.000,5919000.000,1764400.000,5918280.000,1764400.000,5917560.000,1764400.000,5916840.000,1764400.000,5916120.000,1764400.000,5915400.000,1764400.000,5914680.000,1764400.000,5913960.000,1764400.000,5913240.000,1764400.000,5912520.000,1764400.000,5911800.000,1760080.000,5924760.000,1760080.000,5925480.000,1760080.000,5924040.000,1760080.000,5923320.000,1760080.000,5922600.000,1760080.000,5921880.000,1764880.000,5916120.000,1764880.000,5915400.000,1764880.000,5914680.000,1764880.000,5913960.000,1764880.000,5916840.000,1764880.000,5913240.000,1764880.000,5917560.000,1764880.000,5918280.000,1764880.000,5919000.000,1764880.000,5912520.000,1764880.000,5911800.000,1764880.000,5919720.000,1764880.000,5920440.000,1758160.000,5930520.000,1765360.000,5916120.000,1765360.000,5915400.000,1765360.000,5914680.000,1765360.000,5913960.000,1765360.000,5913240.000,1765360.000,5916840.000,1765360.000,5912520.000,1765360.000,5911800.000,1765360.000,5917560.000,1765360.000,5918280.000,1765360.000,5919000.000,1765360.000,5919720.000,1765360.000,5920440.000,1765840.000,5919720.000,1765840.000,5920440.000,1765840.000,5919000.000,1765840.000,5918280.000,1765840.000,5917560.000,1765840.000,5916840.000,1765840.000,5916120.000,1765840.000,5915400.000,1765840.000,5914680.000,1765840.000,5913960.000,1765840.000,5913240.000,1765840.000,5912520.000,1765840.000,5911800.000,1760560.000,5923320.000,1760560.000,5922600.000,1760560.000,5921880.000,1760560.000,5924040.000,1760560.000,5924760.000,1766320.000,5914680.000,1766320.000,5913960.000,1766320.000,5913240.000,1766320.000,5915400.000,1766320.000,5916120.000,1766320.000,5916840.000,1766320.000,5917560.000,1766320.000,5918280.000,1766320.000,5912520.000,1766320.000,5919000.000,1766320.000,5919720.000,1766320.000,5920440.000,1766320.000,5911800.000,1766800.000,5916840.000,1766800.000,5917560.000,1766800.000,5918280.000,1766800.000,5919000.000,1766800.000,5919720.000,1766800.000,5916120.000,1766800.000,5920440.000,1767280.000,5919000.000,1767280.000,5919720.000,1767280.000,5920440.000,1767280.000,5918280.000,1767280.000,5917560.000,1767280.000,5916840.000,1761040.000,5922600.000,1761040.000,5923320.000,1761040.000,5924040.000,1762960.000,5921160.000,1762480.000,5921160.000,1766320.000,5921160.000,1761520.000,5923320.000,1761520.000,5922600.000,1766800.000,5913960.000,1766800.000,5913240.000,1766800.000,5912520.000,1766800.000,5911800.000,1767280.000,5913960.000,1767280.000,5913240.000,1767280.000,5912520.000,1767280.000,5911800.000,1767760.000,5917560.000,1767760.000,5918280.000,1767760.000,5919000.000,1767760.000,5919720.000,1768240.000,5917560.000,1768240.000,5918280.000,1768720.000,5917560.000,1767280.000,5914680.000,1767280.000,5915400.000,1767760.000,5913240.000,1767760.000,5912520.000,1767760.000,5913960.000,1767760.000,5914680.000,1767760.000,5911800.000,1767760.000,5915400.000,1768240.000,5915400.000,1768240.000,5914680.000,1768240.000,5913960.000,1768240.000,5913240.000,1768240.000,5912520.000,1768240.000,5911800.000,1768720.000,5913960.000,1768720.000,5913240.000,1768720.000,5914680.000,1768720.000,5915400.000,1768720.000,5912520.000,1768720.000,5911800.000,1769200.000,5913960.000,1769200.000,5914680.000,1769200.000,5913240.000,1769200.000,5912520.000,1769200.000,5915400.000,1769200.000,5911800.000,1769680.000,5913240.000,1769680.000,5912520.000,1769680.000,5913960.000,1769680.000,5914680.000,1769680.000,5915400.000,1769680.000,5911800.000,1770160.000,5913240.000,1770160.000,5913960.000,1770160.000,5914680.000,1770160.000,5915400.000,1770160.000,5912520.000,1770160.000,5911800.000,1769200.000,5916120.000,1768720.000,5916840.000,1769680.000,5916120.000,1770160.000,5916120.000,1769200.000,5916840.000,1769680.000,5916840.000,1770160.000,5916840.000,1770640.000,5916840.000,1770640.000,5916120.000,1770640.000,5915400.000,1770640.000,5914680.000,1770640.000,5913960.000,1770640.000,5913240.000,1770640.000,5912520.000,1770640.000,5911800.000,1771120.000,5916120.000,1771120.000,5916840.000,1771120.000,5915400.000,1771120.000,5914680.000,1771120.000,5913960.000,1771120.000,5913240.000,1771120.000,5912520.000,1771120.000,5911800.000,1771600.000,5915400.000,1771600.000,5914680.000,1771600.000,5913960.000,1771600.000,5916120.000,1771600.000,5916840.000,1771600.000,5913240.000,1771600.000,5912520.000,1771600.000,5911800.000,1772080.000,5915400.000,1772080.000,5916120.000,1772080.000,5916840.000,1772080.000,5914680.000,1772080.000,5913960.000,1772080.000,5913240.000,1772080.000,5912520.000,1772080.000,5911800.000,1772560.000,5912520.000,1772560.000,5913240.000,1772560.000,5913960.000,1772560.000,5914680.000,1772560.000,5915400.000,1772560.000,5916120.000,1772560.000,5911800.000,1770640.000,5917560.000,1770160.000,5917560.000,1769680.000,5917560.000,1770160.000,5918280.000,1769680.000,5918280.000,1769200.000,5918280.000,1773040.000,5913240.000,1773040.000,5912520.000,1773040.000,5913960.000,1773040.000,5914680.000,1773040.000,5915400.000,1773040.000,5916120.000,1773520.000,5913240.000,1773520.000,5912520.000,1773520.000,5913960.000,1773520.000,5914680.000,1773520.000,5915400.000,1769680.000,5919000.000,1770160.000,5919000.000,1769200.000,5919000.000,1774000.000,5913960.000,1774000.000,5914680.000,1774000.000,5913240.000,1774000.000,5915400.000,1769680.000,5919720.000,1769200.000,5919720.000,1770160.000,5919720.000,1769200.000,5920440.000,1769680.000,5920440.000,1758640.000,5911080.000,1759120.000,5911080.000,1759600.000,5911080.000,1760080.000,5911080.000,1760560.000,5911080.000,1761040.000,5911080.000,1761520.000,5911080.000,1762000.000,5911080.000,1762480.000,5911080.000,1762960.000,5911080.000,1763440.000,5911080.000,1763920.000,5911080.000,1764400.000,5911080.000,1764880.000,5911080.000,1765360.000,5911080.000,1765840.000,5911080.000,1766320.000,5911080.000,1766800.000,5911080.000,1767280.000,5911080.000,1767760.000,5911080.000,1768240.000,5911080.000,1768720.000,5911080.000,1769200.000,5911080.000,1769680.000,5911080.000,1770160.000,5911080.000,1770640.000,5911080.000,1771120.000,5911080.000,1771600.000,5911080.000,1758640.000,5910360.000,1759120.000,5910360.000,1759600.000,5910360.000,1760080.000,5910360.000,1758160.000,5910360.000,1757680.000,5910360.000,1757200.000,5910360.000,1762960.000,5910360.000,1763440.000,5910360.000,1763920.000,5910360.000,1764400.000,5910360.000,1764880.000,5910360.000,1765360.000,5910360.000,1765840.000,5910360.000,1766320.000,5910360.000,1766800.000,5910360.000,1767280.000,5910360.000,1767760.000,5910360.000,1768240.000,5910360.000,1768720.000,5910360.000,1769200.000,5910360.000,1769680.000,5910360.000,1770160.000,5910360.000,1770640.000,5910360.000,1771120.000,5910360.000,1771600.000,5910360.000,1744720.000,5909640.000,1745200.000,5909640.000,1745680.000,5909640.000,1746160.000,5909640.000,1746640.000,5909640.000,1747120.000,5909640.000,1747600.000,5909640.000,1748080.000,5909640.000,1748560.000,5909640.000,1744240.000,5909640.000,1744240.000,5908920.000,1744720.000,5908920.000,1745200.000,5908920.000,1745680.000,5908920.000,1746160.000,5908920.000,1746640.000,5908920.000,1747120.000,5908920.000,1747600.000,5908920.000,1748080.000,5908920.000,1744240.000,5908200.000,1744720.000,5908200.000,1745200.000,5908200.000,1745680.000,5908200.000,1746160.000,5908200.000,1746640.000,5908200.000,1747120.000,5908200.000,1744720.000,5907480.000,1745200.000,5907480.000,1745680.000,5907480.000,1746160.000,5907480.000,1746640.000,5907480.000,1747120.000,5907480.000,1745200.000,5906760.000,1745680.000,5906760.000,1746160.000,5906760.000,1745200.000,5906040.000,1757200.000,5909640.000,1757680.000,5909640.000,1758160.000,5909640.000,1758640.000,5909640.000,1759120.000,5909640.000,1759600.000,5909640.000,1760080.000,5909640.000,1756720.000,5909640.000,1760560.000,5909640.000,1761040.000,5909640.000,1761520.000,5909640.000,1762000.000,5909640.000,1762480.000,5909640.000,1762960.000,5909640.000,1763440.000,5909640.000,1763920.000,5909640.000,1764400.000,5909640.000,1764880.000,5909640.000,1765360.000,5909640.000,1765840.000,5909640.000,1766320.000,5909640.000,1766800.000,5909640.000,1767280.000,5909640.000,1767760.000,5909640.000,1768240.000,5909640.000,1768720.000,5909640.000,1769200.000,5909640.000,1769680.000,5909640.000,1770160.000,5909640.000,1770640.000,5909640.000,1771120.000,5909640.000,1771600.000,5909640.000,1757680.000,5908920.000,1758160.000,5908920.000,1758640.000,5908920.000,1759120.000,5908920.000,1759600.000,5908920.000,1760080.000,5908920.000,1760560.000,5908920.000,1761040.000,5908920.000,1761520.000,5908920.000,1762000.000,5908920.000,1762480.000,5908920.000,1762960.000,5908920.000,1763440.000,5908920.000,1763920.000,5908920.000,1764400.000,5908920.000,1764880.000,5908920.000,1765360.000,5908920.000,1765840.000,5908920.000,1766320.000,5908920.000,1766800.000,5908920.000,1767280.000,5908920.000,1767760.000,5908920.000,1768240.000,5908920.000,1768720.000,5908920.000,1769200.000,5908920.000,1769680.000,5908920.000,1770160.000,5908920.000,1770640.000,5908920.000,1771120.000,5908920.000,1771600.000,5908920.000,1772080.000,5908920.000,1758160.000,5908200.000,1758640.000,5908200.000,1759120.000,5908200.000,1759600.000,5908200.000,1760080.000,5908200.000,1760560.000,5908200.000,1761040.000,5908200.000,1761520.000,5908200.000,1762000.000,5908200.000,1762480.000,5908200.000,1762960.000,5908200.000,1763440.000,5908200.000,1763920.000,5908200.000,1764400.000,5908200.000,1764880.000,5908200.000,1765360.000,5908200.000,1765840.000,5908200.000,1766320.000,5908200.000,1766800.000,5908200.000,1767280.000,5908200.000,1767760.000,5908200.000,1768240.000,5908200.000,1768720.000,5908200.000,1769200.000,5908200.000,1769680.000,5908200.000,1770160.000,5908200.000,1770640.000,5908200.000,1771120.000,5908200.000,1771600.000,5908200.000,1772080.000,5908200.000,1772560.000,5908200.000,1758160.000,5907480.000,1758640.000,5907480.000,1759120.000,5907480.000,1759600.000,5907480.000,1760080.000,5907480.000,1760560.000,5907480.000,1761040.000,5907480.000,1761520.000,5907480.000,1762000.000,5907480.000,1762480.000,5907480.000,1762960.000,5907480.000,1763440.000,5907480.000,1763920.000,5907480.000,1764400.000,5907480.000,1764880.000,5907480.000,1765360.000,5907480.000,1765840.000,5907480.000,1766320.000,5907480.000,1766800.000,5907480.000,1767280.000,5907480.000,1767760.000,5907480.000,1768240.000,5907480.000,1768720.000,5907480.000,1769200.000,5907480.000,1769680.000,5907480.000,1770160.000,5907480.000,1770640.000,5907480.000,1771120.000,5907480.000,1771600.000,5907480.000,1772080.000,5907480.000,1772560.000,5907480.000,1757680.000,5907480.000,1773040.000,5907480.000,1757680.000,5906760.000,1758160.000,5906760.000,1758640.000,5906760.000,1759120.000,5906760.000,1759600.000,5906760.000,1760080.000,5906760.000,1760560.000,5906760.000,1761040.000,5906760.000,1761520.000,5906760.000,1762000.000,5906760.000,1762480.000,5906760.000,1762960.000,5906760.000,1763440.000,5906760.000,1763920.000,5906760.000,1764400.000,5906760.000,1764880.000,5906760.000,1765360.000,5906760.000,1765840.000,5906760.000,1766320.000,5906760.000,1766800.000,5906760.000,1767280.000,5906760.000,1767760.000,5906760.000,1768240.000,5906760.000,1768720.000,5906760.000,1769200.000,5906760.000,1769680.000,5906760.000,1770160.000,5906760.000,1770640.000,5906760.000,1771120.000,5906760.000,1771600.000,5906760.000,1772080.000,5906760.000,1772560.000,5906760.000,1757200.000,5906760.000,1757200.000,5906040.000,1757680.000,5906040.000,1758160.000,5906040.000,1758640.000,5906040.000,1759120.000,5906040.000,1759600.000,5906040.000,1760080.000,5906040.000,1760560.000,5906040.000,1761040.000,5906040.000,1761520.000,5906040.000,1762000.000,5906040.000,1762480.000,5906040.000,1762960.000,5906040.000,1763440.000,5906040.000,1763920.000,5906040.000,1764400.000,5906040.000,1764880.000,5906040.000,1765360.000,5906040.000,1765840.000,5906040.000,1766320.000,5906040.000,1766800.000,5906040.000,1767280.000,5906040.000,1767760.000,5906040.000,1768240.000,5906040.000,1768720.000,5906040.000,1769200.000,5906040.000,1769680.000,5906040.000,1770160.000,5906040.000,1770640.000,5906040.000,1771120.000,5906040.000,1771600.000,5906040.000,1772080.000,5906040.000,1772560.000,5906040.000,1756720.000,5906040.000,1756720.000,5905320.000,1757200.000,5905320.000,1757680.000,5905320.000,1758160.000,5905320.000,1758640.000,5905320.000,1759120.000,5905320.000,1759600.000,5905320.000,1760080.000,5905320.000,1760560.000,5905320.000,1756240.000,5905320.000,1761520.000,5905320.000,1762000.000,5905320.000,1762480.000,5905320.000,1762960.000,5905320.000,1763440.000,5905320.000,1763920.000,5905320.000,1764400.000,5905320.000,1764880.000,5905320.000,1765360.000,5905320.000,1765840.000,5905320.000,1766320.000,5905320.000,1766800.000,5905320.000,1767280.000,5905320.000,1767760.000,5905320.000,1768240.000,5905320.000,1768720.000,5905320.000,1769200.000,5905320.000,1769680.000,5905320.000,1770160.000,5905320.000,1770640.000,5905320.000,1771120.000,5905320.000,1771600.000,5905320.000,1772080.000,5905320.000,1772560.000,5905320.000,1773040.000,5905320.000,1756240.000,5904600.000,1756720.000,5904600.000,1757200.000,5904600.000,1757680.000,5904600.000,1758160.000,5904600.000,1758640.000,5904600.000,1759120.000,5904600.000,1759600.000,5904600.000,1760080.000,5904600.000,1760560.000,5904600.000,1755760.000,5904600.000,1755760.000,5903880.000,1756240.000,5903880.000,1756720.000,5903880.000,1757200.000,5903880.000,1757680.000,5903880.000,1758160.000,5903880.000,1758640.000,5903880.000,1759120.000,5903880.000,1759600.000,5903880.000,1760080.000,5903880.000,1760560.000,5903880.000,1763920.000,5904600.000,1764400.000,5904600.000,1764880.000,5904600.000,1765360.000,5904600.000,1765840.000,5904600.000,1766320.000,5904600.000,1766800.000,5904600.000,1767280.000,5904600.000,1767760.000,5904600.000,1768240.000,5904600.000,1768720.000,5904600.000,1769200.000,5904600.000,1769680.000,5904600.000,1770160.000,5904600.000,1770640.000,5904600.000,1771120.000,5904600.000,1771600.000,5904600.000,1772080.000,5904600.000,1772560.000,5904600.000,1773040.000,5904600.000,1763440.000,5904600.000,1762960.000,5904600.000,1762480.000,5904600.000,1762000.000,5904600.000,1761520.000,5904600.000,1761040.000,5903880.000,1761520.000,5903880.000,1762000.000,5903880.000,1762480.000,5903880.000,1762960.000,5903880.000,1763440.000,5903880.000,1763920.000,5903880.000,1764400.000,5903880.000,1764880.000,5903880.000,1765360.000,5903880.000,1765840.000,5903880.000,1766320.000,5903880.000,1766800.000,5903880.000,1767280.000,5903880.000,1767760.000,5903880.000,1768240.000,5903880.000,1768720.000,5903880.000,1769200.000,5903880.000,1769680.000,5903880.000,1771600.000,5903880.000,1772080.000,5903880.000,1756240.000,5903160.000,1756720.000,5903160.000,1757200.000,5903160.000,1757680.000,5903160.000,1758160.000,5903160.000,1758640.000,5903160.000,1759120.000,5903160.000,1759600.000,5903160.000,1760080.000,5903160.000,1760560.000,5903160.000,1761040.000,5903160.000,1761520.000,5903160.000,1762000.000,5903160.000,1762480.000,5903160.000,1762960.000,5903160.000,1763440.000,5903160.000,1763920.000,5903160.000,1764400.000,5903160.000,1764880.000,5903160.000,1765360.000,5903160.000,1765840.000,5903160.000,1766320.000,5903160.000,1766800.000,5903160.000,1767280.000,5903160.000,1767760.000,5903160.000,1768240.000,5903160.000,1768720.000,5903160.000,1769200.000,5903160.000,1769680.000,5903160.000,1770160.000,5903160.000,1770640.000,5903160.000,1771120.000,5903160.000,1771600.000,5903160.000,1757200.000,5902440.000,1757680.000,5902440.000,1758160.000,5902440.000,1758640.000,5902440.000,1759120.000,5902440.000,1759600.000,5902440.000,1760080.000,5902440.000,1760560.000,5902440.000,1761040.000,5902440.000,1761520.000,5902440.000,1762000.000,5902440.000,1762480.000,5902440.000,1762960.000,5902440.000,1763440.000,5902440.000,1763920.000,5902440.000,1764400.000,5902440.000,1764880.000,5902440.000,1765360.000,5902440.000,1765840.000,5902440.000,1766320.000,5902440.000,1766800.000,5902440.000,1767280.000,5902440.000,1767760.000,5902440.000,1768240.000,5902440.000,1768720.000,5902440.000,1769200.000,5902440.000,1769680.000,5902440.000,1770160.000,5902440.000,1770640.000,5902440.000,1771120.000,5902440.000,1757200.000,5901720.000,1757680.000,5901720.000,1758160.000,5901720.000,1758640.000,5901720.000,1759120.000,5901720.000,1760080.000,5901720.000,1760560.000,5901720.000,1761040.000,5901720.000,1761520.000,5901720.000,1762480.000,5901720.000,1762960.000,5901720.000,1763440.000,5901720.000,1763920.000,5901720.000,1764400.000,5901720.000,1764880.000,5901720.000,1765360.000,5901720.000,1765840.000,5901720.000,1766320.000,5901720.000,1766800.000,5901720.000,1767280.000,5901720.000,1767760.000,5901720.000,1768240.000,5901720.000,1768720.000,5901720.000,1769200.000,5901720.000,1769680.000,5901720.000,1770160.000,5901720.000,1770640.000,5901720.000,1771120.000,5901720.000,1763440.000,5901000.000,1763920.000,5901000.000,1764400.000,5901000.000,1764880.000,5901000.000,1765360.000,5901000.000,1765840.000,5901000.000,1766320.000,5901000.000,1766800.000,5901000.000,1767280.000,5901000.000,1767760.000,5901000.000,1768240.000,5901000.000,1768720.000,5901000.000,1769200.000,5901000.000,1769680.000,5901000.000,1770160.000,5901000.000,1770640.000,5901000.000,1771120.000,5901000.000,1763920.000,5900280.000,1764400.000,5900280.000,1764880.000,5900280.000,1765360.000,5900280.000,1765840.000,5900280.000,1766320.000,5900280.000,1766800.000,5900280.000,1767280.000,5900280.000,1767760.000,5900280.000,1768240.000,5900280.000,1768720.000,5900280.000,1769200.000,5900280.000,1769680.000,5900280.000,1770160.000,5900280.000,1770640.000,5900280.000,1771120.000,5900280.000,1771600.000,5900280.000,1764880.000,5899560.000,1765360.000,5899560.000,1765840.000,5899560.000,1766320.000,5899560.000,1766800.000,5899560.000,1767280.000,5899560.000,1767760.000,5899560.000,1768240.000,5899560.000,1768720.000,5899560.000,1769200.000,5899560.000,1769680.000,5899560.000,1770160.000,5899560.000,1770640.000,5899560.000,1771120.000,5899560.000,1771600.000,5899560.000,1772080.000,5899560.000,1772560.000,5899560.000,1773040.000,5899560.000,1764880.000,5898840.000,1765360.000,5898840.000,1765840.000,5898840.000,1766320.000,5898840.000,1766800.000,5898840.000,1767280.000,5898840.000,1767760.000,5898840.000,1768240.000,5898840.000,1768720.000,5898840.000,1769200.000,5898840.000,1769680.000,5898840.000,1770160.000,5898840.000,1770640.000,5898840.000,1771120.000,5898840.000,1771600.000,5898840.000,1772080.000,5898840.000,1772560.000,5898840.000,1773040.000,5898840.000,1773520.000,5898840.000,1764880.000,5898120.000,1765360.000,5898120.000,1765840.000,5898120.000,1766320.000,5898120.000,1766800.000,5898120.000,1767280.000,5898120.000,1767760.000,5898120.000,1768240.000,5898120.000,1768720.000,5898120.000,1769200.000,5898120.000,1769680.000,5898120.000,1770160.000,5898120.000,1770640.000,5898120.000,1771120.000,5898120.000,1771600.000,5898120.000,1772080.000,5898120.000,1772560.000,5898120.000,1773040.000,5898120.000,1773520.000,5898120.000,1774000.000,5898120.000,1774480.000,5898120.000,1774960.000,5898120.000,1775440.000,5898120.000,1765360.000,5897400.000,1765840.000,5897400.000,1766320.000,5897400.000,1766800.000,5897400.000,1767280.000,5897400.000,1767760.000,5897400.000,1768240.000,5897400.000,1769200.000,5897400.000,1769680.000,5897400.000,1770160.000,5897400.000,1770640.000,5897400.000,1771120.000,5897400.000,1771600.000,5897400.000,1772080.000,5897400.000,1772560.000,5897400.000,1773040.000,5897400.000,1773520.000,5897400.000,1774000.000,5897400.000,1774480.000,5897400.000,1774960.000,5897400.000,1775440.000,5897400.000,1767760.000,5896680.000,1769200.000,5896680.000,1769680.000,5896680.000,1770160.000,5896680.000,1770640.000,5896680.000,1771120.000,5896680.000,1771600.000,5896680.000,1772080.000,5896680.000,1772560.000,5896680.000,1773040.000,5896680.000,1773520.000,5896680.000,1774000.000,5896680.000,1774480.000,5896680.000,1774960.000,5896680.000,1775440.000,5896680.000,1775920.000,5896680.000,1770160.000,5895960.000,1770640.000,5895960.000,1771120.000,5895960.000,1771600.000,5895960.000,1772080.000,5895960.000,1772560.000,5895960.000,1773040.000,5895960.000,1773520.000,5895960.000,1774000.000,5895960.000,1774480.000,5895960.000,1774960.000,5895960.000,1775440.000,5895960.000,1775920.000,5895960.000,1769680.000,5895960.000,1769200.000,5895960.000,1770160.000,5895240.000,1770640.000,5895240.000,1771120.000,5895240.000,1771600.000,5895240.000,1772080.000,5895240.000,1772560.000,5895240.000,1773040.000,5895240.000,1773520.000,5895240.000,1774000.000,5895240.000,1774480.000,5895240.000,1774960.000,5895240.000,1775440.000,5895240.000,1775920.000,5895240.000,1769680.000,5895240.000,1769200.000,5895240.000,1776400.000,5895240.000,1770160.000,5894520.000,1770640.000,5894520.000,1771120.000,5894520.000,1771600.000,5894520.000,1772080.000,5894520.000,1772560.000,5894520.000,1773040.000,5894520.000,1773520.000,5894520.000,1774000.000,5894520.000,1774480.000,5894520.000,1774960.000,5894520.000,1775440.000,5894520.000,1775920.000,5894520.000,1769680.000,5894520.000,1769200.000,5894520.000,1770640.000,5893800.000,1771120.000,5893800.000,1771600.000,5893800.000,1772080.000,5893800.000,1772560.000,5893800.000,1773040.000,5893800.000,1770160.000,5893800.000,1769680.000,5893800.000,1769200.000,5893800.000,1772560.000,5893080.000,1773040.000,5893080.000,1772080.000,5893080.000,1771600.000,5893080.000,1771120.000,5893080.000,1771600.000,5892360.000,1772080.000,5892360.000,1772560.000,5892360.000,1773040.000,5892360.000,1771120.000,5892360.000,1771120.000,5891640.000,1771600.000,5891640.000,1772080.000,5891640.000,1772560.000,5891640.000,1773040.000,5891640.000,1770640.000,5891640.000,1770640.000,5892360.000,1773520.000,5891640.000,1773520.000,5892360.000,1773520.000,5893080.000,1770640.000,5890920.000,1771120.000,5890920.000,1771600.000,5890920.000,1772080.000,5890920.000,1772560.000,5890920.000,1773040.000,5890920.000,1773520.000,5890920.000,1774000.000,5890920.000,1774000.000,5891640.000,1774000.000,5892360.000,1774480.000,5890920.000,1774480.000,5891640.000,1774480.000,5892360.000,1770640.000,5890200.000,1771120.000,5890200.000,1771600.000,5890200.000,1772080.000,5890200.000,1772560.000,5890200.000,1773040.000,5890200.000,1773520.000,5890200.000,1774000.000,5890200.000,1774480.000,5890200.000,1774960.000,5890200.000,1774960.000,5890920.000,1774960.000,5891640.000,1770640.000,5889480.000,1771120.000,5889480.000,1771600.000,5889480.000,1772080.000,5889480.000,1772560.000,5889480.000,1773040.000,5889480.000,1773520.000,5889480.000,1774000.000,5889480.000,1774480.000,5889480.000,1774960.000,5889480.000,1775440.000,5889480.000,1775440.000,5890200.000,1775440.000,5890920.000,1770640.000,5888760.000,1771120.000,5888760.000,1771600.000,5888760.000,1772080.000,5888760.000,1772560.000,5888760.000,1773040.000,5888760.000,1773520.000,5888760.000,1774000.000,5888760.000,1774480.000,5888760.000,1774960.000,5888760.000,1775440.000,5888760.000,1775920.000,5888760.000,1775920.000,5889480.000,1775920.000,5890200.000,1775920.000,5890920.000,1774480.000,5888040.000,1774960.000,5888040.000,1775440.000,5888040.000,1775920.000,5888040.000,1774960.000,5887320.000,1768720.000,5894520.000,1768720.000,5893800.000,1776400.000,5888760.000,1771600.000,5888040.000,1771120.000,5888040.000,1757680.000,5924040.000,1768240.000,5916120.000,1768720.000,5916120.000,1757680.000,5923320.000,1758160.000,5922600.000<BR><B>FONT_SIZE</B> = 10<BR><B>FONT_COLOR</B> = RGB(0,0,0)<BR><B>FONT_CHARS</B> = 1<BR><B>FONT_WEIGH</B> = 400<BR><B>PERIMETER</B> = 253.46 km<BR><B>ENCLOSED_AREA</B> = 771.38 sq km]]></description>
      <name>BA31_0850,BA31_0950,BA31_0949,BA31_1049,BA31_1050,BA31_1048,BA31_1047,BA31_1147,BA31_1148,BA31_1149,BA31_1150,BA31_1146,BA31_1145,BA31_1245,BA31_1246,BA31_1247,BA31_1248,BA31_1249,BA31_1250,BA31_1345,BA31_1346,BA31_1347,BA31_1348,BA31_1349,BA31_1350,BA31_1445,BA31_1446,BA31_1447,BA31_1448,BA31_1449,BA31_1450,BA31_1444,BA31_1443,BA31_1543,BA31_1544,BA31_1545,BA31_1546,BA31_1547,BA31_1548,BA31_1549,BA31_1550,BA31_1542,BA31_1541,BA31_1641,BA31_1642,BA31_1643,BA31_1644,BA31_1645,BA31_1646,BA31_1647,BA31_1648,BA31_1649,BA31_1650,BA31_1640,BA31_1639,BA31_1638,BA31_1739,BA31_1740,BA31_1741,BA31_1742,BA31_1743,BA31_1744,BA31_1745,BA31_1746,BA31_1747,BA31_1748,BA31_1749,BA31_1750,BA31_1839,BA31_1840,BA31_1841,BA31_1842,BA31_1843,BA31_1844,BA31_1845,BA31_1846,BA31_1847,BA31_1848,BA31_1849,BA31_1850,BA31_1939,BA31_1940,BA31_1941,BA31_1942,BA31_1943,BA31_1944,BA31_1945,BA31_1946,BA31_1947,BA31_1948,BA31_1949,BA31_1950,BA31_1938,BA31_2038,BA31_2039,BA31_2040,BA31_2041,BA31_2042,BA31_2043,BA31_2044,BA31_2045,BA31_2046,BA31_2047,BA31_2048,BA31_2049,BA31_2050,BA31_2138,BA31_2139,BA31_2140,BA31_2141,BA31_2142,BA31_2143,BA31_2144,BA31_2145,BA31_2146,BA31_2147,BA31_2148,BA31_2149,BA31_2150,BA31_2137,BA31_2237,BA31_2238,BA31_2239,BA31_2240,BA31_2241,BA31_2242,BA31_2243,BA31_2244,BA31_2245,BA31_2246,BA31_2247,BA31_2248,BA31_2249,BA31_2250,BA31_2337,BA31_2338,BA31_2339,BA31_2340,BA31_2341,BA31_2342,BA31_2343,BA31_2344,BA31_2345,BA31_2346,BA31_2347,BA31_2348,BA31_2349,BA31_2350,BA31_2336,BA31_2335,BA31_2435,BA31_2436,BA31_2437,BA31_2438,BA31_2439,BA31_2440,BA31_2441,BA31_2442,BA31_2443,BA31_2444,BA31_2445,BA31_2446,BA31_2447,BA31_2448,BA31_2449,BA31_2450,BA31_2535,BA31_2536,BA31_2537,BA31_2538,BA31_2539,BA31_2540,BA31_2541,BA31_2542,BA31_2543,BA31_2544,BA31_2545,BA31_2546,BA31_2547,BA31_2548,BA31_2549,BA31_2550,BA31_2635,BA31_2636,BA31_2637,BA31_2638,BA31_2639,BA31_2640,BA31_2641,BA31_2642,BA31_2643,BA31_2644,BA31_2645,BA31_2646,BA31_2647,BA31_2648,BA31_2649,BA31_2650,BA31_2634,BA31_2633,BA31_2733,BA31_2734,BA31_2735,BA31_2736,BA31_2737,BA31_2738,BA31_2739,BA31_2740,BA31_2741,BA31_2742,BA31_2743,BA31_2744,BA31_2745,BA31_2746,BA31_2747,BA31_2748,BA31_2749,BA31_2750,BA31_2732,BA31_2731,BA31_2730,BA31_2830,BA31_2831,BA31_2832,BA31_2833,BA31_2834,BA31_2835,BA31_2836,BA31_2837,BA31_2838,BA31_2839,BA31_2840,BA31_2841,BA31_2842,BA31_2843,BA31_2844,BA31_2845,BA31_2846,BA31_2847,BA31_2848,BA31_2849,BA31_2850,BA31_2829,BA31_2828,BA31_2827,BA31_2727,BA31_2726,BA31_2826,BA31_2626,BA31_2625,BA31_2725,BA31_2825,BA31_2624,BA31_2724,BA31_2824,BA31_2823,BA31_2723,BA31_2623,BA31_2622,BA31_2722,BA31_2822,BA31_2821,BA31_2721,BA31_2921,BA31_2922,BA31_2923,BA31_2924,BA31_2925,BA31_2926,BA31_2927,BA31_2928,BA31_2929,BA31_2930,BA31_2931,BA31_2932,BA31_2933,BA31_2934,BA31_2935,BA31_2936,BA31_2939,BA31_2940,BA31_2941,BA31_2942,BA31_2943,BA31_2944,BA31_2945,BA31_2946,BA31_2947,BA31_2948,BA31_2949,BA31_2950,BA31_3021,BA31_3022,BA31_3023,BA31_3024,BA31_3025,BA31_3026,BA31_3027,BA31_3028,BA31_3029,BA31_3030,BA31_3031,BA31_3020,BA31_3039,BA31_3040,BA31_3041,BA31_3042,BA31_3043,BA31_3044,BA31_3045,BA31_3046,BA31_3047,BA31_3048,BA31_3049,BA31_3050,BA31_3120,BA31_3121,BA31_3122,BA31_3123,BA31_3124,BA31_3125,BA31_3126,BA31_3127,BA31_3128,BA31_3129,BA31_3130,BA31_3131,BA31_3119,BA31_3140,BA31_3141,BA31_3142,BA31_3143,BA31_3144,BA31_3145,BA31_3146,BA31_3147,BA31_3148,BA31_3149,BA31_3150,BA31_3219,BA31_3220,BA31_3221,BA31_3222,BA31_3223,BA31_3224,BA31_3225,BA31_3226,BA31_3227,BA31_3228,BA31_3229,BA31_3230,BA31_3231,BA31_3218,BA31_3232,BA31_3233,BA31_3241,BA31_3242,BA31_3243,BA31_3244,BA31_3245,BA31_3246,BA31_3247,BA31_3248,BA31_3249,BA31_3250,BA31_3318,BA31_3319,BA31_3320,BA31_3321,BA31_3322,BA31_3323,BA31_3324,BA31_3325,BA31_3326,BA31_3327,BA31_3328,BA31_3329,BA31_3330,BA31_3331,BA31_3332,BA31_3333,BA31_3334,BA31_3350,BA31_3419,BA31_3420,BA31_3421,BA31_3422,BA31_3423,BA31_3424,BA31_3425,BA31_3426,BA31_3427,BA31_3428,BA31_3429,BA31_3430,BA31_3431,BA31_3432,BA31_3433,BA31_3434,BA31_3450,BA31_3449,BA31_3522,BA31_3523,BA31_3524,BA31_3525,BA31_3526,BA31_3527,BA31_3528,BA31_3529,BA31_3530,BA31_3531,BA31_3532,BA31_3533,BA31_3534,BA31_3549,BA31_3550,BA31_3548,BA31_3547,BA31_3546,BA31_3622,BA31_3623,BA31_3624,BA31_3625,BA31_3626,BA31_3627,BA31_3628,BA31_3629,BA31_3630,BA31_3631,BA31_3632,BA31_3633,BA31_3634,BA31_3621,BA31_3646,BA31_3647,BA31_3648,BA31_3649,BA31_3650,BA31_3645,BA31_3644,BA31_3643,BA31_3642,BA31_3721,BA31_3722,BA31_3723,BA31_3724,BA31_3725,BA31_3726,BA31_3727,BA31_3728,BA31_3729,BA31_3730,BA31_3731,BA31_3732,BA31_3733,BA31_3720,BA31_3719,BA31_3718,BA31_3742,BA31_3743,BA31_3744,BA31_3745,BA31_3746,BA31_3747,BA31_3748,BA31_3749,BA31_3750,BA31_3741,BA31_3818,BA31_3819,BA31_3820,BA31_3821,BA31_3822,BA31_3823,BA31_3824,BA31_3825,BA31_3826,BA31_3827,BA31_3828,BA31_3829,BA31_3830,BA31_3831,BA31_3832,BA31_3833,BA31_3817,BA31_3816,BA31_3841,BA31_3842,BA31_3843,BA31_3844,BA31_3845,BA31_3846,BA31_3847,BA31_3848,BA31_3849,BA31_3850,BA31_3917,BA31_3918,BA31_3919,BA31_3920,BA31_3921,BA31_3922,BA31_3923,BA31_3924,BA31_3925,BA31_3926,BA31_3927,BA31_3928,BA31_3929,BA31_3930,BA31_3931,BA31_3932,BA31_3933,BA31_3934,BA31_3935,BA31_3835,BA31_3936,BA31_3937,BA31_3941,BA31_3942,BA31_3943,BA31_3944,BA31_3945,BA31_3946,BA31_3947,BA31_3948,BA31_3949,BA31_3950,BA31_3940,BA31_4021,BA31_4022,BA31_4023,BA31_4024,BA31_4025,BA31_4026,BA31_4027,BA31_4028,BA31_4029,BA31_4030,BA31_4031,BA31_4032,BA31_4033,BA31_4034,BA31_4035,BA31_4036,BA31_4037,BA31_4040,BA31_4041,BA31_4042,BA31_4043,BA31_4044,BA31_4045,BA31_4046,BA31_4047,BA31_4048,BA31_4049,BA31_4050,BA31_4122,BA31_4123,BA31_4124,BA31_4125,BA31_4126,BA31_4127,BA31_4128,BA31_4129,BA31_4130,BA31_4131,BA31_4132,BA31_4133,BA31_4134,BA31_4135,BA31_4136,BA31_4137,BA31_4138,BA31_4139,BA31_4140,BA31_4141,BA31_4142,BA31_4143,BA31_4144,BA31_4145,BA31_4146,BA31_4147,BA31_4148,BA31_4149,BA31_4150,BA31_4223,BA31_4224,BA31_4225,BA31_4226,BA31_4227,BA31_4228,BA31_4229,BA31_4230,BA31_4231,BA31_4232,BA31_4233,BA31_4234,BA31_4235,BA31_4236,BA31_4237,BA31_4238,BA31_4239,BA31_4240,BA31_4241,BA31_4242,BA31_4243,BA31_4244,BA31_4245,BA31_4246,BA31_4247,BA31_4248,BA31_4249,BA31_4250,BA31_4323,BA31_4324,BA31_4325,BA31_4326,BA31_4327,BA31_4328,BA31_4329,BA31_4330,BA31_4331,BA31_4332,BA31_4333,BA31_4334,BA31_4335,BA31_4336,BA31_4337,BA31_4338,BA31_4339,BA31_4340,BA31_4341,BA31_4342,BA31_4343,BA31_4344,BA31_4345,BA31_4346,BA31_4347,BA31_4348,BA31_4349,BA31_4350,BA31_4425,BA31_4426,BA31_4427,BA31_4428,BA31_4429,BA31_4430,BA31_4431,BA31_4432,BA31_4433,BA31_4434,BA31_4435,BA31_4436,BA31_4437,BA31_4438,BA31_4439,BA31_4440,BA31_4441,BA31_4442,BA31_4443,BA31_4444,BA31_4445,BA31_4446,BA31_4447,BA31_4448,BA31_4449,BA31_4450,BA31_4526,BA31_4527,BA31_4528,BA31_4529,BA31_4530,BA31_4531,BA31_4532,BA31_4533,BA31_4534,BA31_4535,BA31_4536,BA31_4537,BA31_4538,BA31_4539,BA31_4540,BA31_4541,BA31_4542,BA31_4543,BA31_4544,BA31_4545,BA31_4546,BA31_4547,BA31_4548,BA31_4549,BA31_4550,BA31_4626,BA31_4627,BA31_4628,BA31_4629,BA31_4630,BA31_4631,BA31_4632,BA31_4633,BA31_4634,BA31_4635,BA31_4636,BA31_4637,BA31_4638,BA31_4639,BA31_4640,BA31_4641,BA31_4642,BA31_4643,BA31_4644,BA31_4645,BA31_4646,BA31_4647,BA31_4648,BA31_4649,BA31_4650,BA31_4728,BA31_4729,BA31_4730,BA31_4731,BA31_4732,BA31_4733,BA31_4734,BA31_4735,BA31_4736,BA31_4737,BA31_4738,BA31_4739,BA31_4740,BA31_4741,BA31_4742,BA31_4743,BA31_4744,BA31_4745,BA31_4746,BA31_4747,BA31_4748,BA31_4749,BA31_4750,BA31_4829,BA31_4830,BA31_4831,BA31_4832,BA31_4833,BA31_4834,BA31_4835,BA31_4836,BA31_4837,BA31_4838,BA31_4839,BA31_4840,BA31_4841,BA31_4842,BA31_4843,BA31_4844,BA31_4845,BA31_4846,BA31_4847,BA31_4848,BA31_4849,BA31_4850,BA31_4929,BA31_4930,BA31_4931,BA31_4932,BA31_4933,BA31_4934,BA31_4935,BA31_4936,BA31_4937,BA31_4938,BA31_4939,BA31_4940,BA31_4941,BA31_4928,BA31_4943,BA31_4944,BA31_4945,BA31_4946,BA31_4947,BA31_4948,BA31_4949,BA31_4950,BA31_5028,BA31_5029,BA31_5030,BA31_5031,BA31_5032,BA31_5033,BA31_5034,BA31_5035,BA31_5036,BA31_5027,BA31_5045,BA31_5046,BA31_5047,BA32_0801,BA32_0901,BA32_1001,BA32_1101,BA32_1201,BA32_1301,BA32_1401,BA32_1501,BA32_1601,BA32_1701,BA32_1801,BA32_1901,BA32_2001,BA32_2101,BA32_2201,BA32_2301,BA32_2401,BA32_2501,BA32_2601,BA32_2701,BA32_2801,BA32_2901,BA32_3001,BA32_3101,BA32_3201,BA32_3301,BA32_3401,BA32_3501,BA32_3601,BA32_3701,BA32_3801,BA32_3901,BA32_4001,BA32_4101,BA32_4201,BA32_4301,BA32_4401,BA32_4501,BA32_4601,BA32_4701,BA32_4801,BA32_4901,BA32_2402,BA32_2502,BA32_2602,BA32_2702,BA32_2802,BA32_2902,BA32_3002,BA32_3102,BA32_2302,BA32_2202,BA32_2102,BA32_2002,BA32_1902,BA32_1802,BA32_1702,BA32_1602,BA32_1502,BA32_1402,BA32_1302,BA32_1202,BA32_1102,BA32_2603,BA32_2703,BA32_2803,BA32_2903,BA32_2503,BA32_2403,BA32_2303,BA32_2203,BA32_2103,BA32_2003,BA32_1903,BA32_2904,BA32_2804,BA32_2704,BA32_2604,BA32_2504,BA32_2404,BA32_2304,BA32_2204,BA32_2104,BA32_2004,BA32_1303,BA32_1203,BA32_3402,BA32_3502,BA32_3602,BA32_3702,BA32_3802,BA32_3902,BA32_4002,BA32_4102,BA32_4202,BA32_4302,BA32_4402,BA32_4502,BA32_4602,BA32_4702,BA32_4802,BA32_4902,BA32_3503,BA32_3603,BA32_3703,BA32_3803,BA32_3903,BA32_4003,BA32_4103,BA32_4203,BA32_4303,BA32_4403,BA32_4503,BA32_4603,BA32_4703,BA32_4803,BA32_3504,BA32_3604,BA32_3704,BA32_3804,BA32_3904,BA32_4004,BA32_4104,BA32_4204,BA32_4304,BA32_4404,BA32_4504,BA32_4604,BA32_4704,BA32_4804,BA32_3605,BA32_3705,BA32_3805,BA32_3905,BA32_4005,BA32_4105,BA32_4205,BA32_4305,BA32_4405,BA32_4505,BA32_4605,BA32_4705,BA32_3505,BA32_4805,BA32_3706,BA32_3806,BA32_3906,BA32_4006,BA32_4106,BA32_4206,BA32_4306,BA32_4406,BA32_4506,BA32_4606,BA32_3606,BA32_3506,BA32_4706,BA32_4806,BA32_3507,BA32_3607,BA32_3707,BA32_3807,BA32_3907,BA32_4007,BA32_4107,BA32_4207,BA32_4307,BA32_4407,BA32_4507,BA32_4607,BA32_4707,BA32_4807,BA32_3508,BA32_3608,BA32_3708,BA32_3808,BA32_3908,BA32_4008,BA32_4108,BA32_4208,BA32_4308,BA32_4408,BA32_4508,BA32_4608,BA32_4708,BA32_4808,BA32_3809,BA32_3909,BA32_4009,BA32_4109,BA32_4209,BA32_4309,BA32_4409,BA32_4509,BA32_3709,BA32_3609,BA32_4609,BA32_4709,BA32_4809,BA32_3910,BA32_4010,BA32_4110,BA32_4210,BA32_4310,BA32_4410,BA32_4510,BA32_4610,BA32_4710,BA32_3810,BA32_3710,BA32_4810,BA32_3811,BA32_3911,BA32_4011,BA32_4111,BA32_4211,BA32_4311,BA32_4411,BA32_4511,BA32_4611,BA32_4711,BA32_3711,BA32_4811,BA32_3912,BA32_3812,BA32_4012,BA32_4112,BA32_4212,BA32_4312,BA32_4412,BA32_3712,BA32_4512,BA32_4612,BA32_4712,BA32_4812,BA32_4013,BA32_4113,BA32_4213,BA32_4313,BA32_3913,BA32_3813,BA32_4413,BA32_4513,BA32_4613,BA32_4713,BA32_3713,BA32_4813,BA32_3613,BA32_3612,BA32_3611,BA32_4014,BA32_4114,BA32_4214,BA32_4314,BA32_4414,BA32_3914,BA32_3814,BA32_3714,BA32_3614,BA32_4514,BA32_4614,BA32_4714,BA32_4814,BA32_2505,BA32_2405,BA32_2605,BA32_2705,BA32_2805,BA32_2905,BA32_3407,BA32_2806,BA32_2706,BA32_2906,BA32_2606,BA32_2506,BA32_2406,BA32_4115,BA32_4215,BA32_4315,BA32_4415,BA32_4515,BA32_4015,BA32_3915,BA32_3815,BA32_3715,BA32_3615,BA32_4615,BA32_4715,BA32_4815,BA32_4116,BA32_4216,BA32_4316,BA32_4416,BA32_4516,BA32_4616,BA32_4016,BA32_3916,BA32_3816,BA32_3716,BA32_3616,BA32_4716,BA32_4816,BA32_3005,BA32_3006,BA32_3105,BA32_3106,BA32_3206,BA32_3205,BA32_3306,BA32_3307,BA32_3207,BA32_3107,BA32_3007,BA32_2907,BA32_2807,BA32_2707,BA32_4217,BA32_4317,BA32_4117,BA32_4417,BA32_4517,BA32_4617,BA32_4717,BA32_4017,BA32_3917,BA32_3817,BA32_3717,BA32_3617,BA32_4817,BA32_2908,BA32_3008,BA32_3108,BA32_2808,BA32_3208,BA32_3308,BA32_3718,BA32_3618,BA32_3818,BA32_3918,BA32_4018,BA32_4118,BA32_4218,BA32_4318,BA32_4418,BA32_4518,BA32_4618,BA32_4718,BA32_4818,BA32_3009,BA32_2909,BA32_3109,BA32_3209,BA32_3309,BA32_3409,BA32_4219,BA32_4319,BA32_4419,BA32_4519,BA32_4119,BA32_4619,BA32_4019,BA32_3919,BA32_3819,BA32_4719,BA32_4819,BA32_3719,BA32_3619,BA32_2205,BA32_4220,BA32_4320,BA32_4420,BA32_4520,BA32_4620,BA32_4120,BA32_4720,BA32_4820,BA32_4020,BA32_3920,BA32_3820,BA32_3720,BA32_3620,BA32_3721,BA32_3621,BA32_3821,BA32_3921,BA32_4021,BA32_4121,BA32_4221,BA32_4321,BA32_4421,BA32_4521,BA32_4621,BA32_4721,BA32_4821,BA32_3210,BA32_3310,BA32_3410,BA32_3110,BA32_3010,BA32_4422,BA32_4522,BA32_4622,BA32_4322,BA32_4222,BA32_4122,BA32_4022,BA32_3922,BA32_4722,BA32_3822,BA32_3722,BA32_3622,BA32_4822,BA32_4123,BA32_4023,BA32_3923,BA32_3823,BA32_3723,BA32_4223,BA32_3623,BA32_3824,BA32_3724,BA32_3624,BA32_3924,BA32_4024,BA32_4124,BA32_3311,BA32_3211,BA32_3111,BA32_3515,BA32_3514,BA32_3522,BA32_3212,BA32_3312,BA32_4523,BA32_4623,BA32_4723,BA32_4823,BA32_4524,BA32_4624,BA32_4724,BA32_4824,BA32_4025,BA32_3925,BA32_3825,BA32_3725,BA32_4026,BA32_3926,BA32_4027,BA32_4424,BA32_4324,BA32_4625,BA32_4725,BA32_4525,BA32_4425,BA32_4825,BA32_4325,BA32_4326,BA32_4426,BA32_4526,BA32_4626,BA32_4726,BA32_4826,BA32_4527,BA32_4627,BA32_4427,BA32_4327,BA32_4727,BA32_4827,BA32_4528,BA32_4428,BA32_4628,BA32_4728,BA32_4328,BA32_4828,BA32_4629,BA32_4729,BA32_4529,BA32_4429,BA32_4329,BA32_4829,BA32_4630,BA32_4530,BA32_4430,BA32_4330,BA32_4730,BA32_4830,BA32_4228,BA32_4127,BA32_4229,BA32_4230,BA32_4128,BA32_4129,BA32_4130,BA32_4131,BA32_4231,BA32_4331,BA32_4431,BA32_4531,BA32_4631,BA32_4731,BA32_4831,BA32_4232,BA32_4132,BA32_4332,BA32_4432,BA32_4532,BA32_4632,BA32_4732,BA32_4832,BA32_4333,BA32_4433,BA32_4533,BA32_4233,BA32_4133,BA32_4633,BA32_4733,BA32_4833,BA32_4334,BA32_4234,BA32_4134,BA32_4434,BA32_4534,BA32_4634,BA32_4734,BA32_4834,BA32_4735,BA32_4635,BA32_4535,BA32_4435,BA32_4335,BA32_4235,BA32_4835,BA32_4031,BA32_4030,BA32_4029,BA32_3930,BA32_3929,BA32_3928,BA32_4636,BA32_4736,BA32_4536,BA32_4436,BA32_4336,BA32_4236,BA32_4637,BA32_4737,BA32_4537,BA32_4437,BA32_4337,BA32_3829,BA32_3830,BA32_3828,BA32_4538,BA32_4438,BA32_4638,BA32_4338,BA32_3729,BA32_3728,BA32_3730,BA32_3628,BA32_3629,BA32_4906,BA32_4907,BA32_4908,BA32_4909,BA32_4910,BA32_4911,BA32_4912,BA32_4913,BA32_4914,BA32_4915,BA32_4916,BA32_4917,BA32_4918,BA32_4919,BA32_4920,BA32_4921,BA32_4922,BA32_4923,BA32_4924,BA32_4925,BA32_4926,BA32_4927,BA32_4928,BA32_4929,BA32_4930,BA32_4931,BA32_4932,BA32_4933,BA32_5006,BA32_5007,BA32_5008,BA32_5009,BA32_5005,BA32_5004,BA32_5003,BA32_5015,BA32_5016,BA32_5017,BA32_5018,BA32_5019,BA32_5020,BA32_5021,BA32_5022,BA32_5023,BA32_5024,BA32_5025,BA32_5026,BA32_5027,BA32_5028,BA32_5029,BA32_5030,BA32_5031,BA32_5032,BA32_5033,BB31_0127,BB31_0128,BB31_0129,BB31_0130,BB31_0131,BB31_0132,BB31_0133,BB31_0134,BB31_0135,BB31_0126,BB31_0226,BB31_0227,BB31_0228,BB31_0229,BB31_0230,BB31_0231,BB31_0232,BB31_0233,BB31_0234,BB31_0326,BB31_0327,BB31_0328,BB31_0329,BB31_0330,BB31_0331,BB31_0332,BB31_0427,BB31_0428,BB31_0429,BB31_0430,BB31_0431,BB31_0432,BB31_0528,BB31_0529,BB31_0530,BB31_0628,BB32_0103,BB32_0104,BB32_0105,BB32_0106,BB32_0107,BB32_0108,BB32_0109,BB32_0102,BB32_0110,BB32_0111,BB32_0112,BB32_0113,BB32_0114,BB32_0115,BB32_0116,BB32_0117,BB32_0118,BB32_0119,BB32_0120,BB32_0121,BB32_0122,BB32_0123,BB32_0124,BB32_0125,BB32_0126,BB32_0127,BB32_0128,BB32_0129,BB32_0130,BB32_0131,BB32_0132,BB32_0133,BB32_0204,BB32_0205,BB32_0206,BB32_0207,BB32_0208,BB32_0209,BB32_0210,BB32_0211,BB32_0212,BB32_0213,BB32_0214,BB32_0215,BB32_0216,BB32_0217,BB32_0218,BB32_0219,BB32_0220,BB32_0221,BB32_0222,BB32_0223,BB32_0224,BB32_0225,BB32_0226,BB32_0227,BB32_0228,BB32_0229,BB32_0230,BB32_0231,BB32_0232,BB32_0233,BB32_0234,BB32_0305,BB32_0306,BB32_0307,BB32_0308,BB32_0309,BB32_0310,BB32_0311,BB32_0312,BB32_0313,BB32_0314,BB32_0315,BB32_0316,BB32_0317,BB32_0318,BB32_0319,BB32_0320,BB32_0321,BB32_0322,BB32_0323,BB32_0324,BB32_0325,BB32_0326,BB32_0327,BB32_0328,BB32_0329,BB32_0330,BB32_0331,BB32_0332,BB32_0333,BB32_0334,BB32_0335,BB32_0405,BB32_0406,BB32_0407,BB32_0408,BB32_0409,BB32_0410,BB32_0411,BB32_0412,BB32_0413,BB32_0414,BB32_0415,BB32_0416,BB32_0417,BB32_0418,BB32_0419,BB32_0420,BB32_0421,BB32_0422,BB32_0423,BB32_0424,BB32_0425,BB32_0426,BB32_0427,BB32_0428,BB32_0429,BB32_0430,BB32_0431,BB32_0432,BB32_0433,BB32_0434,BB32_0435,BB32_0404,BB32_0436,BB32_0504,BB32_0505,BB32_0506,BB32_0507,BB32_0508,BB32_0509,BB32_0510,BB32_0511,BB32_0512,BB32_0513,BB32_0514,BB32_0515,BB32_0516,BB32_0517,BB32_0518,BB32_0519,BB32_0520,BB32_0521,BB32_0522,BB32_0523,BB32_0524,BB32_0525,BB32_0526,BB32_0527,BB32_0528,BB32_0529,BB32_0530,BB32_0531,BB32_0532,BB32_0533,BB32_0534,BB32_0535,BB32_0503,BB32_0603,BB32_0604,BB32_0605,BB32_0606,BB32_0607,BB32_0608,BB32_0609,BB32_0610,BB32_0611,BB32_0612,BB32_0613,BB32_0614,BB32_0615,BB32_0616,BB32_0617,BB32_0618,BB32_0619,BB32_0620,BB32_0621,BB32_0622,BB32_0623,BB32_0624,BB32_0625,BB32_0626,BB32_0627,BB32_0628,BB32_0629,BB32_0630,BB32_0631,BB32_0632,BB32_0633,BB32_0634,BB32_0635,BB32_0602,BB32_0702,BB32_0703,BB32_0704,BB32_0705,BB32_0706,BB32_0707,BB32_0708,BB32_0709,BB32_0710,BB32_0701,BB32_0712,BB32_0713,BB32_0714,BB32_0715,BB32_0716,BB32_0717,BB32_0718,BB32_0719,BB32_0720,BB32_0721,BB32_0722,BB32_0723,BB32_0724,BB32_0725,BB32_0726,BB32_0727,BB32_0728,BB32_0729,BB32_0730,BB32_0731,BB32_0732,BB32_0733,BB32_0734,BB32_0735,BB32_0736,BB32_0801,BB32_0802,BB32_0803,BB32_0804,BB32_0805,BB32_0806,BB32_0807,BB32_0808,BB32_0809,BB32_0810,BB31_0850,BB31_0950,BB32_0901,BB32_0902,BB32_0903,BB32_0904,BB32_0905,BB32_0906,BB32_0907,BB32_0908,BB32_0909,BB32_0910,BB32_0817,BB32_0818,BB32_0819,BB32_0820,BB32_0821,BB32_0822,BB32_0823,BB32_0824,BB32_0825,BB32_0826,BB32_0827,BB32_0828,BB32_0829,BB32_0830,BB32_0831,BB32_0832,BB32_0833,BB32_0834,BB32_0835,BB32_0836,BB32_0816,BB32_0815,BB32_0814,BB32_0813,BB32_0812,BB32_0911,BB32_0912,BB32_0913,BB32_0914,BB32_0915,BB32_0916,BB32_0917,BB32_0918,BB32_0919,BB32_0920,BB32_0921,BB32_0922,BB32_0923,BB32_0924,BB32_0925,BB32_0926,BB32_0927,BB32_0928,BB32_0929,BB32_0933,BB32_0934,BB32_1001,BB32_1002,BB32_1003,BB32_1004,BB32_1005,BB32_1006,BB32_1007,BB32_1008,BB32_1009,BB32_1010,BB32_1011,BB32_1012,BB32_1013,BB32_1014,BB32_1015,BB32_1016,BB32_1017,BB32_1018,BB32_1019,BB32_1020,BB32_1021,BB32_1022,BB32_1023,BB32_1024,BB32_1025,BB32_1026,BB32_1027,BB32_1028,BB32_1029,BB32_1030,BB32_1031,BB32_1032,BB32_1033,BB32_1103,BB32_1104,BB32_1105,BB32_1106,BB32_1107,BB32_1108,BB32_1109,BB32_1110,BB32_1111,BB32_1112,BB32_1113,BB32_1114,BB32_1115,BB32_1116,BB32_1117,BB32_1118,BB32_1119,BB32_1120,BB32_1121,BB32_1122,BB32_1123,BB32_1124,BB32_1125,BB32_1126,BB32_1127,BB32_1128,BB32_1129,BB32_1130,BB32_1131,BB32_1132,BB32_1203,BB32_1204,BB32_1205,BB32_1206,BB32_1207,BB32_1209,BB32_1210,BB32_1211,BB32_1212,BB32_1214,BB32_1215,BB32_1216,BB32_1217,BB32_1218,BB32_1219,BB32_1220,BB32_1221,BB32_1222,BB32_1223,BB32_1224,BB32_1225,BB32_1226,BB32_1227,BB32_1228,BB32_1229,BB32_1230,BB32_1231,BB32_1232,BB32_1316,BB32_1317,BB32_1318,BB32_1319,BB32_1320,BB32_1321,BB32_1322,BB32_1323,BB32_1324,BB32_1325,BB32_1326,BB32_1327,BB32_1328,BB32_1329,BB32_1330,BB32_1331,BB32_1332,BB32_1417,BB32_1418,BB32_1419,BB32_1420,BB32_1421,BB32_1422,BB32_1423,BB32_1424,BB32_1425,BB32_1426,BB32_1427,BB32_1428,BB32_1429,BB32_1430,BB32_1431,BB32_1432,BB32_1433,BB32_1519,BB32_1520,BB32_1521,BB32_1522,BB32_1523,BB32_1524,BB32_1525,BB32_1526,BB32_1527,BB32_1528,BB32_1529,BB32_1530,BB32_1531,BB32_1532,BB32_1533,BB32_1534,BB32_1535,BB32_1536,BB32_1619,BB32_1620,BB32_1621,BB32_1622,BB32_1623,BB32_1624,BB32_1625,BB32_1626,BB32_1627,BB32_1628,BB32_1629,BB32_1630,BB32_1631,BB32_1632,BB32_1633,BB32_1634,BB32_1635,BB32_1636,BB32_1637,BB32_1719,BB32_1720,BB32_1721,BB32_1722,BB32_1723,BB32_1724,BB32_1725,BB32_1726,BB32_1727,BB32_1728,BB32_1729,BB32_1730,BB32_1731,BB32_1732,BB32_1733,BB32_1734,BB32_1735,BB32_1736,BB32_1737,BB32_1738,BB32_1739,BB32_1740,BB32_1741,BB32_1820,BB32_1821,BB32_1822,BB32_1823,BB32_1824,BB32_1825,BB32_1826,BB32_1828,BB32_1829,BB32_1830,BB32_1831,BB32_1832,BB32_1833,BB32_1834,BB32_1835,BB32_1836,BB32_1837,BB32_1838,BB32_1839,BB32_1840,BB32_1841,BB32_1925,BB32_1928,BB32_1929,BB32_1930,BB32_1931,BB32_1932,BB32_1933,BB32_1934,BB32_1935,BB32_1936,BB32_1937,BB32_1938,BB32_1939,BB32_1940,BB32_1941,BB32_1942,BB32_2030,BB32_2031,BB32_2032,BB32_2033,BB32_2034,BB32_2035,BB32_2036,BB32_2037,BB32_2038,BB32_2039,BB32_2040,BB32_2041,BB32_2042,BB32_2029,BB32_2028,BB32_2130,BB32_2131,BB32_2132,BB32_2133,BB32_2134,BB32_2135,BB32_2136,BB32_2137,BB32_2138,BB32_2139,BB32_2140,BB32_2141,BB32_2142,BB32_2129,BB32_2128,BB32_2143,BB32_2230,BB32_2231,BB32_2232,BB32_2233,BB32_2234,BB32_2235,BB32_2236,BB32_2237,BB32_2238,BB32_2239,BB32_2240,BB32_2241,BB32_2242,BB32_2229,BB32_2228,BB32_2331,BB32_2332,BB32_2333,BB32_2334,BB32_2335,BB32_2336,BB32_2330,BB32_2329,BB32_2328,BB32_2435,BB32_2436,BB32_2434,BB32_2433,BB32_2432,BB32_2533,BB32_2534,BB32_2535,BB32_2536,BB32_2532,BB32_2632,BB32_2633,BB32_2634,BB32_2635,BB32_2636,BB32_2631,BB32_2531,BB32_2637,BB32_2537,BB32_2437,BB32_2731,BB32_2732,BB32_2733,BB32_2734,BB32_2735,BB32_2736,BB32_2737,BB32_2738,BB32_2638,BB32_2538,BB32_2739,BB32_2639,BB32_2539,BB32_2831,BB32_2832,BB32_2833,BB32_2834,BB32_2835,BB32_2836,BB32_2837,BB32_2838,BB32_2839,BB32_2840,BB32_2740,BB32_2640,BB32_2931,BB32_2932,BB32_2933,BB32_2934,BB32_2935,BB32_2936,BB32_2937,BB32_2938,BB32_2939,BB32_2940,BB32_2941,BB32_2841,BB32_2741,BB32_3031,BB32_3032,BB32_3033,BB32_3034,BB32_3035,BB32_3036,BB32_3037,BB32_3038,BB32_3039,BB32_3040,BB32_3041,BB32_3042,BB32_2942,BB32_2842,BB32_2742,BB32_3139,BB32_3140,BB32_3141,BB32_3142,BB32_3240,BB32_2227,BB32_2327,BB32_3043,BB32_3133,BB32_3132,BA32_3104,BA32_4226,BA32_4227,BA32_3204,BA32_3305</name>
      <styleUrl>#area1</styleUrl>
      <Polygon>
        <outerBoundaryIs>
          <LinearRing>
            <coordinates>
              174.8900641709,-36.8631612315,0
              174.8846820229,-36.8632467244,0
              174.8843633859,-36.8502726722,0
              174.8789821239,-36.8503578817,0
              174.8788233359,-36.8438708240,0
              174.8680616524,-36.8440404729,0
              174.8679038232,-36.8375533678,0
              174.8625234017,-36.8376378073,0
              174.8626807769,-36.8441249322,0
              174.8357760650,-36.8445435781,0
              174.8303950561,-36.8446265771,0
              174.8302404049,-36.8381393346,0
              174.8194792294,-36.8383045636,0
              174.8196329725,-36.8447918449,0
              174.8034896832,-36.8450379210,0
              174.8036421129,-36.8515252523,0
              174.7982605188,-36.8516068099,0
              174.7981085433,-36.8451194595,0
              174.7927273818,-36.8452007546,0
              174.7925759090,-36.8387133775,0
              174.8033373022,-36.8385505820,0
              174.8031849700,-36.8320632354,0
              174.8139453687,-36.8318995049,0
              174.8136390358,-36.8189248656,0
              174.8082597546,-36.8190068141,0
              174.8081071151,-36.8125194638,0
              174.8027282658,-36.8126011499,0
              174.8025761284,-36.8061137727,0
              174.7971977108,-36.8061951966,0
              174.7970460753,-36.7997077927,0
              174.7916680893,-36.7997889545,0
              174.7915169554,-36.7933015240,0
              174.7861394010,-36.7933824237,0
              174.7859887684,-36.7868949666,0
              174.7806116454,-36.7869756044,0
              174.7801613947,-36.7675131305,0
              174.7694098007,-36.7676735645,0
              174.7692607178,-36.7611860203,0
              174.7746360731,-36.7611059435,0
              174.7744865858,-36.7546184105,0
              174.7691116827,-36.7546984685,0
              174.7688137555,-36.7417233421,0
              174.7634397353,-36.7418031200,0
              174.7632912950,-36.7353155267,0
              174.7579177054,-36.7353950434,0
              174.7571784727,-36.7029568694,0
              174.7625498055,-36.7028774460,0
              174.7622535417,-36.6899021604,0
              174.7568831107,-36.6899815466,0
              174.7567355005,-36.6834938738,0
              174.7513654992,-36.6835729992,0
              174.7509243031,-36.6641098795,0
              174.7401869399,-36.6642672934,0
              174.7403330578,-36.6707550445,0
              174.7349638947,-36.6708334071,0
              174.7351096090,-36.6773211690,0
              174.7243703200,-36.6774772050,0
              174.7245151798,-36.6839649961,0
              174.7137749074,-36.6841201006,0
              174.7142070599,-36.7035835376,0
              174.7034640005,-36.7037377826,0
              174.7036072413,-36.7102256160,0
              174.6928631980,-36.7103789282,0
              174.6930055820,-36.7168667900,0
              174.6768880115,-36.7170949946,0
              174.6770290867,-36.7235829025,0
              174.6824020818,-36.7235070589,0
              174.6826852711,-36.7364828164,0
              174.6773113726,-36.7365586956,0
              174.6775938392,-36.7495344585,0
              174.6722190166,-36.7496101308,0
              174.6725007595,-36.7625858990,0
              174.6617492453,-36.7627365864,0
              174.6621694821,-36.7822002882,0
              174.6514151723,-36.7823501100,0
              174.6515544350,-36.7888380307,0
              174.6354214631,-36.7890609938,0
              174.6355594111,-36.7955489592,0
              174.6248030920,-36.7956964209,0
              174.6246660502,-36.7892084209,0
              174.6192883146,-36.7892817699,0
              174.6191517697,-36.7827937452,0
              174.5922650661,-36.7831567601,0
              174.5923993460,-36.7896448700,0
              174.5870214947,-36.7897167610,0
              174.5874232323,-36.8091810963,0
              174.5820440021,-36.8092527948,0
              174.5821775467,-36.8157409083,0
              174.5767978438,-36.8158123803,0
              174.5769309775,-36.8223005032,0
              174.5715508019,-36.8223717486,0
              174.5718162891,-36.8353480052,0
              174.5771973727,-36.8352767263,0
              174.5773306343,-36.8417648266,0
              174.5934751336,-36.8415494790,0
              174.5936098008,-36.8480375213,0
              174.5882278658,-36.8481095642,0
              174.5883621217,-36.8545976158,0
              174.5722148388,-36.8548123337,0
              174.5723477737,-36.8613004282,0
              174.5615819145,-36.8614423887,0
              174.5617139824,-36.8679305090,0
              174.5670973763,-36.8678596340,0
              174.5672299414,-36.8743477301,0
              174.5887651473,-36.8740617257,0
              174.6802863087,-36.8728026975,0
              174.6801441912,-36.8663149635,0
              174.6693782025,-36.8664667049,0
              174.6692370398,-36.8599789278,0
              174.6638544700,-36.8600544153,0
              174.6639951780,-36.8665422101,0
              174.6586121335,-36.8666174716,0
              174.6583316717,-36.8536418392,0
              174.6637138070,-36.8535666129,0
              174.6631516051,-36.8276153279,0
              174.6577712865,-36.8276904836,0
              174.6576313023,-36.8212026258,0
              174.6468715131,-36.8213521722,0
              174.6465934934,-36.8083763638,0
              174.6734882811,-36.8080008496,0
              174.6733470711,-36.8015130222,0
              174.6841039393,-36.8013611501,0
              174.6843882181,-36.8143367261,0
              174.6897675288,-36.8142603896,0
              174.6899101901,-36.8207481484,0
              174.6952899341,-36.8206715507,0
              174.6954330948,-36.8271592839,0
              174.7384739381,-36.8265376003,0
              174.7438539502,-36.8264587950,0
              174.7440012417,-36.8329463563,0
              174.7386207758,-36.8330251801,0
              174.7387676604,-36.8395127523,0
              174.7226247754,-36.8397478186,0
              174.7227703447,-36.8462354383,0
              174.7012443917,-36.8465455251,0
              174.7013881902,-36.8530332099,0
              174.6960061963,-36.8531101410,0
              174.6962930224,-36.8660855240,0
              174.6909100990,-36.8661622475,0
              174.6910531261,-36.8726499457,0
              174.8902240205,-36.8696482260,0
              174.8900641709,-36.8631612315,0
            </coordinates>
          </LinearRing>
        </outerBoundaryIs>
        <innerBoundaryIs>
          <LinearRing>
            <coordinates>
              174.7924244846,-36.8322259927,0
              174.7925759090,-36.8387133775,0
              174.7871951800,-36.8387944102,0
              174.7870442096,-36.8323070064,0
              174.7924244846,-36.8322259927,0
            </coordinates>
          </LinearRing>
        </innerBoundaryIs>
        <innerBoundaryIs>
          <LinearRing>
            <coordinates>
              174.7816639131,-36.8323877768,0
              174.7818144295,-36.8388751995,0
              174.7710528645,-36.8390360480,0
              174.7602912142,-36.8391959229,0
              174.7601425136,-36.8327084250,0
              174.7547621107,-36.8327879788,0
              174.7544657597,-36.8198129228,0
              174.7598452551,-36.8197334064,0
              174.7595481867,-36.8067583573,0
              174.7703053002,-36.8065986697,0
              174.7704547173,-36.8130861606,0
              174.7650757178,-36.8131661447,0
              174.7653737885,-36.8261411411,0
              174.7707536952,-36.8260611195,0
              174.7709032559,-36.8325485875,0
              174.7762835951,-36.8324683038,0
              174.7816639131,-36.8323877768,0
            </coordinates>
          </LinearRing>
        </innerBoundaryIs>
      </Polygon>
    </Placemark>
    <Placemark>
      <description><![CDATA[Unknown Area Type<BR><BR><B>LAYER</B> = Unknown Area Type<BR><B>MAP_NAME</B> = Auckland2026_1K_Tiles<BR><B>NAME</B> = BA31_0850,BA31_0950,BA31_0949,BA31_1049,BA31_1050,BA31_1048,BA31_1047,BA31_1147,BA31_1148,BA31_1149,BA31_1150,BA31_1146,BA31_1145,BA31_1245,BA31_1246,BA31_1247,BA31_1248,BA31_1249,BA31_1250,BA31_1345,BA31_1346,BA31_1347,BA31_1348,BA31_1349,BA31_1350,BA31_1445,BA31_1446,BA31_1447,BA31_1448,BA31_1449,BA31_1450,BA31_1444,BA31_1443,BA31_1543,BA31_1544,BA31_1545,BA31_1546,BA31_1547,BA31_1548,BA31_1549,BA31_1550,BA31_1542,BA31_1541,BA31_1641,BA31_1642,BA31_1643,BA31_1644,BA31_1645,BA31_1646,BA31_1647,BA31_1648,BA31_1649,BA31_1650,BA31_1640,BA31_1639,BA31_1638,BA31_1739,BA31_1740,BA31_1741,BA31_1742,BA31_1743,BA31_1744,BA31_1745,BA31_1746,BA31_1747,BA31_1748,BA31_1749,BA31_1750,BA31_1839,BA31_1840,BA31_1841,BA31_1842,BA31_1843,BA31_1844,BA31_1845,BA31_1846,BA31_1847,BA31_1848,BA31_1849,BA31_1850,BA31_1939,BA31_1940,BA31_1941,BA31_1942,BA31_1943,BA31_1944,BA31_1945,BA31_1946,BA31_1947,BA31_1948,BA31_1949,BA31_1950,BA31_1938,BA31_2038,BA31_2039,BA31_2040,BA31_2041,BA31_2042,BA31_2043,BA31_2044,BA31_2045,BA31_2046,BA31_2047,BA31_2048,BA31_2049,BA31_2050,BA31_2138,BA31_2139,BA31_2140,BA31_2141,BA31_2142,BA31_2143,BA31_2144,BA31_2145,BA31_2146,BA31_2147,BA31_2148,BA31_2149,BA31_2150,BA31_2137,BA31_2237,BA31_2238,BA31_2239,BA31_2240,BA31_2241,BA31_2242,BA31_2243,BA31_2244,BA31_2245,BA31_2246,BA31_2247,BA31_2248,BA31_2249,BA31_2250,BA31_2337,BA31_2338,BA31_2339,BA31_2340,BA31_2341,BA31_2342,BA31_2343,BA31_2344,BA31_2345,BA31_2346,BA31_2347,BA31_2348,BA31_2349,BA31_2350,BA31_2336,BA31_2335,BA31_2435,BA31_2436,BA31_2437,BA31_2438,BA31_2439,BA31_2440,BA31_2441,BA31_2442,BA31_2443,BA31_2444,BA31_2445,BA31_2446,BA31_2447,BA31_2448,BA31_2449,BA31_2450,BA31_2535,BA31_2536,BA31_2537,BA31_2538,BA31_2539,BA31_2540,BA31_2541,BA31_2542,BA31_2543,BA31_2544,BA31_2545,BA31_2546,BA31_2547,BA31_2548,BA31_2549,BA31_2550,BA31_2635,BA31_2636,BA31_2637,BA31_2638,BA31_2639,BA31_2640,BA31_2641,BA31_2642,BA31_2643,BA31_2644,BA31_2645,BA31_2646,BA31_2647,BA31_2648,BA31_2649,BA31_2650,BA31_2634,BA31_2633,BA31_2733,BA31_2734,BA31_2735,BA31_2736,BA31_2737,BA31_2738,BA31_2739,BA31_2740,BA31_2741,BA31_2742,BA31_2743,BA31_2744,BA31_2745,BA31_2746,BA31_2747,BA31_2748,BA31_2749,BA31_2750,BA31_2732,BA31_2731,BA31_2730,BA31_2830,BA31_2831,BA31_2832,BA31_2833,BA31_2834,BA31_2835,BA31_2836,BA31_2837,BA31_2838,BA31_2839,BA31_2840,BA31_2841,BA31_2842,BA31_2843,BA31_2844,BA31_2845,BA31_2846,BA31_2847,BA31_2848,BA31_2849,BA31_2850,BA31_2829,BA31_2828,BA31_2827,BA31_2727,BA31_2726,BA31_2826,BA31_2626,BA31_2625,BA31_2725,BA31_2825,BA31_2624,BA31_2724,BA31_2824,BA31_2823,BA31_2723,BA31_2623,BA31_2622,BA31_2722,BA31_2822,BA31_2821,BA31_2721,BA31_2921,BA31_2922,BA31_2923,BA31_2924,BA31_2925,BA31_2926,BA31_2927,BA31_2928,BA31_2929,BA31_2930,BA31_2931,BA31_2932,BA31_2933,BA31_2934,BA31_2935,BA31_2936,BA31_2939,BA31_2940,BA31_2941,BA31_2942,BA31_2943,BA31_2944,BA31_2945,BA31_2946,BA31_2947,BA31_2948,BA31_2949,BA31_2950,BA31_3021,BA31_3022,BA31_3023,BA31_3024,BA31_3025,BA31_3026,BA31_3027,BA31_3028,BA31_3029,BA31_3030,BA31_3031,BA31_3020,BA31_3039,BA31_3040,BA31_3041,BA31_3042,BA31_3043,BA31_3044,BA31_3045,BA31_3046,BA31_3047,BA31_3048,BA31_3049,BA31_3050,BA31_3120,BA31_3121,BA31_3122,BA31_3123,BA31_3124,BA31_3125,BA31_3126,BA31_3127,BA31_3128,BA31_3129,BA31_3130,BA31_3131,BA31_3119,BA31_3140,BA31_3141,BA31_3142,BA31_3143,BA31_3144,BA31_3145,BA31_3146,BA31_3147,BA31_3148,BA31_3149,BA31_3150,BA31_3219,BA31_3220,BA31_3221,BA31_3222,BA31_3223,BA31_3224,BA31_3225,BA31_3226,BA31_3227,BA31_3228,BA31_3229,BA31_3230,BA31_3231,BA31_3218,BA31_3232,BA31_3233,BA31_3241,BA31_3242,BA31_3243,BA31_3244,BA31_3245,BA31_3246,BA31_3247,BA31_3248,BA31_3249,BA31_3250,BA31_3318,BA31_3319,BA31_3320,BA31_3321,BA31_3322,BA31_3323,BA31_3324,BA31_3325,BA31_3326,BA31_3327,BA31_3328,BA31_3329,BA31_3330,BA31_3331,BA31_3332,BA31_3333,BA31_3334,BA31_3350,BA31_3419,BA31_3420,BA31_3421,BA31_3422,BA31_3423,BA31_3424,BA31_3425,BA31_3426,BA31_3427,BA31_3428,BA31_3429,BA31_3430,BA31_3431,BA31_3432,BA31_3433,BA31_3434,BA31_3450,BA31_3449,BA31_3522,BA31_3523,BA31_3524,BA31_3525,BA31_3526,BA31_3527,BA31_3528,BA31_3529,BA31_3530,BA31_3531,BA31_3532,BA31_3533,BA31_3534,BA31_3549,BA31_3550,BA31_3548,BA31_3547,BA31_3546,BA31_3622,BA31_3623,BA31_3624,BA31_3625,BA31_3626,BA31_3627,BA31_3628,BA31_3629,BA31_3630,BA31_3631,BA31_3632,BA31_3633,BA31_3634,BA31_3621,BA31_3646,BA31_3647,BA31_3648,BA31_3649,BA31_3650,BA31_3645,BA31_3644,BA31_3643,BA31_3642,BA31_3721,BA31_3722,BA31_3723,BA31_3724,BA31_3725,BA31_3726,BA31_3727,BA31_3728,BA31_3729,BA31_3730,BA31_3731,BA31_3732,BA31_3733,BA31_3720,BA31_3719,BA31_3718,BA31_3742,BA31_3743,BA31_3744,BA31_3745,BA31_3746,BA31_3747,BA31_3748,BA31_3749,BA31_3750,BA31_3741,BA31_3818,BA31_3819,BA31_3820,BA31_3821,BA31_3822,BA31_3823,BA31_3824,BA31_3825,BA31_3826,BA31_3827,BA31_3828,BA31_3829,BA31_3830,BA31_3831,BA31_3832,BA31_3833,BA31_3817,BA31_3816,BA31_3841,BA31_3842,BA31_3843,BA31_3844,BA31_3845,BA31_3846,BA31_3847,BA31_3848,BA31_3849,BA31_3850,BA31_3917,BA31_3918,BA31_3919,BA31_3920,BA31_3921,BA31_3922,BA31_3923,BA31_3924,BA31_3925,BA31_3926,BA31_3927,BA31_3928,BA31_3929,BA31_3930,BA31_3931,BA31_3932,BA31_3933,BA31_3934,BA31_3935,BA31_3835,BA31_3936,BA31_3937,BA31_3941,BA31_3942,BA31_3943,BA31_3944,BA31_3945,BA31_3946,BA31_3947,BA31_3948,BA31_3949,BA31_3950,BA31_3940,BA31_4021,BA31_4022,BA31_4023,BA31_4024,BA31_4025,BA31_4026,BA31_4027,BA31_4028,BA31_4029,BA31_4030,BA31_4031,BA31_4032,BA31_4033,BA31_4034,BA31_4035,BA31_4036,BA31_4037,BA31_4040,BA31_4041,BA31_4042,BA31_4043,BA31_4044,BA31_4045,BA31_4046,BA31_4047,BA31_4048,BA31_4049,BA31_4050,BA31_4122,BA31_4123,BA31_4124,BA31_4125,BA31_4126,BA31_4127,BA31_4128,BA31_4129,BA31_4130,BA31_4131,BA31_4132,BA31_4133,BA31_4134,BA31_4135,BA31_4136,BA31_4137,BA31_4138,BA31_4139,BA31_4140,BA31_4141,BA31_4142,BA31_4143,BA31_4144,BA31_4145,BA31_4146,BA31_4147,BA31_4148,BA31_4149,BA31_4150,BA31_4223,BA31_4224,BA31_4225,BA31_4226,BA31_4227,BA31_4228,BA31_4229,BA31_4230,BA31_4231,BA31_4232,BA31_4233,BA31_4234,BA31_4235,BA31_4236,BA31_4237,BA31_4238,BA31_4239,BA31_4240,BA31_4241,BA31_4242,BA31_4243,BA31_4244,BA31_4245,BA31_4246,BA31_4247,BA31_4248,BA31_4249,BA31_4250,BA31_4323,BA31_4324,BA31_4325,BA31_4326,BA31_4327,BA31_4328,BA31_4329,BA31_4330,BA31_4331,BA31_4332,BA31_4333,BA31_4334,BA31_4335,BA31_4336,BA31_4337,BA31_4338,BA31_4339,BA31_4340,BA31_4341,BA31_4342,BA31_4343,BA31_4344,BA31_4345,BA31_4346,BA31_4347,BA31_4348,BA31_4349,BA31_4350,BA31_4425,BA31_4426,BA31_4427,BA31_4428,BA31_4429,BA31_4430,BA31_4431,BA31_4432,BA31_4433,BA31_4434,BA31_4435,BA31_4436,BA31_4437,BA31_4438,BA31_4439,BA31_4440,BA31_4441,BA31_4442,BA31_4443,BA31_4444,BA31_4445,BA31_4446,BA31_4447,BA31_4448,BA31_4449,BA31_4450,BA31_4526,BA31_4527,BA31_4528,BA31_4529,BA31_4530,BA31_4531,BA31_4532,BA31_4533,BA31_4534,BA31_4535,BA31_4536,BA31_4537,BA31_4538,BA31_4539,BA31_4540,BA31_4541,BA31_4542,BA31_4543,BA31_4544,BA31_4545,BA31_4546,BA31_4547,BA31_4548,BA31_4549,BA31_4550,BA31_4626,BA31_4627,BA31_4628,BA31_4629,BA31_4630,BA31_4631,BA31_4632,BA31_4633,BA31_4634,BA31_4635,BA31_4636,BA31_4637,BA31_4638,BA31_4639,BA31_4640,BA31_4641,BA31_4642,BA31_4643,BA31_4644,BA31_4645,BA31_4646,BA31_4647,BA31_4648,BA31_4649,BA31_4650,BA31_4728,BA31_4729,BA31_4730,BA31_4731,BA31_4732,BA31_4733,BA31_4734,BA31_4735,BA31_4736,BA31_4737,BA31_4738,BA31_4739,BA31_4740,BA31_4741,BA31_4742,BA31_4743,BA31_4744,BA31_4745,BA31_4746,BA31_4747,BA31_4748,BA31_4749,BA31_4750,BA31_4829,BA31_4830,BA31_4831,BA31_4832,BA31_4833,BA31_4834,BA31_4835,BA31_4836,BA31_4837,BA31_4838,BA31_4839,BA31_4840,BA31_4841,BA31_4842,BA31_4843,BA31_4844,BA31_4845,BA31_4846,BA31_4847,BA31_4848,BA31_4849,BA31_4850,BA31_4929,BA31_4930,BA31_4931,BA31_4932,BA31_4933,BA31_4934,BA31_4935,BA31_4936,BA31_4937,BA31_4938,BA31_4939,BA31_4940,BA31_4941,BA31_4928,BA31_4943,BA31_4944,BA31_4945,BA31_4946,BA31_4947,BA31_4948,BA31_4949,BA31_4950,BA31_5028,BA31_5029,BA31_5030,BA31_5031,BA31_5032,BA31_5033,BA31_5034,BA31_5035,BA31_5036,BA31_5027,BA31_5045,BA31_5046,BA31_5047,BA32_0801,BA32_0901,BA32_1001,BA32_1101,BA32_1201,BA32_1301,BA32_1401,BA32_1501,BA32_1601,BA32_1701,BA32_1801,BA32_1901,BA32_2001,BA32_2101,BA32_2201,BA32_2301,BA32_2401,BA32_2501,BA32_2601,BA32_2701,BA32_2801,BA32_2901,BA32_3001,BA32_3101,BA32_3201,BA32_3301,BA32_3401,BA32_3501,BA32_3601,BA32_3701,BA32_3801,BA32_3901,BA32_4001,BA32_4101,BA32_4201,BA32_4301,BA32_4401,BA32_4501,BA32_4601,BA32_4701,BA32_4801,BA32_4901,BA32_2402,BA32_2502,BA32_2602,BA32_2702,BA32_2802,BA32_2902,BA32_3002,BA32_3102,BA32_2302,BA32_2202,BA32_2102,BA32_2002,BA32_1902,BA32_1802,BA32_1702,BA32_1602,BA32_1502,BA32_1402,BA32_1302,BA32_1202,BA32_1102,BA32_2603,BA32_2703,BA32_2803,BA32_2903,BA32_2503,BA32_2403,BA32_2303,BA32_2203,BA32_2103,BA32_2003,BA32_1903,BA32_2904,BA32_2804,BA32_2704,BA32_2604,BA32_2504,BA32_2404,BA32_2304,BA32_2204,BA32_2104,BA32_2004,BA32_1303,BA32_1203,BA32_3402,BA32_3502,BA32_3602,BA32_3702,BA32_3802,BA32_3902,BA32_4002,BA32_4102,BA32_4202,BA32_4302,BA32_4402,BA32_4502,BA32_4602,BA32_4702,BA32_4802,BA32_4902,BA32_3503,BA32_3603,BA32_3703,BA32_3803,BA32_3903,BA32_4003,BA32_4103,BA32_4203,BA32_4303,BA32_4403,BA32_4503,BA32_4603,BA32_4703,BA32_4803,BA32_3504,BA32_3604,BA32_3704,BA32_3804,BA32_3904,BA32_4004,BA32_4104,BA32_4204,BA32_4304,BA32_4404,BA32_4504,BA32_4604,BA32_4704,BA32_4804,BA32_3605,BA32_3705,BA32_3805,BA32_3905,BA32_4005,BA32_4105,BA32_4205,BA32_4305,BA32_4405,BA32_4505,BA32_4605,BA32_4705,BA32_3505,BA32_4805,BA32_3706,BA32_3806,BA32_3906,BA32_4006,BA32_4106,BA32_4206,BA32_4306,BA32_4406,BA32_4506,BA32_4606,BA32_3606,BA32_3506,BA32_4706,BA32_4806,BA32_3507,BA32_3607,BA32_3707,BA32_3807,BA32_3907,BA32_4007,BA32_4107,BA32_4207,BA32_4307,BA32_4407,BA32_4507,BA32_4607,BA32_4707,BA32_4807,BA32_3508,BA32_3608,BA32_3708,BA32_3808,BA32_3908,BA32_4008,BA32_4108,BA32_4208,BA32_4308,BA32_4408,BA32_4508,BA32_4608,BA32_4708,BA32_4808,BA32_3809,BA32_3909,BA32_4009,BA32_4109,BA32_4209,BA32_4309,BA32_4409,BA32_4509,BA32_3709,BA32_3609,BA32_4609,BA32_4709,BA32_4809,BA32_3910,BA32_4010,BA32_4110,BA32_4210,BA32_4310,BA32_4410,BA32_4510,BA32_4610,BA32_4710,BA32_3810,BA32_3710,BA32_4810,BA32_3811,BA32_3911,BA32_4011,BA32_4111,BA32_4211,BA32_4311,BA32_4411,BA32_4511,BA32_4611,BA32_4711,BA32_3711,BA32_4811,BA32_3912,BA32_3812,BA32_4012,BA32_4112,BA32_4212,BA32_4312,BA32_4412,BA32_3712,BA32_4512,BA32_4612,BA32_4712,BA32_4812,BA32_4013,BA32_4113,BA32_4213,BA32_4313,BA32_3913,BA32_3813,BA32_4413,BA32_4513,BA32_4613,BA32_4713,BA32_3713,BA32_4813,BA32_3613,BA32_3612,BA32_3611,BA32_4014,BA32_4114,BA32_4214,BA32_4314,BA32_4414,BA32_3914,BA32_3814,BA32_3714,BA32_3614,BA32_4514,BA32_4614,BA32_4714,BA32_4814,BA32_2505,BA32_2405,BA32_2605,BA32_2705,BA32_2805,BA32_2905,BA32_3407,BA32_2806,BA32_2706,BA32_2906,BA32_2606,BA32_2506,BA32_2406,BA32_4115,BA32_4215,BA32_4315,BA32_4415,BA32_4515,BA32_4015,BA32_3915,BA32_3815,BA32_3715,BA32_3615,BA32_4615,BA32_4715,BA32_4815,BA32_4116,BA32_4216,BA32_4316,BA32_4416,BA32_4516,BA32_4616,BA32_4016,BA32_3916,BA32_3816,BA32_3716,BA32_3616,BA32_4716,BA32_4816,BA32_3005,BA32_3006,BA32_3105,BA32_3106,BA32_3206,BA32_3205,BA32_3306,BA32_3307,BA32_3207,BA32_3107,BA32_3007,BA32_2907,BA32_2807,BA32_2707,BA32_4217,BA32_4317,BA32_4117,BA32_4417,BA32_4517,BA32_4617,BA32_4717,BA32_4017,BA32_3917,BA32_3817,BA32_3717,BA32_3617,BA32_4817,BA32_2908,BA32_3008,BA32_3108,BA32_2808,BA32_3208,BA32_3308,BA32_3718,BA32_3618,BA32_3818,BA32_3918,BA32_4018,BA32_4118,BA32_4218,BA32_4318,BA32_4418,BA32_4518,BA32_4618,BA32_4718,BA32_4818,BA32_3009,BA32_2909,BA32_3109,BA32_3209,BA32_3309,BA32_3409,BA32_4219,BA32_4319,BA32_4419,BA32_4519,BA32_4119,BA32_4619,BA32_4019,BA32_3919,BA32_3819,BA32_4719,BA32_4819,BA32_3719,BA32_3619,BA32_2205,BA32_4220,BA32_4320,BA32_4420,BA32_4520,BA32_4620,BA32_4120,BA32_4720,BA32_4820,BA32_4020,BA32_3920,BA32_3820,BA32_3720,BA32_3620,BA32_3721,BA32_3621,BA32_3821,BA32_3921,BA32_4021,BA32_4121,BA32_4221,BA32_4321,BA32_4421,BA32_4521,BA32_4621,BA32_4721,BA32_4821,BA32_3210,BA32_3310,BA32_3410,BA32_3110,BA32_3010,BA32_4422,BA32_4522,BA32_4622,BA32_4322,BA32_4222,BA32_4122,BA32_4022,BA32_3922,BA32_4722,BA32_3822,BA32_3722,BA32_3622,BA32_4822,BA32_4123,BA32_4023,BA32_3923,BA32_3823,BA32_3723,BA32_4223,BA32_3623,BA32_3824,BA32_3724,BA32_3624,BA32_3924,BA32_4024,BA32_4124,BA32_3311,BA32_3211,BA32_3111,BA32_3515,BA32_3514,BA32_3522,BA32_3212,BA32_3312,BA32_4523,BA32_4623,BA32_4723,BA32_4823,BA32_4524,BA32_4624,BA32_4724,BA32_4824,BA32_4025,BA32_3925,BA32_3825,BA32_3725,BA32_4026,BA32_3926,BA32_4027,BA32_4424,BA32_4324,BA32_4625,BA32_4725,BA32_4525,BA32_4425,BA32_4825,BA32_4325,BA32_4326,BA32_4426,BA32_4526,BA32_4626,BA32_4726,BA32_4826,BA32_4527,BA32_4627,BA32_4427,BA32_4327,BA32_4727,BA32_4827,BA32_4528,BA32_4428,BA32_4628,BA32_4728,BA32_4328,BA32_4828,BA32_4629,BA32_4729,BA32_4529,BA32_4429,BA32_4329,BA32_4829,BA32_4630,BA32_4530,BA32_4430,BA32_4330,BA32_4730,BA32_4830,BA32_4228,BA32_4127,BA32_4229,BA32_4230,BA32_4128,BA32_4129,BA32_4130,BA32_4131,BA32_4231,BA32_4331,BA32_4431,BA32_4531,BA32_4631,BA32_4731,BA32_4831,BA32_4232,BA32_4132,BA32_4332,BA32_4432,BA32_4532,BA32_4632,BA32_4732,BA32_4832,BA32_4333,BA32_4433,BA32_4533,BA32_4233,BA32_4133,BA32_4633,BA32_4733,BA32_4833,BA32_4334,BA32_4234,BA32_4134,BA32_4434,BA32_4534,BA32_4634,BA32_4734,BA32_4834,BA32_4735,BA32_4635,BA32_4535,BA32_4435,BA32_4335,BA32_4235,BA32_4835,BA32_4031,BA32_4030,BA32_4029,BA32_3930,BA32_3929,BA32_3928,BA32_4636,BA32_4736,BA32_4536,BA32_4436,BA32_4336,BA32_4236,BA32_4637,BA32_4737,BA32_4537,BA32_4437,BA32_4337,BA32_3829,BA32_3830,BA32_3828,BA32_4538,BA32_4438,BA32_4638,BA32_4338,BA32_3729,BA32_3728,BA32_3730,BA32_3628,BA32_3629,BA32_4906,BA32_4907,BA32_4908,BA32_4909,BA32_4910,BA32_4911,BA32_4912,BA32_4913,BA32_4914,BA32_4915,BA32_4916,BA32_4917,BA32_4918,BA32_4919,BA32_4920,BA32_4921,BA32_4922,BA32_4923,BA32_4924,BA32_4925,BA32_4926,BA32_4927,BA32_4928,BA32_4929,BA32_4930,BA32_4931,BA32_4932,BA32_4933,BA32_5006,BA32_5007,BA32_5008,BA32_5009,BA32_5005,BA32_5004,BA32_5003,BA32_5015,BA32_5016,BA32_5017,BA32_5018,BA32_5019,BA32_5020,BA32_5021,BA32_5022,BA32_5023,BA32_5024,BA32_5025,BA32_5026,BA32_5027,BA32_5028,BA32_5029,BA32_5030,BA32_5031,BA32_5032,BA32_5033,BB31_0127,BB31_0128,BB31_0129,BB31_0130,BB31_0131,BB31_0132,BB31_0133,BB31_0134,BB31_0135,BB31_0126,BB31_0226,BB31_0227,BB31_0228,BB31_0229,BB31_0230,BB31_0231,BB31_0232,BB31_0233,BB31_0234,BB31_0326,BB31_0327,BB31_0328,BB31_0329,BB31_0330,BB31_0331,BB31_0332,BB31_0427,BB31_0428,BB31_0429,BB31_0430,BB31_0431,BB31_0432,BB31_0528,BB31_0529,BB31_0530,BB31_0628,BB32_0103,BB32_0104,BB32_0105,BB32_0106,BB32_0107,BB32_0108,BB32_0109,BB32_0102,BB32_0110,BB32_0111,BB32_0112,BB32_0113,BB32_0114,BB32_0115,BB32_0116,BB32_0117,BB32_0118,BB32_0119,BB32_0120,BB32_0121,BB32_0122,BB32_0123,BB32_0124,BB32_0125,BB32_0126,BB32_0127,BB32_0128,BB32_0129,BB32_0130,BB32_0131,BB32_0132,BB32_0133,BB32_0204,BB32_0205,BB32_0206,BB32_0207,BB32_0208,BB32_0209,BB32_0210,BB32_0211,BB32_0212,BB32_0213,BB32_0214,BB32_0215,BB32_0216,BB32_0217,BB32_0218,BB32_0219,BB32_0220,BB32_0221,BB32_0222,BB32_0223,BB32_0224,BB32_0225,BB32_0226,BB32_0227,BB32_0228,BB32_0229,BB32_0230,BB32_0231,BB32_0232,BB32_0233,BB32_0234,BB32_0305,BB32_0306,BB32_0307,BB32_0308,BB32_0309,BB32_0310,BB32_0311,BB32_0312,BB32_0313,BB32_0314,BB32_0315,BB32_0316,BB32_0317,BB32_0318,BB32_0319,BB32_0320,BB32_0321,BB32_0322,BB32_0323,BB32_0324,BB32_0325,BB32_0326,BB32_0327,BB32_0328,BB32_0329,BB32_0330,BB32_0331,BB32_0332,BB32_0333,BB32_0334,BB32_0335,BB32_0405,BB32_0406,BB32_0407,BB32_0408,BB32_0409,BB32_0410,BB32_0411,BB32_0412,BB32_0413,BB32_0414,BB32_0415,BB32_0416,BB32_0417,BB32_0418,BB32_0419,BB32_0420,BB32_0421,BB32_0422,BB32_0423,BB32_0424,BB32_0425,BB32_0426,BB32_0427,BB32_0428,BB32_0429,BB32_0430,BB32_0431,BB32_0432,BB32_0433,BB32_0434,BB32_0435,BB32_0404,BB32_0436,BB32_0504,BB32_0505,BB32_0506,BB32_0507,BB32_0508,BB32_0509,BB32_0510,BB32_0511,BB32_0512,BB32_0513,BB32_0514,BB32_0515,BB32_0516,BB32_0517,BB32_0518,BB32_0519,BB32_0520,BB32_0521,BB32_0522,BB32_0523,BB32_0524,BB32_0525,BB32_0526,BB32_0527,BB32_0528,BB32_0529,BB32_0530,BB32_0531,BB32_0532,BB32_0533,BB32_0534,BB32_0535,BB32_0503,BB32_0603,BB32_0604,BB32_0605,BB32_0606,BB32_0607,BB32_0608,BB32_0609,BB32_0610,BB32_0611,BB32_0612,BB32_0613,BB32_0614,BB32_0615,BB32_0616,BB32_0617,BB32_0618,BB32_0619,BB32_0620,BB32_0621,BB32_0622,BB32_0623,BB32_0624,BB32_0625,BB32_0626,BB32_0627,BB32_0628,BB32_0629,BB32_0630,BB32_0631,BB32_0632,BB32_0633,BB32_0634,BB32_0635,BB32_0602,BB32_0702,BB32_0703,BB32_0704,BB32_0705,BB32_0706,BB32_0707,BB32_0708,BB32_0709,BB32_0710,BB32_0701,BB32_0712,BB32_0713,BB32_0714,BB32_0715,BB32_0716,BB32_0717,BB32_0718,BB32_0719,BB32_0720,BB32_0721,BB32_0722,BB32_0723,BB32_0724,BB32_0725,BB32_0726,BB32_0727,BB32_0728,BB32_0729,BB32_0730,BB32_0731,BB32_0732,BB32_0733,BB32_0734,BB32_0735,BB32_0736,BB32_0801,BB32_0802,BB32_0803,BB32_0804,BB32_0805,BB32_0806,BB32_0807,BB32_0808,BB32_0809,BB32_0810,BB31_0850,BB31_0950,BB32_0901,BB32_0902,BB32_0903,BB32_0904,BB32_0905,BB32_0906,BB32_0907,BB32_0908,BB32_0909,BB32_0910,BB32_0817,BB32_0818,BB32_0819,BB32_0820,BB32_0821,BB32_0822,BB32_0823,BB32_0824,BB32_0825,BB32_0826,BB32_0827,BB32_0828,BB32_0829,BB32_0830,BB32_0831,BB32_0832,BB32_0833,BB32_0834,BB32_0835,BB32_0836,BB32_0816,BB32_0815,BB32_0814,BB32_0813,BB32_0812,BB32_0911,BB32_0912,BB32_0913,BB32_0914,BB32_0915,BB32_0916,BB32_0917,BB32_0918,BB32_0919,BB32_0920,BB32_0921,BB32_0922,BB32_0923,BB32_0924,BB32_0925,BB32_0926,BB32_0927,BB32_0928,BB32_0929,BB32_0933,BB32_0934,BB32_1001,BB32_1002,BB32_1003,BB32_1004,BB32_1005,BB32_1006,BB32_1007,BB32_1008,BB32_1009,BB32_1010,BB32_1011,BB32_1012,BB32_1013,BB32_1014,BB32_1015,BB32_1016,BB32_1017,BB32_1018,BB32_1019,BB32_1020,BB32_1021,BB32_1022,BB32_1023,BB32_1024,BB32_1025,BB32_1026,BB32_1027,BB32_1028,BB32_1029,BB32_1030,BB32_1031,BB32_1032,BB32_1033,BB32_1103,BB32_1104,BB32_1105,BB32_1106,BB32_1107,BB32_1108,BB32_1109,BB32_1110,BB32_1111,BB32_1112,BB32_1113,BB32_1114,BB32_1115,BB32_1116,BB32_1117,BB32_1118,BB32_1119,BB32_1120,BB32_1121,BB32_1122,BB32_1123,BB32_1124,BB32_1125,BB32_1126,BB32_1127,BB32_1128,BB32_1129,BB32_1130,BB32_1131,BB32_1132,BB32_1203,BB32_1204,BB32_1205,BB32_1206,BB32_1207,BB32_1209,BB32_1210,BB32_1211,BB32_1212,BB32_1214,BB32_1215,BB32_1216,BB32_1217,BB32_1218,BB32_1219,BB32_1220,BB32_1221,BB32_1222,BB32_1223,BB32_1224,BB32_1225,BB32_1226,BB32_1227,BB32_1228,BB32_1229,BB32_1230,BB32_1231,BB32_1232,BB32_1316,BB32_1317,BB32_1318,BB32_1319,BB32_1320,BB32_1321,BB32_1322,BB32_1323,BB32_1324,BB32_1325,BB32_1326,BB32_1327,BB32_1328,BB32_1329,BB32_1330,BB32_1331,BB32_1332,BB32_1417,BB32_1418,BB32_1419,BB32_1420,BB32_1421,BB32_1422,BB32_1423,BB32_1424,BB32_1425,BB32_1426,BB32_1427,BB32_1428,BB32_1429,BB32_1430,BB32_1431,BB32_1432,BB32_1433,BB32_1519,BB32_1520,BB32_1521,BB32_1522,BB32_1523,BB32_1524,BB32_1525,BB32_1526,BB32_1527,BB32_1528,BB32_1529,BB32_1530,BB32_1531,BB32_1532,BB32_1533,BB32_1534,BB32_1535,BB32_1536,BB32_1619,BB32_1620,BB32_1621,BB32_1622,BB32_1623,BB32_1624,BB32_1625,BB32_1626,BB32_1627,BB32_1628,BB32_1629,BB32_1630,BB32_1631,BB32_1632,BB32_1633,BB32_1634,BB32_1635,BB32_1636,BB32_1637,BB32_1719,BB32_1720,BB32_1721,BB32_1722,BB32_1723,BB32_1724,BB32_1725,BB32_1726,BB32_1727,BB32_1728,BB32_1729,BB32_1730,BB32_1731,BB32_1732,BB32_1733,BB32_1734,BB32_1735,BB32_1736,BB32_1737,BB32_1738,BB32_1739,BB32_1740,BB32_1741,BB32_1820,BB32_1821,BB32_1822,BB32_1823,BB32_1824,BB32_1825,BB32_1826,BB32_1828,BB32_1829,BB32_1830,BB32_1831,BB32_1832,BB32_1833,BB32_1834,BB32_1835,BB32_1836,BB32_1837,BB32_1838,BB32_1839,BB32_1840,BB32_1841,BB32_1925,BB32_1928,BB32_1929,BB32_1930,BB32_1931,BB32_1932,BB32_1933,BB32_1934,BB32_1935,BB32_1936,BB32_1937,BB32_1938,BB32_1939,BB32_1940,BB32_1941,BB32_1942,BB32_2030,BB32_2031,BB32_2032,BB32_2033,BB32_2034,BB32_2035,BB32_2036,BB32_2037,BB32_2038,BB32_2039,BB32_2040,BB32_2041,BB32_2042,BB32_2029,BB32_2028,BB32_2130,BB32_2131,BB32_2132,BB32_2133,BB32_2134,BB32_2135,BB32_2136,BB32_2137,BB32_2138,BB32_2139,BB32_2140,BB32_2141,BB32_2142,BB32_2129,BB32_2128,BB32_2143,BB32_2230,BB32_2231,BB32_2232,BB32_2233,BB32_2234,BB32_2235,BB32_2236,BB32_2237,BB32_2238,BB32_2239,BB32_2240,BB32_2241,BB32_2242,BB32_2229,BB32_2228,BB32_2331,BB32_2332,BB32_2333,BB32_2334,BB32_2335,BB32_2336,BB32_2330,BB32_2329,BB32_2328,BB32_2435,BB32_2436,BB32_2434,BB32_2433,BB32_2432,BB32_2533,BB32_2534,BB32_2535,BB32_2536,BB32_2532,BB32_2632,BB32_2633,BB32_2634,BB32_2635,BB32_2636,BB32_2631,BB32_2531,BB32_2637,BB32_2537,BB32_2437,BB32_2731,BB32_2732,BB32_2733,BB32_2734,BB32_2735,BB32_2736,BB32_2737,BB32_2738,BB32_2638,BB32_2538,BB32_2739,BB32_2639,BB32_2539,BB32_2831,BB32_2832,BB32_2833,BB32_2834,BB32_2835,BB32_2836,BB32_2837,BB32_2838,BB32_2839,BB32_2840,BB32_2740,BB32_2640,BB32_2931,BB32_2932,BB32_2933,BB32_2934,BB32_2935,BB32_2936,BB32_2937,BB32_2938,BB32_2939,BB32_2940,BB32_2941,BB32_2841,BB32_2741,BB32_3031,BB32_3032,BB32_3033,BB32_3034,BB32_3035,BB32_3036,BB32_3037,BB32_3038,BB32_3039,BB32_3040,BB32_3041,BB32_3042,BB32_2942,BB32_2842,BB32_2742,BB32_3139,BB32_3140,BB32_3141,BB32_3142,BB32_3240,BB32_2227,BB32_2327,BB32_3043,BB32_3133,BB32_3132,BA32_3104,BA32_4226,BA32_4227,BA32_3204,BA32_3305<BR><B>SHEET</B> = BA31,BA32,BB31,BB32<BR><B>SCALE</B> = 1000<BR><B>CLOSED</B> = YES<BR><B>BORDER_STY</B> = Solid<BR><B>BORDER_COL</B> = RGB(0,0,0)<BR><B>BORDER_WID</B> = 1<BR><B>FILL_STYLE</B> = No Fill<BR><B>LABEL_POS</B> = 1755760.000,5940600.000,1755760.000,5939880.000,1755280.000,5939880.000,1755280.000,5939160.000,1755760.000,5939160.000,1754800.000,5939160.000,1754320.000,5939160.000,1754320.000,5938440.000,1754800.000,5938440.000,1755280.000,5938440.000,1755760.000,5938440.000,1753840.000,5938440.000,1753360.000,5938440.000,1753360.000,5937720.000,1753840.000,5937720.000,1754320.000,5937720.000,1754800.000,5937720.000,1755280.000,5937720.000,1755760.000,5937720.000,1753360.000,5937000.000,1753840.000,5937000.000,1754320.000,5937000.000,1754800.000,5937000.000,1755280.000,5937000.000,1755760.000,5937000.000,1753360.000,5936280.000,1753840.000,5936280.000,1754320.000,5936280.000,1754800.000,5936280.000,1755280.000,5936280.000,1755760.000,5936280.000,1752880.000,5936280.000,1752400.000,5936280.000,1752400.000,5935560.000,1752880.000,5935560.000,1753360.000,5935560.000,1753840.000,5935560.000,1754320.000,5935560.000,1754800.000,5935560.000,1755280.000,5935560.000,1755760.000,5935560.000,1751920.000,5935560.000,1751440.000,5935560.000,1751440.000,5934840.000,1751920.000,5934840.000,1752400.000,5934840.000,1752880.000,5934840.000,1753360.000,5934840.000,1753840.000,5934840.000,1754320.000,5934840.000,1754800.000,5934840.000,1755280.000,5934840.000,1755760.000,5934840.000,1750960.000,5934840.000,1750480.000,5934840.000,1750000.000,5934840.000,1750480.000,5934120.000,1750960.000,5934120.000,1751440.000,5934120.000,1751920.000,5934120.000,1752400.000,5934120.000,1752880.000,5934120.000,1753360.000,5934120.000,1753840.000,5934120.000,1754320.000,5934120.000,1754800.000,5934120.000,1755280.000,5934120.000,1755760.000,5934120.000,1750480.000,5933400.000,1750960.000,5933400.000,1751440.000,5933400.000,1751920.000,5933400.000,1752400.000,5933400.000,1752880.000,5933400.000,1753360.000,5933400.000,1753840.000,5933400.000,1754320.000,5933400.000,1754800.000,5933400.000,1755280.000,5933400.000,1755760.000,5933400.000,1750480.000,5932680.000,1750960.000,5932680.000,1751440.000,5932680.000,1751920.000,5932680.000,1752400.000,5932680.000,1752880.000,5932680.000,1753360.000,5932680.000,1753840.000,5932680.000,1754320.000,5932680.000,1754800.000,5932680.000,1755280.000,5932680.000,1755760.000,5932680.000,1750000.000,5932680.000,1750000.000,5931960.000,1750480.000,5931960.000,1750960.000,5931960.000,1751440.000,5931960.000,1751920.000,5931960.000,1752400.000,5931960.000,1752880.000,5931960.000,1753360.000,5931960.000,1753840.000,5931960.000,1754320.000,5931960.000,1754800.000,5931960.000,1755280.000,5931960.000,1755760.000,5931960.000,1750000.000,5931240.000,1750480.000,5931240.000,1750960.000,5931240.000,1751440.000,5931240.000,1751920.000,5931240.000,1752400.000,5931240.000,1752880.000,5931240.000,1753360.000,5931240.000,1753840.000,5931240.000,1754320.000,5931240.000,1754800.000,5931240.000,1755280.000,5931240.000,1755760.000,5931240.000,1749520.000,5931240.000,1749520.000,5930520.000,1750000.000,5930520.000,1750480.000,5930520.000,1750960.000,5930520.000,1751440.000,5930520.000,1751920.000,5930520.000,1752400.000,5930520.000,1752880.000,5930520.000,1753360.000,5930520.000,1753840.000,5930520.000,1754320.000,5930520.000,1754800.000,5930520.000,1755280.000,5930520.000,1755760.000,5930520.000,1749520.000,5929800.000,1750000.000,5929800.000,1750480.000,5929800.000,1750960.000,5929800.000,1751440.000,5929800.000,1751920.000,5929800.000,1752400.000,5929800.000,1752880.000,5929800.000,1753360.000,5929800.000,1753840.000,5929800.000,1754320.000,5929800.000,1754800.000,5929800.000,1755280.000,5929800.000,1755760.000,5929800.000,1749040.000,5929800.000,1748560.000,5929800.000,1748560.000,5929080.000,1749040.000,5929080.000,1749520.000,5929080.000,1750000.000,5929080.000,1750480.000,5929080.000,1750960.000,5929080.000,1751440.000,5929080.000,1751920.000,5929080.000,1752400.000,5929080.000,1752880.000,5929080.000,1753360.000,5929080.000,1753840.000,5929080.000,1754320.000,5929080.000,1754800.000,5929080.000,1755280.000,5929080.000,1755760.000,5929080.000,1748560.000,5928360.000,1749040.000,5928360.000,1749520.000,5928360.000,1750000.000,5928360.000,1750480.000,5928360.000,1750960.000,5928360.000,1751440.000,5928360.000,1751920.000,5928360.000,1752400.000,5928360.000,1752880.000,5928360.000,1753360.000,5928360.000,1753840.000,5928360.000,1754320.000,5928360.000,1754800.000,5928360.000,1755280.000,5928360.000,1755760.000,5928360.000,1748560.000,5927640.000,1749040.000,5927640.000,1749520.000,5927640.000,1750000.000,5927640.000,1750480.000,5927640.000,1750960.000,5927640.000,1751440.000,5927640.000,1751920.000,5927640.000,1752400.000,5927640.000,1752880.000,5927640.000,1753360.000,5927640.000,1753840.000,5927640.000,1754320.000,5927640.000,1754800.000,5927640.000,1755280.000,5927640.000,1755760.000,5927640.000,1748080.000,5927640.000,1747600.000,5927640.000,1747600.000,5926920.000,1748080.000,5926920.000,1748560.000,5926920.000,1749040.000,5926920.000,1749520.000,5926920.000,1750000.000,5926920.000,1750480.000,5926920.000,1750960.000,5926920.000,1751440.000,5926920.000,1751920.000,5926920.000,1752400.000,5926920.000,1752880.000,5926920.000,1753360.000,5926920.000,1753840.000,5926920.000,1754320.000,5926920.000,1754800.000,5926920.000,1755280.000,5926920.000,1755760.000,5926920.000,1747120.000,5926920.000,1746640.000,5926920.000,1746160.000,5926920.000,1746160.000,5926200.000,1746640.000,5926200.000,1747120.000,5926200.000,1747600.000,5926200.000,1748080.000,5926200.000,1748560.000,5926200.000,1749040.000,5926200.000,1749520.000,5926200.000,1750000.000,5926200.000,1750480.000,5926200.000,1750960.000,5926200.000,1751440.000,5926200.000,1751920.000,5926200.000,1752400.000,5926200.000,1752880.000,5926200.000,1753360.000,5926200.000,1753840.000,5926200.000,1754320.000,5926200.000,1754800.000,5926200.000,1755280.000,5926200.000,1755760.000,5926200.000,1745680.000,5926200.000,1745200.000,5926200.000,1744720.000,5926200.000,1744720.000,5926920.000,1744240.000,5926920.000,1744240.000,5926200.000,1744240.000,5927640.000,1743760.000,5927640.000,1743760.000,5926920.000,1743760.000,5926200.000,1743280.000,5927640.000,1743280.000,5926920.000,1743280.000,5926200.000,1742800.000,5926200.000,1742800.000,5926920.000,1742800.000,5927640.000,1742320.000,5927640.000,1742320.000,5926920.000,1742320.000,5926200.000,1741840.000,5926200.000,1741840.000,5926920.000,1741840.000,5925480.000,1742320.000,5925480.000,1742800.000,5925480.000,1743280.000,5925480.000,1743760.000,5925480.000,1744240.000,5925480.000,1744720.000,5925480.000,1745200.000,5925480.000,1745680.000,5925480.000,1746160.000,5925480.000,1746640.000,5925480.000,1747120.000,5925480.000,1747600.000,5925480.000,1748080.000,5925480.000,1748560.000,5925480.000,1749040.000,5925480.000,1750480.000,5925480.000,1750960.000,5925480.000,1751440.000,5925480.000,1751920.000,5925480.000,1752400.000,5925480.000,1752880.000,5925480.000,1753360.000,5925480.000,1753840.000,5925480.000,1754320.000,5925480.000,1754800.000,5925480.000,1755280.000,5925480.000,1755760.000,5925480.000,1741840.000,5924760.000,1742320.000,5924760.000,1742800.000,5924760.000,1743280.000,5924760.000,1743760.000,5924760.000,1744240.000,5924760.000,1744720.000,5924760.000,1745200.000,5924760.000,1745680.000,5924760.000,1746160.000,5924760.000,1746640.000,5924760.000,1741360.000,5924760.000,1750480.000,5924760.000,1750960.000,5924760.000,1751440.000,5924760.000,1751920.000,5924760.000,1752400.000,5924760.000,1752880.000,5924760.000,1753360.000,5924760.000,1753840.000,5924760.000,1754320.000,5924760.000,1754800.000,5924760.000,1755280.000,5924760.000,1755760.000,5924760.000,1741360.000,5924040.000,1741840.000,5924040.000,1742320.000,5924040.000,1742800.000,5924040.000,1743280.000,5924040.000,1743760.000,5924040.000,1744240.000,5924040.000,1744720.000,5924040.000,1745200.000,5924040.000,1745680.000,5924040.000,1746160.000,5924040.000,1746640.000,5924040.000,1740880.000,5924040.000,1750960.000,5924040.000,1751440.000,5924040.000,1751920.000,5924040.000,1752400.000,5924040.000,1752880.000,5924040.000,1753360.000,5924040.000,1753840.000,5924040.000,1754320.000,5924040.000,1754800.000,5924040.000,1755280.000,5924040.000,1755760.000,5924040.000,1740880.000,5923320.000,1741360.000,5923320.000,1741840.000,5923320.000,1742320.000,5923320.000,1742800.000,5923320.000,1743280.000,5923320.000,1743760.000,5923320.000,1744240.000,5923320.000,1744720.000,5923320.000,1745200.000,5923320.000,1745680.000,5923320.000,1746160.000,5923320.000,1746640.000,5923320.000,1740400.000,5923320.000,1747120.000,5923320.000,1747600.000,5923320.000,1751440.000,5923320.000,1751920.000,5923320.000,1752400.000,5923320.000,1752880.000,5923320.000,1753360.000,5923320.000,1753840.000,5923320.000,1754320.000,5923320.000,1754800.000,5923320.000,1755280.000,5923320.000,1755760.000,5923320.000,1740400.000,5922600.000,1740880.000,5922600.000,1741360.000,5922600.000,1741840.000,5922600.000,1742320.000,5922600.000,1742800.000,5922600.000,1743280.000,5922600.000,1743760.000,5922600.000,1744240.000,5922600.000,1744720.000,5922600.000,1745200.000,5922600.000,1745680.000,5922600.000,1746160.000,5922600.000,1746640.000,5922600.000,1747120.000,5922600.000,1747600.000,5922600.000,1748080.000,5922600.000,1755760.000,5922600.000,1740880.000,5921880.000,1741360.000,5921880.000,1741840.000,5921880.000,1742320.000,5921880.000,1742800.000,5921880.000,1743280.000,5921880.000,1743760.000,5921880.000,1744240.000,5921880.000,1744720.000,5921880.000,1745200.000,5921880.000,1745680.000,5921880.000,1746160.000,5921880.000,1746640.000,5921880.000,1747120.000,5921880.000,1747600.000,5921880.000,1748080.000,5921880.000,1755760.000,5921880.000,1755280.000,5921880.000,1742320.000,5921160.000,1742800.000,5921160.000,1743280.000,5921160.000,1743760.000,5921160.000,1744240.000,5921160.000,1744720.000,5921160.000,1745200.000,5921160.000,1745680.000,5921160.000,1746160.000,5921160.000,1746640.000,5921160.000,1747120.000,5921160.000,1747600.000,5921160.000,1748080.000,5921160.000,1755280.000,5921160.000,1755760.000,5921160.000,1754800.000,5921160.000,1754320.000,5921160.000,1753840.000,5921160.000,1742320.000,5920440.000,1742800.000,5920440.000,1743280.000,5920440.000,1743760.000,5920440.000,1744240.000,5920440.000,1744720.000,5920440.000,1745200.000,5920440.000,1745680.000,5920440.000,1746160.000,5920440.000,1746640.000,5920440.000,1747120.000,5920440.000,1747600.000,5920440.000,1748080.000,5920440.000,1741840.000,5920440.000,1753840.000,5920440.000,1754320.000,5920440.000,1754800.000,5920440.000,1755280.000,5920440.000,1755760.000,5920440.000,1753360.000,5920440.000,1752880.000,5920440.000,1752400.000,5920440.000,1751920.000,5920440.000,1741840.000,5919720.000,1742320.000,5919720.000,1742800.000,5919720.000,1743280.000,5919720.000,1743760.000,5919720.000,1744240.000,5919720.000,1744720.000,5919720.000,1745200.000,5919720.000,1745680.000,5919720.000,1746160.000,5919720.000,1746640.000,5919720.000,1747120.000,5919720.000,1747600.000,5919720.000,1741360.000,5919720.000,1740880.000,5919720.000,1740400.000,5919720.000,1751920.000,5919720.000,1752400.000,5919720.000,1752880.000,5919720.000,1753360.000,5919720.000,1753840.000,5919720.000,1754320.000,5919720.000,1754800.000,5919720.000,1755280.000,5919720.000,1755760.000,5919720.000,1751440.000,5919720.000,1740400.000,5919000.000,1740880.000,5919000.000,1741360.000,5919000.000,1741840.000,5919000.000,1742320.000,5919000.000,1742800.000,5919000.000,1743280.000,5919000.000,1743760.000,5919000.000,1744240.000,5919000.000,1744720.000,5919000.000,1745200.000,5919000.000,1745680.000,5919000.000,1746160.000,5919000.000,1746640.000,5919000.000,1747120.000,5919000.000,1747600.000,5919000.000,1739920.000,5919000.000,1739440.000,5919000.000,1751440.000,5919000.000,1751920.000,5919000.000,1752400.000,5919000.000,1752880.000,5919000.000,1753360.000,5919000.000,1753840.000,5919000.000,1754320.000,5919000.000,1754800.000,5919000.000,1755280.000,5919000.000,1755760.000,5919000.000,1739920.000,5918280.000,1740400.000,5918280.000,1740880.000,5918280.000,1741360.000,5918280.000,1741840.000,5918280.000,1742320.000,5918280.000,1742800.000,5918280.000,1743280.000,5918280.000,1743760.000,5918280.000,1744240.000,5918280.000,1744720.000,5918280.000,1745200.000,5918280.000,1745680.000,5918280.000,1746160.000,5918280.000,1746640.000,5918280.000,1747120.000,5918280.000,1747600.000,5918280.000,1748080.000,5918280.000,1748560.000,5918280.000,1748560.000,5919000.000,1749040.000,5918280.000,1749520.000,5918280.000,1751440.000,5918280.000,1751920.000,5918280.000,1752400.000,5918280.000,1752880.000,5918280.000,1753360.000,5918280.000,1753840.000,5918280.000,1754320.000,5918280.000,1754800.000,5918280.000,1755280.000,5918280.000,1755760.000,5918280.000,1750960.000,5918280.000,1741840.000,5917560.000,1742320.000,5917560.000,1742800.000,5917560.000,1743280.000,5917560.000,1743760.000,5917560.000,1744240.000,5917560.000,1744720.000,5917560.000,1745200.000,5917560.000,1745680.000,5917560.000,1746160.000,5917560.000,1746640.000,5917560.000,1747120.000,5917560.000,1747600.000,5917560.000,1748080.000,5917560.000,1748560.000,5917560.000,1749040.000,5917560.000,1749520.000,5917560.000,1750960.000,5917560.000,1751440.000,5917560.000,1751920.000,5917560.000,1752400.000,5917560.000,1752880.000,5917560.000,1753360.000,5917560.000,1753840.000,5917560.000,1754320.000,5917560.000,1754800.000,5917560.000,1755280.000,5917560.000,1755760.000,5917560.000,1742320.000,5916840.000,1742800.000,5916840.000,1743280.000,5916840.000,1743760.000,5916840.000,1744240.000,5916840.000,1744720.000,5916840.000,1745200.000,5916840.000,1745680.000,5916840.000,1746160.000,5916840.000,1746640.000,5916840.000,1747120.000,5916840.000,1747600.000,5916840.000,1748080.000,5916840.000,1748560.000,5916840.000,1749040.000,5916840.000,1749520.000,5916840.000,1750000.000,5916840.000,1750480.000,5916840.000,1750960.000,5916840.000,1751440.000,5916840.000,1751920.000,5916840.000,1752400.000,5916840.000,1752880.000,5916840.000,1753360.000,5916840.000,1753840.000,5916840.000,1754320.000,5916840.000,1754800.000,5916840.000,1755280.000,5916840.000,1755760.000,5916840.000,1742800.000,5916120.000,1743280.000,5916120.000,1743760.000,5916120.000,1744240.000,5916120.000,1744720.000,5916120.000,1745200.000,5916120.000,1745680.000,5916120.000,1746160.000,5916120.000,1746640.000,5916120.000,1747120.000,5916120.000,1747600.000,5916120.000,1748080.000,5916120.000,1748560.000,5916120.000,1749040.000,5916120.000,1749520.000,5916120.000,1750000.000,5916120.000,1750480.000,5916120.000,1750960.000,5916120.000,1751440.000,5916120.000,1751920.000,5916120.000,1752400.000,5916120.000,1752880.000,5916120.000,1753360.000,5916120.000,1753840.000,5916120.000,1754320.000,5916120.000,1754800.000,5916120.000,1755280.000,5916120.000,1755760.000,5916120.000,1742800.000,5915400.000,1743280.000,5915400.000,1743760.000,5915400.000,1744240.000,5915400.000,1744720.000,5915400.000,1745200.000,5915400.000,1745680.000,5915400.000,1746160.000,5915400.000,1746640.000,5915400.000,1747120.000,5915400.000,1747600.000,5915400.000,1748080.000,5915400.000,1748560.000,5915400.000,1749040.000,5915400.000,1749520.000,5915400.000,1750000.000,5915400.000,1750480.000,5915400.000,1750960.000,5915400.000,1751440.000,5915400.000,1751920.000,5915400.000,1752400.000,5915400.000,1752880.000,5915400.000,1753360.000,5915400.000,1753840.000,5915400.000,1754320.000,5915400.000,1754800.000,5915400.000,1755280.000,5915400.000,1755760.000,5915400.000,1743760.000,5914680.000,1744240.000,5914680.000,1744720.000,5914680.000,1745200.000,5914680.000,1745680.000,5914680.000,1746160.000,5914680.000,1746640.000,5914680.000,1747120.000,5914680.000,1747600.000,5914680.000,1748080.000,5914680.000,1748560.000,5914680.000,1749040.000,5914680.000,1749520.000,5914680.000,1750000.000,5914680.000,1750480.000,5914680.000,1750960.000,5914680.000,1751440.000,5914680.000,1751920.000,5914680.000,1752400.000,5914680.000,1752880.000,5914680.000,1753360.000,5914680.000,1753840.000,5914680.000,1754320.000,5914680.000,1754800.000,5914680.000,1755280.000,5914680.000,1755760.000,5914680.000,1744240.000,5913960.000,1744720.000,5913960.000,1745200.000,5913960.000,1745680.000,5913960.000,1746160.000,5913960.000,1746640.000,5913960.000,1747120.000,5913960.000,1747600.000,5913960.000,1748080.000,5913960.000,1748560.000,5913960.000,1749040.000,5913960.000,1749520.000,5913960.000,1750000.000,5913960.000,1750480.000,5913960.000,1750960.000,5913960.000,1751440.000,5913960.000,1751920.000,5913960.000,1752400.000,5913960.000,1752880.000,5913960.000,1753360.000,5913960.000,1753840.000,5913960.000,1754320.000,5913960.000,1754800.000,5913960.000,1755280.000,5913960.000,1755760.000,5913960.000,1744240.000,5913240.000,1744720.000,5913240.000,1745200.000,5913240.000,1745680.000,5913240.000,1746160.000,5913240.000,1746640.000,5913240.000,1747120.000,5913240.000,1747600.000,5913240.000,1748080.000,5913240.000,1748560.000,5913240.000,1749040.000,5913240.000,1749520.000,5913240.000,1750000.000,5913240.000,1750480.000,5913240.000,1750960.000,5913240.000,1751440.000,5913240.000,1751920.000,5913240.000,1752400.000,5913240.000,1752880.000,5913240.000,1753360.000,5913240.000,1753840.000,5913240.000,1754320.000,5913240.000,1754800.000,5913240.000,1755280.000,5913240.000,1755760.000,5913240.000,1745200.000,5912520.000,1745680.000,5912520.000,1746160.000,5912520.000,1746640.000,5912520.000,1747120.000,5912520.000,1747600.000,5912520.000,1748080.000,5912520.000,1748560.000,5912520.000,1749040.000,5912520.000,1749520.000,5912520.000,1750000.000,5912520.000,1750480.000,5912520.000,1750960.000,5912520.000,1751440.000,5912520.000,1751920.000,5912520.000,1752400.000,5912520.000,1752880.000,5912520.000,1753360.000,5912520.000,1753840.000,5912520.000,1754320.000,5912520.000,1754800.000,5912520.000,1755280.000,5912520.000,1755760.000,5912520.000,1745680.000,5911800.000,1746160.000,5911800.000,1746640.000,5911800.000,1747120.000,5911800.000,1747600.000,5911800.000,1748080.000,5911800.000,1748560.000,5911800.000,1749040.000,5911800.000,1749520.000,5911800.000,1750000.000,5911800.000,1750480.000,5911800.000,1750960.000,5911800.000,1751440.000,5911800.000,1751920.000,5911800.000,1752400.000,5911800.000,1752880.000,5911800.000,1753360.000,5911800.000,1753840.000,5911800.000,1754320.000,5911800.000,1754800.000,5911800.000,1755280.000,5911800.000,1755760.000,5911800.000,1745680.000,5911080.000,1746160.000,5911080.000,1746640.000,5911080.000,1747120.000,5911080.000,1747600.000,5911080.000,1748080.000,5911080.000,1748560.000,5911080.000,1749040.000,5911080.000,1749520.000,5911080.000,1750000.000,5911080.000,1750480.000,5911080.000,1750960.000,5911080.000,1751440.000,5911080.000,1745200.000,5911080.000,1752400.000,5911080.000,1752880.000,5911080.000,1753360.000,5911080.000,1753840.000,5911080.000,1754320.000,5911080.000,1754800.000,5911080.000,1755280.000,5911080.000,1755760.000,5911080.000,1745200.000,5910360.000,1745680.000,5910360.000,1746160.000,5910360.000,1746640.000,5910360.000,1747120.000,5910360.000,1747600.000,5910360.000,1748080.000,5910360.000,1748560.000,5910360.000,1749040.000,5910360.000,1744720.000,5910360.000,1753360.000,5910360.000,1753840.000,5910360.000,1754320.000,5910360.000,1756240.000,5940600.000,1756240.000,5939880.000,1756240.000,5939160.000,1756240.000,5938440.000,1756240.000,5937720.000,1756240.000,5937000.000,1756240.000,5936280.000,1756240.000,5935560.000,1756240.000,5934840.000,1756240.000,5934120.000,1756240.000,5933400.000,1756240.000,5932680.000,1756240.000,5931960.000,1756240.000,5931240.000,1756240.000,5930520.000,1756240.000,5929800.000,1756240.000,5929080.000,1756240.000,5928360.000,1756240.000,5927640.000,1756240.000,5926920.000,1756240.000,5926200.000,1756240.000,5925480.000,1756240.000,5924760.000,1756240.000,5924040.000,1756240.000,5923320.000,1756240.000,5922600.000,1756240.000,5921880.000,1756240.000,5921160.000,1756240.000,5920440.000,1756240.000,5919720.000,1756240.000,5919000.000,1756240.000,5918280.000,1756240.000,5917560.000,1756240.000,5916840.000,1756240.000,5916120.000,1756240.000,5915400.000,1756240.000,5914680.000,1756240.000,5913960.000,1756240.000,5913240.000,1756240.000,5912520.000,1756240.000,5911800.000,1756240.000,5911080.000,1756720.000,5929080.000,1756720.000,5928360.000,1756720.000,5927640.000,1756720.000,5926920.000,1756720.000,5926200.000,1756720.000,5925480.000,1756720.000,5924760.000,1756720.000,5924040.000,1756720.000,5929800.000,1756720.000,5930520.000,1756720.000,5931240.000,1756720.000,5931960.000,1756720.000,5932680.000,1756720.000,5933400.000,1756720.000,5934120.000,1756720.000,5934840.000,1756720.000,5935560.000,1756720.000,5936280.000,1756720.000,5937000.000,1756720.000,5937720.000,1756720.000,5938440.000,1757200.000,5927640.000,1757200.000,5926920.000,1757200.000,5926200.000,1757200.000,5925480.000,1757200.000,5928360.000,1757200.000,5929080.000,1757200.000,5929800.000,1757200.000,5930520.000,1757200.000,5931240.000,1757200.000,5931960.000,1757200.000,5932680.000,1757680.000,5925480.000,1757680.000,5926200.000,1757680.000,5926920.000,1757680.000,5927640.000,1757680.000,5928360.000,1757680.000,5929080.000,1757680.000,5929800.000,1757680.000,5930520.000,1757680.000,5931240.000,1757680.000,5931960.000,1757200.000,5937000.000,1757200.000,5937720.000,1756720.000,5921880.000,1756720.000,5921160.000,1756720.000,5920440.000,1756720.000,5919720.000,1756720.000,5919000.000,1756720.000,5918280.000,1756720.000,5917560.000,1756720.000,5916840.000,1756720.000,5916120.000,1756720.000,5915400.000,1756720.000,5914680.000,1756720.000,5913960.000,1756720.000,5913240.000,1756720.000,5912520.000,1756720.000,5911800.000,1756720.000,5911080.000,1757200.000,5921160.000,1757200.000,5920440.000,1757200.000,5919720.000,1757200.000,5919000.000,1757200.000,5918280.000,1757200.000,5917560.000,1757200.000,5916840.000,1757200.000,5916120.000,1757200.000,5915400.000,1757200.000,5914680.000,1757200.000,5913960.000,1757200.000,5913240.000,1757200.000,5912520.000,1757200.000,5911800.000,1757680.000,5921160.000,1757680.000,5920440.000,1757680.000,5919720.000,1757680.000,5919000.000,1757680.000,5918280.000,1757680.000,5917560.000,1757680.000,5916840.000,1757680.000,5916120.000,1757680.000,5915400.000,1757680.000,5914680.000,1757680.000,5913960.000,1757680.000,5913240.000,1757680.000,5912520.000,1757680.000,5911800.000,1758160.000,5920440.000,1758160.000,5919720.000,1758160.000,5919000.000,1758160.000,5918280.000,1758160.000,5917560.000,1758160.000,5916840.000,1758160.000,5916120.000,1758160.000,5915400.000,1758160.000,5914680.000,1758160.000,5913960.000,1758160.000,5913240.000,1758160.000,5912520.000,1758160.000,5921160.000,1758160.000,5911800.000,1758640.000,5919720.000,1758640.000,5919000.000,1758640.000,5918280.000,1758640.000,5917560.000,1758640.000,5916840.000,1758640.000,5916120.000,1758640.000,5915400.000,1758640.000,5914680.000,1758640.000,5913960.000,1758640.000,5913240.000,1758640.000,5920440.000,1758640.000,5921160.000,1758640.000,5912520.000,1758640.000,5911800.000,1759120.000,5921160.000,1759120.000,5920440.000,1759120.000,5919720.000,1759120.000,5919000.000,1759120.000,5918280.000,1759120.000,5917560.000,1759120.000,5916840.000,1759120.000,5916120.000,1759120.000,5915400.000,1759120.000,5914680.000,1759120.000,5913960.000,1759120.000,5913240.000,1759120.000,5912520.000,1759120.000,5911800.000,1759600.000,5921160.000,1759600.000,5920440.000,1759600.000,5919720.000,1759600.000,5919000.000,1759600.000,5918280.000,1759600.000,5917560.000,1759600.000,5916840.000,1759600.000,5916120.000,1759600.000,5915400.000,1759600.000,5914680.000,1759600.000,5913960.000,1759600.000,5913240.000,1759600.000,5912520.000,1759600.000,5911800.000,1760080.000,5919000.000,1760080.000,5918280.000,1760080.000,5917560.000,1760080.000,5916840.000,1760080.000,5916120.000,1760080.000,5915400.000,1760080.000,5914680.000,1760080.000,5913960.000,1760080.000,5919720.000,1760080.000,5920440.000,1760080.000,5913240.000,1760080.000,5912520.000,1760080.000,5911800.000,1760560.000,5918280.000,1760560.000,5917560.000,1760560.000,5916840.000,1760560.000,5916120.000,1760560.000,5915400.000,1760560.000,5914680.000,1760560.000,5913960.000,1760560.000,5913240.000,1760560.000,5912520.000,1760560.000,5919000.000,1760560.000,5919720.000,1760560.000,5911800.000,1761040.000,5919000.000,1761040.000,5918280.000,1761040.000,5917560.000,1761040.000,5916840.000,1761040.000,5916120.000,1761040.000,5915400.000,1761040.000,5914680.000,1761040.000,5913960.000,1761040.000,5913240.000,1761040.000,5912520.000,1761040.000,5919720.000,1761040.000,5911800.000,1761520.000,5918280.000,1761520.000,5919000.000,1761520.000,5917560.000,1761520.000,5916840.000,1761520.000,5916120.000,1761520.000,5915400.000,1761520.000,5914680.000,1761520.000,5919720.000,1761520.000,5913960.000,1761520.000,5913240.000,1761520.000,5912520.000,1761520.000,5911800.000,1762000.000,5917560.000,1762000.000,5916840.000,1762000.000,5916120.000,1762000.000,5915400.000,1762000.000,5918280.000,1762000.000,5919000.000,1762000.000,5914680.000,1762000.000,5913960.000,1762000.000,5913240.000,1762000.000,5912520.000,1762000.000,5919720.000,1762000.000,5911800.000,1762000.000,5920440.000,1761520.000,5920440.000,1761040.000,5920440.000,1762480.000,5917560.000,1762480.000,5916840.000,1762480.000,5916120.000,1762480.000,5915400.000,1762480.000,5914680.000,1762480.000,5918280.000,1762480.000,5919000.000,1762480.000,5919720.000,1762480.000,5920440.000,1762480.000,5913960.000,1762480.000,5913240.000,1762480.000,5912520.000,1762480.000,5911800.000,1758160.000,5928360.000,1758160.000,5929080.000,1758160.000,5927640.000,1758160.000,5926920.000,1758160.000,5926200.000,1758160.000,5925480.000,1759120.000,5921880.000,1758640.000,5926200.000,1758640.000,5926920.000,1758640.000,5925480.000,1758640.000,5927640.000,1758640.000,5928360.000,1758640.000,5929080.000,1762960.000,5916840.000,1762960.000,5916120.000,1762960.000,5915400.000,1762960.000,5914680.000,1762960.000,5913960.000,1762960.000,5917560.000,1762960.000,5918280.000,1762960.000,5919000.000,1762960.000,5919720.000,1762960.000,5920440.000,1762960.000,5913240.000,1762960.000,5912520.000,1762960.000,5911800.000,1763440.000,5916840.000,1763440.000,5916120.000,1763440.000,5915400.000,1763440.000,5914680.000,1763440.000,5913960.000,1763440.000,5913240.000,1763440.000,5917560.000,1763440.000,5918280.000,1763440.000,5919000.000,1763440.000,5919720.000,1763440.000,5920440.000,1763440.000,5912520.000,1763440.000,5911800.000,1758160.000,5924760.000,1758640.000,5924760.000,1758160.000,5924040.000,1758640.000,5924040.000,1758640.000,5923320.000,1758160.000,5923320.000,1758640.000,5922600.000,1759120.000,5922600.000,1759120.000,5923320.000,1759120.000,5924040.000,1759120.000,5924760.000,1759120.000,5925480.000,1759120.000,5926200.000,1759120.000,5926920.000,1763920.000,5916120.000,1763920.000,5915400.000,1763920.000,5916840.000,1763920.000,5914680.000,1763920.000,5913960.000,1763920.000,5913240.000,1763920.000,5912520.000,1763920.000,5917560.000,1763920.000,5918280.000,1763920.000,5919000.000,1763920.000,5919720.000,1763920.000,5920440.000,1763920.000,5911800.000,1759600.000,5925480.000,1759600.000,5924760.000,1759600.000,5924040.000,1759600.000,5926200.000,1759600.000,5923320.000,1759600.000,5922600.000,1764400.000,5919720.000,1764400.000,5920440.000,1764400.000,5919000.000,1764400.000,5918280.000,1764400.000,5917560.000,1764400.000,5916840.000,1764400.000,5916120.000,1764400.000,5915400.000,1764400.000,5914680.000,1764400.000,5913960.000,1764400.000,5913240.000,1764400.000,5912520.000,1764400.000,5911800.000,1760080.000,5924760.000,1760080.000,5925480.000,1760080.000,5924040.000,1760080.000,5923320.000,1760080.000,5922600.000,1760080.000,5921880.000,1764880.000,5916120.000,1764880.000,5915400.000,1764880.000,5914680.000,1764880.000,5913960.000,1764880.000,5916840.000,1764880.000,5913240.000,1764880.000,5917560.000,1764880.000,5918280.000,1764880.000,5919000.000,1764880.000,5912520.000,1764880.000,5911800.000,1764880.000,5919720.000,1764880.000,5920440.000,1758160.000,5930520.000,1765360.000,5916120.000,1765360.000,5915400.000,1765360.000,5914680.000,1765360.000,5913960.000,1765360.000,5913240.000,1765360.000,5916840.000,1765360.000,5912520.000,1765360.000,5911800.000,1765360.000,5917560.000,1765360.000,5918280.000,1765360.000,5919000.000,1765360.000,5919720.000,1765360.000,5920440.000,1765840.000,5919720.000,1765840.000,5920440.000,1765840.000,5919000.000,1765840.000,5918280.000,1765840.000,5917560.000,1765840.000,5916840.000,1765840.000,5916120.000,1765840.000,5915400.000,1765840.000,5914680.000,1765840.000,5913960.000,1765840.000,5913240.000,1765840.000,5912520.000,1765840.000,5911800.000,1760560.000,5923320.000,1760560.000,5922600.000,1760560.000,5921880.000,1760560.000,5924040.000,1760560.000,5924760.000,1766320.000,5914680.000,1766320.000,5913960.000,1766320.000,5913240.000,1766320.000,5915400.000,1766320.000,5916120.000,1766320.000,5916840.000,1766320.000,5917560.000,1766320.000,5918280.000,1766320.000,5912520.000,1766320.000,5919000.000,1766320.000,5919720.000,1766320.000,5920440.000,1766320.000,5911800.000,1766800.000,5916840.000,1766800.000,5917560.000,1766800.000,5918280.000,1766800.000,5919000.000,1766800.000,5919720.000,1766800.000,5916120.000,1766800.000,5920440.000,1767280.000,5919000.000,1767280.000,5919720.000,1767280.000,5920440.000,1767280.000,5918280.000,1767280.000,5917560.000,1767280.000,5916840.000,1761040.000,5922600.000,1761040.000,5923320.000,1761040.000,5924040.000,1762960.000,5921160.000,1762480.000,5921160.000,1766320.000,5921160.000,1761520.000,5923320.000,1761520.000,5922600.000,1766800.000,5913960.000,1766800.000,5913240.000,1766800.000,5912520.000,1766800.000,5911800.000,1767280.000,5913960.000,1767280.000,5913240.000,1767280.000,5912520.000,1767280.000,5911800.000,1767760.000,5917560.000,1767760.000,5918280.000,1767760.000,5919000.000,1767760.000,5919720.000,1768240.000,5917560.000,1768240.000,5918280.000,1768720.000,5917560.000,1767280.000,5914680.000,1767280.000,5915400.000,1767760.000,5913240.000,1767760.000,5912520.000,1767760.000,5913960.000,1767760.000,5914680.000,1767760.000,5911800.000,1767760.000,5915400.000,1768240.000,5915400.000,1768240.000,5914680.000,1768240.000,5913960.000,1768240.000,5913240.000,1768240.000,5912520.000,1768240.000,5911800.000,1768720.000,5913960.000,1768720.000,5913240.000,1768720.000,5914680.000,1768720.000,5915400.000,1768720.000,5912520.000,1768720.000,5911800.000,1769200.000,5913960.000,1769200.000,5914680.000,1769200.000,5913240.000,1769200.000,5912520.000,1769200.000,5915400.000,1769200.000,5911800.000,1769680.000,5913240.000,1769680.000,5912520.000,1769680.000,5913960.000,1769680.000,5914680.000,1769680.000,5915400.000,1769680.000,5911800.000,1770160.000,5913240.000,1770160.000,5913960.000,1770160.000,5914680.000,1770160.000,5915400.000,1770160.000,5912520.000,1770160.000,5911800.000,1769200.000,5916120.000,1768720.000,5916840.000,1769680.000,5916120.000,1770160.000,5916120.000,1769200.000,5916840.000,1769680.000,5916840.000,1770160.000,5916840.000,1770640.000,5916840.000,1770640.000,5916120.000,1770640.000,5915400.000,1770640.000,5914680.000,1770640.000,5913960.000,1770640.000,5913240.000,1770640.000,5912520.000,1770640.000,5911800.000,1771120.000,5916120.000,1771120.000,5916840.000,1771120.000,5915400.000,1771120.000,5914680.000,1771120.000,5913960.000,1771120.000,5913240.000,1771120.000,5912520.000,1771120.000,5911800.000,1771600.000,5915400.000,1771600.000,5914680.000,1771600.000,5913960.000,1771600.000,5916120.000,1771600.000,5916840.000,1771600.000,5913240.000,1771600.000,5912520.000,1771600.000,5911800.000,1772080.000,5915400.000,1772080.000,5916120.000,1772080.000,5916840.000,1772080.000,5914680.000,1772080.000,5913960.000,1772080.000,5913240.000,1772080.000,5912520.000,1772080.000,5911800.000,1772560.000,5912520.000,1772560.000,5913240.000,1772560.000,5913960.000,1772560.000,5914680.000,1772560.000,5915400.000,1772560.000,5916120.000,1772560.000,5911800.000,1770640.000,5917560.000,1770160.000,5917560.000,1769680.000,5917560.000,1770160.000,5918280.000,1769680.000,5918280.000,1769200.000,5918280.000,1773040.000,5913240.000,1773040.000,5912520.000,1773040.000,5913960.000,1773040.000,5914680.000,1773040.000,5915400.000,1773040.000,5916120.000,1773520.000,5913240.000,1773520.000,5912520.000,1773520.000,5913960.000,1773520.000,5914680.000,1773520.000,5915400.000,1769680.000,5919000.000,1770160.000,5919000.000,1769200.000,5919000.000,1774000.000,5913960.000,1774000.000,5914680.000,1774000.000,5913240.000,1774000.000,5915400.000,1769680.000,5919720.000,1769200.000,5919720.000,1770160.000,5919720.000,1769200.000,5920440.000,1769680.000,5920440.000,1758640.000,5911080.000,1759120.000,5911080.000,1759600.000,5911080.000,1760080.000,5911080.000,1760560.000,5911080.000,1761040.000,5911080.000,1761520.000,5911080.000,1762000.000,5911080.000,1762480.000,5911080.000,1762960.000,5911080.000,1763440.000,5911080.000,1763920.000,5911080.000,1764400.000,5911080.000,1764880.000,5911080.000,1765360.000,5911080.000,1765840.000,5911080.000,1766320.000,5911080.000,1766800.000,5911080.000,1767280.000,5911080.000,1767760.000,5911080.000,1768240.000,5911080.000,1768720.000,5911080.000,1769200.000,5911080.000,1769680.000,5911080.000,1770160.000,5911080.000,1770640.000,5911080.000,1771120.000,5911080.000,1771600.000,5911080.000,1758640.000,5910360.000,1759120.000,5910360.000,1759600.000,5910360.000,1760080.000,5910360.000,1758160.000,5910360.000,1757680.000,5910360.000,1757200.000,5910360.000,1762960.000,5910360.000,1763440.000,5910360.000,1763920.000,5910360.000,1764400.000,5910360.000,1764880.000,5910360.000,1765360.000,5910360.000,1765840.000,5910360.000,1766320.000,5910360.000,1766800.000,5910360.000,1767280.000,5910360.000,1767760.000,5910360.000,1768240.000,5910360.000,1768720.000,5910360.000,1769200.000,5910360.000,1769680.000,5910360.000,1770160.000,5910360.000,1770640.000,5910360.000,1771120.000,5910360.000,1771600.000,5910360.000,1744720.000,5909640.000,1745200.000,5909640.000,1745680.000,5909640.000,1746160.000,5909640.000,1746640.000,5909640.000,1747120.000,5909640.000,1747600.000,5909640.000,1748080.000,5909640.000,1748560.000,5909640.000,1744240.000,5909640.000,1744240.000,5908920.000,1744720.000,5908920.000,1745200.000,5908920.000,1745680.000,5908920.000,1746160.000,5908920.000,1746640.000,5908920.000,1747120.000,5908920.000,1747600.000,5908920.000,1748080.000,5908920.000,1744240.000,5908200.000,1744720.000,5908200.000,1745200.000,5908200.000,1745680.000,5908200.000,1746160.000,5908200.000,1746640.000,5908200.000,1747120.000,5908200.000,1744720.000,5907480.000,1745200.000,5907480.000,1745680.000,5907480.000,1746160.000,5907480.000,1746640.000,5907480.000,1747120.000,5907480.000,1745200.000,5906760.000,1745680.000,5906760.000,1746160.000,5906760.000,1745200.000,5906040.000,1757200.000,5909640.000,1757680.000,5909640.000,1758160.000,5909640.000,1758640.000,5909640.000,1759120.000,5909640.000,1759600.000,5909640.000,1760080.000,5909640.000,1756720.000,5909640.000,1760560.000,5909640.000,1761040.000,5909640.000,1761520.000,5909640.000,1762000.000,5909640.000,1762480.000,5909640.000,1762960.000,5909640.000,1763440.000,5909640.000,1763920.000,5909640.000,1764400.000,5909640.000,1764880.000,5909640.000,1765360.000,5909640.000,1765840.000,5909640.000,1766320.000,5909640.000,1766800.000,5909640.000,1767280.000,5909640.000,1767760.000,5909640.000,1768240.000,5909640.000,1768720.000,5909640.000,1769200.000,5909640.000,1769680.000,5909640.000,1770160.000,5909640.000,1770640.000,5909640.000,1771120.000,5909640.000,1771600.000,5909640.000,1757680.000,5908920.000,1758160.000,5908920.000,1758640.000,5908920.000,1759120.000,5908920.000,1759600.000,5908920.000,1760080.000,5908920.000,1760560.000,5908920.000,1761040.000,5908920.000,1761520.000,5908920.000,1762000.000,5908920.000,1762480.000,5908920.000,1762960.000,5908920.000,1763440.000,5908920.000,1763920.000,5908920.000,1764400.000,5908920.000,1764880.000,5908920.000,1765360.000,5908920.000,1765840.000,5908920.000,1766320.000,5908920.000,1766800.000,5908920.000,1767280.000,5908920.000,1767760.000,5908920.000,1768240.000,5908920.000,1768720.000,5908920.000,1769200.000,5908920.000,1769680.000,5908920.000,1770160.000,5908920.000,1770640.000,5908920.000,1771120.000,5908920.000,1771600.000,5908920.000,1772080.000,5908920.000,1758160.000,5908200.000,1758640.000,5908200.000,1759120.000,5908200.000,1759600.000,5908200.000,1760080.000,5908200.000,1760560.000,5908200.000,1761040.000,5908200.000,1761520.000,5908200.000,1762000.000,5908200.000,1762480.000,5908200.000,1762960.000,5908200.000,1763440.000,5908200.000,1763920.000,5908200.000,1764400.000,5908200.000,1764880.000,5908200.000,1765360.000,5908200.000,1765840.000,5908200.000,1766320.000,5908200.000,1766800.000,5908200.000,1767280.000,5908200.000,1767760.000,5908200.000,1768240.000,5908200.000,1768720.000,5908200.000,1769200.000,5908200.000,1769680.000,5908200.000,1770160.000,5908200.000,1770640.000,5908200.000,1771120.000,5908200.000,1771600.000,5908200.000,1772080.000,5908200.000,1772560.000,5908200.000,1758160.000,5907480.000,1758640.000,5907480.000,1759120.000,5907480.000,1759600.000,5907480.000,1760080.000,5907480.000,1760560.000,5907480.000,1761040.000,5907480.000,1761520.000,5907480.000,1762000.000,5907480.000,1762480.000,5907480.000,1762960.000,5907480.000,1763440.000,5907480.000,1763920.000,5907480.000,1764400.000,5907480.000,1764880.000,5907480.000,1765360.000,5907480.000,1765840.000,5907480.000,1766320.000,5907480.000,1766800.000,5907480.000,1767280.000,5907480.000,1767760.000,5907480.000,1768240.000,5907480.000,1768720.000,5907480.000,1769200.000,5907480.000,1769680.000,5907480.000,1770160.000,5907480.000,1770640.000,5907480.000,1771120.000,5907480.000,1771600.000,5907480.000,1772080.000,5907480.000,1772560.000,5907480.000,1757680.000,5907480.000,1773040.000,5907480.000,1757680.000,5906760.000,1758160.000,5906760.000,1758640.000,5906760.000,1759120.000,5906760.000,1759600.000,5906760.000,1760080.000,5906760.000,1760560.000,5906760.000,1761040.000,5906760.000,1761520.000,5906760.000,1762000.000,5906760.000,1762480.000,5906760.000,1762960.000,5906760.000,1763440.000,5906760.000,1763920.000,5906760.000,1764400.000,5906760.000,1764880.000,5906760.000,1765360.000,5906760.000,1765840.000,5906760.000,1766320.000,5906760.000,1766800.000,5906760.000,1767280.000,5906760.000,1767760.000,5906760.000,1768240.000,5906760.000,1768720.000,5906760.000,1769200.000,5906760.000,1769680.000,5906760.000,1770160.000,5906760.000,1770640.000,5906760.000,1771120.000,5906760.000,1771600.000,5906760.000,1772080.000,5906760.000,1772560.000,5906760.000,1757200.000,5906760.000,1757200.000,5906040.000,1757680.000,5906040.000,1758160.000,5906040.000,1758640.000,5906040.000,1759120.000,5906040.000,1759600.000,5906040.000,1760080.000,5906040.000,1760560.000,5906040.000,1761040.000,5906040.000,1761520.000,5906040.000,1762000.000,5906040.000,1762480.000,5906040.000,1762960.000,5906040.000,1763440.000,5906040.000,1763920.000,5906040.000,1764400.000,5906040.000,1764880.000,5906040.000,1765360.000,5906040.000,1765840.000,5906040.000,1766320.000,5906040.000,1766800.000,5906040.000,1767280.000,5906040.000,1767760.000,5906040.000,1768240.000,5906040.000,1768720.000,5906040.000,1769200.000,5906040.000,1769680.000,5906040.000,1770160.000,5906040.000,1770640.000,5906040.000,1771120.000,5906040.000,1771600.000,5906040.000,1772080.000,5906040.000,1772560.000,5906040.000,1756720.000,5906040.000,1756720.000,5905320.000,1757200.000,5905320.000,1757680.000,5905320.000,1758160.000,5905320.000,1758640.000,5905320.000,1759120.000,5905320.000,1759600.000,5905320.000,1760080.000,5905320.000,1760560.000,5905320.000,1756240.000,5905320.000,1761520.000,5905320.000,1762000.000,5905320.000,1762480.000,5905320.000,1762960.000,5905320.000,1763440.000,5905320.000,1763920.000,5905320.000,1764400.000,5905320.000,1764880.000,5905320.000,1765360.000,5905320.000,1765840.000,5905320.000,1766320.000,5905320.000,1766800.000,5905320.000,1767280.000,5905320.000,1767760.000,5905320.000,1768240.000,5905320.000,1768720.000,5905320.000,1769200.000,5905320.000,1769680.000,5905320.000,1770160.000,5905320.000,1770640.000,5905320.000,1771120.000,5905320.000,1771600.000,5905320.000,1772080.000,5905320.000,1772560.000,5905320.000,1773040.000,5905320.000,1756240.000,5904600.000,1756720.000,5904600.000,1757200.000,5904600.000,1757680.000,5904600.000,1758160.000,5904600.000,1758640.000,5904600.000,1759120.000,5904600.000,1759600.000,5904600.000,1760080.000,5904600.000,1760560.000,5904600.000,1755760.000,5904600.000,1755760.000,5903880.000,1756240.000,5903880.000,1756720.000,5903880.000,1757200.000,5903880.000,1757680.000,5903880.000,1758160.000,5903880.000,1758640.000,5903880.000,1759120.000,5903880.000,1759600.000,5903880.000,1760080.000,5903880.000,1760560.000,5903880.000,1763920.000,5904600.000,1764400.000,5904600.000,1764880.000,5904600.000,1765360.000,5904600.000,1765840.000,5904600.000,1766320.000,5904600.000,1766800.000,5904600.000,1767280.000,5904600.000,1767760.000,5904600.000,1768240.000,5904600.000,1768720.000,5904600.000,1769200.000,5904600.000,1769680.000,5904600.000,1770160.000,5904600.000,1770640.000,5904600.000,1771120.000,5904600.000,1771600.000,5904600.000,1772080.000,5904600.000,1772560.000,5904600.000,1773040.000,5904600.000,1763440.000,5904600.000,1762960.000,5904600.000,1762480.000,5904600.000,1762000.000,5904600.000,1761520.000,5904600.000,1761040.000,5903880.000,1761520.000,5903880.000,1762000.000,5903880.000,1762480.000,5903880.000,1762960.000,5903880.000,1763440.000,5903880.000,1763920.000,5903880.000,1764400.000,5903880.000,1764880.000,5903880.000,1765360.000,5903880.000,1765840.000,5903880.000,1766320.000,5903880.000,1766800.000,5903880.000,1767280.000,5903880.000,1767760.000,5903880.000,1768240.000,5903880.000,1768720.000,5903880.000,1769200.000,5903880.000,1769680.000,5903880.000,1771600.000,5903880.000,1772080.000,5903880.000,1756240.000,5903160.000,1756720.000,5903160.000,1757200.000,5903160.000,1757680.000,5903160.000,1758160.000,5903160.000,1758640.000,5903160.000,1759120.000,5903160.000,1759600.000,5903160.000,1760080.000,5903160.000,1760560.000,5903160.000,1761040.000,5903160.000,1761520.000,5903160.000,1762000.000,5903160.000,1762480.000,5903160.000,1762960.000,5903160.000,1763440.000,5903160.000,1763920.000,5903160.000,1764400.000,5903160.000,1764880.000,5903160.000,1765360.000,5903160.000,1765840.000,5903160.000,1766320.000,5903160.000,1766800.000,5903160.000,1767280.000,5903160.000,1767760.000,5903160.000,1768240.000,5903160.000,1768720.000,5903160.000,1769200.000,5903160.000,1769680.000,5903160.000,1770160.000,5903160.000,1770640.000,5903160.000,1771120.000,5903160.000,1771600.000,5903160.000,1757200.000,5902440.000,1757680.000,5902440.000,1758160.000,5902440.000,1758640.000,5902440.000,1759120.000,5902440.000,1759600.000,5902440.000,1760080.000,5902440.000,1760560.000,5902440.000,1761040.000,5902440.000,1761520.000,5902440.000,1762000.000,5902440.000,1762480.000,5902440.000,1762960.000,5902440.000,1763440.000,5902440.000,1763920.000,5902440.000,1764400.000,5902440.000,1764880.000,5902440.000,1765360.000,5902440.000,1765840.000,5902440.000,1766320.000,5902440.000,1766800.000,5902440.000,1767280.000,5902440.000,1767760.000,5902440.000,1768240.000,5902440.000,1768720.000,5902440.000,1769200.000,5902440.000,1769680.000,5902440.000,1770160.000,5902440.000,1770640.000,5902440.000,1771120.000,5902440.000,1757200.000,5901720.000,1757680.000,5901720.000,1758160.000,5901720.000,1758640.000,5901720.000,1759120.000,5901720.000,1760080.000,5901720.000,1760560.000,5901720.000,1761040.000,5901720.000,1761520.000,5901720.000,1762480.000,5901720.000,1762960.000,5901720.000,1763440.000,5901720.000,1763920.000,5901720.000,1764400.000,5901720.000,1764880.000,5901720.000,1765360.000,5901720.000,1765840.000,5901720.000,1766320.000,5901720.000,1766800.000,5901720.000,1767280.000,5901720.000,1767760.000,5901720.000,1768240.000,5901720.000,1768720.000,5901720.000,1769200.000,5901720.000,1769680.000,5901720.000,1770160.000,5901720.000,1770640.000,5901720.000,1771120.000,5901720.000,1763440.000,5901000.000,1763920.000,5901000.000,1764400.000,5901000.000,1764880.000,5901000.000,1765360.000,5901000.000,1765840.000,5901000.000,1766320.000,5901000.000,1766800.000,5901000.000,1767280.000,5901000.000,1767760.000,5901000.000,1768240.000,5901000.000,1768720.000,5901000.000,1769200.000,5901000.000,1769680.000,5901000.000,1770160.000,5901000.000,1770640.000,5901000.000,1771120.000,5901000.000,1763920.000,5900280.000,1764400.000,5900280.000,1764880.000,5900280.000,1765360.000,5900280.000,1765840.000,5900280.000,1766320.000,5900280.000,1766800.000,5900280.000,1767280.000,5900280.000,1767760.000,5900280.000,1768240.000,5900280.000,1768720.000,5900280.000,1769200.000,5900280.000,1769680.000,5900280.000,1770160.000,5900280.000,1770640.000,5900280.000,1771120.000,5900280.000,1771600.000,5900280.000,1764880.000,5899560.000,1765360.000,5899560.000,1765840.000,5899560.000,1766320.000,5899560.000,1766800.000,5899560.000,1767280.000,5899560.000,1767760.000,5899560.000,1768240.000,5899560.000,1768720.000,5899560.000,1769200.000,5899560.000,1769680.000,5899560.000,1770160.000,5899560.000,1770640.000,5899560.000,1771120.000,5899560.000,1771600.000,5899560.000,1772080.000,5899560.000,1772560.000,5899560.000,1773040.000,5899560.000,1764880.000,5898840.000,1765360.000,5898840.000,1765840.000,5898840.000,1766320.000,5898840.000,1766800.000,5898840.000,1767280.000,5898840.000,1767760.000,5898840.000,1768240.000,5898840.000,1768720.000,5898840.000,1769200.000,5898840.000,1769680.000,5898840.000,1770160.000,5898840.000,1770640.000,5898840.000,1771120.000,5898840.000,1771600.000,5898840.000,1772080.000,5898840.000,1772560.000,5898840.000,1773040.000,5898840.000,1773520.000,5898840.000,1764880.000,5898120.000,1765360.000,5898120.000,1765840.000,5898120.000,1766320.000,5898120.000,1766800.000,5898120.000,1767280.000,5898120.000,1767760.000,5898120.000,1768240.000,5898120.000,1768720.000,5898120.000,1769200.000,5898120.000,1769680.000,5898120.000,1770160.000,5898120.000,1770640.000,5898120.000,1771120.000,5898120.000,1771600.000,5898120.000,1772080.000,5898120.000,1772560.000,5898120.000,1773040.000,5898120.000,1773520.000,5898120.000,1774000.000,5898120.000,1774480.000,5898120.000,1774960.000,5898120.000,1775440.000,5898120.000,1765360.000,5897400.000,1765840.000,5897400.000,1766320.000,5897400.000,1766800.000,5897400.000,1767280.000,5897400.000,1767760.000,5897400.000,1768240.000,5897400.000,1769200.000,5897400.000,1769680.000,5897400.000,1770160.000,5897400.000,1770640.000,5897400.000,1771120.000,5897400.000,1771600.000,5897400.000,1772080.000,5897400.000,1772560.000,5897400.000,1773040.000,5897400.000,1773520.000,5897400.000,1774000.000,5897400.000,1774480.000,5897400.000,1774960.000,5897400.000,1775440.000,5897400.000,1767760.000,5896680.000,1769200.000,5896680.000,1769680.000,5896680.000,1770160.000,5896680.000,1770640.000,5896680.000,1771120.000,5896680.000,1771600.000,5896680.000,1772080.000,5896680.000,1772560.000,5896680.000,1773040.000,5896680.000,1773520.000,5896680.000,1774000.000,5896680.000,1774480.000,5896680.000,1774960.000,5896680.000,1775440.000,5896680.000,1775920.000,5896680.000,1770160.000,5895960.000,1770640.000,5895960.000,1771120.000,5895960.000,1771600.000,5895960.000,1772080.000,5895960.000,1772560.000,5895960.000,1773040.000,5895960.000,1773520.000,5895960.000,1774000.000,5895960.000,1774480.000,5895960.000,1774960.000,5895960.000,1775440.000,5895960.000,1775920.000,5895960.000,1769680.000,5895960.000,1769200.000,5895960.000,1770160.000,5895240.000,1770640.000,5895240.000,1771120.000,5895240.000,1771600.000,5895240.000,1772080.000,5895240.000,1772560.000,5895240.000,1773040.000,5895240.000,1773520.000,5895240.000,1774000.000,5895240.000,1774480.000,5895240.000,1774960.000,5895240.000,1775440.000,5895240.000,1775920.000,5895240.000,1769680.000,5895240.000,1769200.000,5895240.000,1776400.000,5895240.000,1770160.000,5894520.000,1770640.000,5894520.000,1771120.000,5894520.000,1771600.000,5894520.000,1772080.000,5894520.000,1772560.000,5894520.000,1773040.000,5894520.000,1773520.000,5894520.000,1774000.000,5894520.000,1774480.000,5894520.000,1774960.000,5894520.000,1775440.000,5894520.000,1775920.000,5894520.000,1769680.000,5894520.000,1769200.000,5894520.000,1770640.000,5893800.000,1771120.000,5893800.000,1771600.000,5893800.000,1772080.000,5893800.000,1772560.000,5893800.000,1773040.000,5893800.000,1770160.000,5893800.000,1769680.000,5893800.000,1769200.000,5893800.000,1772560.000,5893080.000,1773040.000,5893080.000,1772080.000,5893080.000,1771600.000,5893080.000,1771120.000,5893080.000,1771600.000,5892360.000,1772080.000,5892360.000,1772560.000,5892360.000,1773040.000,5892360.000,1771120.000,5892360.000,1771120.000,5891640.000,1771600.000,5891640.000,1772080.000,5891640.000,1772560.000,5891640.000,1773040.000,5891640.000,1770640.000,5891640.000,1770640.000,5892360.000,1773520.000,5891640.000,1773520.000,5892360.000,1773520.000,5893080.000,1770640.000,5890920.000,1771120.000,5890920.000,1771600.000,5890920.000,1772080.000,5890920.000,1772560.000,5890920.000,1773040.000,5890920.000,1773520.000,5890920.000,1774000.000,5890920.000,1774000.000,5891640.000,1774000.000,5892360.000,1774480.000,5890920.000,1774480.000,5891640.000,1774480.000,5892360.000,1770640.000,5890200.000,1771120.000,5890200.000,1771600.000,5890200.000,1772080.000,5890200.000,1772560.000,5890200.000,1773040.000,5890200.000,1773520.000,5890200.000,1774000.000,5890200.000,1774480.000,5890200.000,1774960.000,5890200.000,1774960.000,5890920.000,1774960.000,5891640.000,1770640.000,5889480.000,1771120.000,5889480.000,1771600.000,5889480.000,1772080.000,5889480.000,1772560.000,5889480.000,1773040.000,5889480.000,1773520.000,5889480.000,1774000.000,5889480.000,1774480.000,5889480.000,1774960.000,5889480.000,1775440.000,5889480.000,1775440.000,5890200.000,1775440.000,5890920.000,1770640.000,5888760.000,1771120.000,5888760.000,1771600.000,5888760.000,1772080.000,5888760.000,1772560.000,5888760.000,1773040.000,5888760.000,1773520.000,5888760.000,1774000.000,5888760.000,1774480.000,5888760.000,1774960.000,5888760.000,1775440.000,5888760.000,1775920.000,5888760.000,1775920.000,5889480.000,1775920.000,5890200.000,1775920.000,5890920.000,1774480.000,5888040.000,1774960.000,5888040.000,1775440.000,5888040.000,1775920.000,5888040.000,1774960.000,5887320.000,1768720.000,5894520.000,1768720.000,5893800.000,1776400.000,5888760.000,1771600.000,5888040.000,1771120.000,5888040.000,1757680.000,5924040.000,1768240.000,5916120.000,1768720.000,5916120.000,1757680.000,5923320.000,1758160.000,5922600.000<BR><B>FONT_SIZE</B> = 10<BR><B>FONT_COLOR</B> = RGB(0,0,0)<BR><B>FONT_CHARS</B> = 1<BR><B>FONT_WEIGH</B> = 400<BR><B>PERIMETER</B> = 253.46 km<BR><B>ENCLOSED_AREA</B> = 771.38 sq km]]></description>
      <name>BA31_0850,BA31_0950,BA31_0949,BA31_1049,BA31_1050,BA31_1048,BA31_1047,BA31_1147,BA31_1148,BA31_1149,BA31_1150,BA31_1146,BA31_1145,BA31_1245,BA31_1246,BA31_1247,BA31_1248,BA31_1249,BA31_1250,BA31_1345,BA31_1346,BA31_1347,BA31_1348,BA31_1349,BA31_1350,BA31_1445,BA31_1446,BA31_1447,BA31_1448,BA31_1449,BA31_1450,BA31_1444,BA31_1443,BA31_1543,BA31_1544,BA31_1545,BA31_1546,BA31_1547,BA31_1548,BA31_1549,BA31_1550,BA31_1542,BA31_1541,BA31_1641,BA31_1642,BA31_1643,BA31_1644,BA31_1645,BA31_1646,BA31_1647,BA31_1648,BA31_1649,BA31_1650,BA31_1640,BA31_1639,BA31_1638,BA31_1739,BA31_1740,BA31_1741,BA31_1742,BA31_1743,BA31_1744,BA31_1745,BA31_1746,BA31_1747,BA31_1748,BA31_1749,BA31_1750,BA31_1839,BA31_1840,BA31_1841,BA31_1842,BA31_1843,BA31_1844,BA31_1845,BA31_1846,BA31_1847,BA31_1848,BA31_1849,BA31_1850,BA31_1939,BA31_1940,BA31_1941,BA31_1942,BA31_1943,BA31_1944,BA31_1945,BA31_1946,BA31_1947,BA31_1948,BA31_1949,BA31_1950,BA31_1938,BA31_2038,BA31_2039,BA31_2040,BA31_2041,BA31_2042,BA31_2043,BA31_2044,BA31_2045,BA31_2046,BA31_2047,BA31_2048,BA31_2049,BA31_2050,BA31_2138,BA31_2139,BA31_2140,BA31_2141,BA31_2142,BA31_2143,BA31_2144,BA31_2145,BA31_2146,BA31_2147,BA31_2148,BA31_2149,BA31_2150,BA31_2137,BA31_2237,BA31_2238,BA31_2239,BA31_2240,BA31_2241,BA31_2242,BA31_2243,BA31_2244,BA31_2245,BA31_2246,BA31_2247,BA31_2248,BA31_2249,BA31_2250,BA31_2337,BA31_2338,BA31_2339,BA31_2340,BA31_2341,BA31_2342,BA31_2343,BA31_2344,BA31_2345,BA31_2346,BA31_2347,BA31_2348,BA31_2349,BA31_2350,BA31_2336,BA31_2335,BA31_2435,BA31_2436,BA31_2437,BA31_2438,BA31_2439,BA31_2440,BA31_2441,BA31_2442,BA31_2443,BA31_2444,BA31_2445,BA31_2446,BA31_2447,BA31_2448,BA31_2449,BA31_2450,BA31_2535,BA31_2536,BA31_2537,BA31_2538,BA31_2539,BA31_2540,BA31_2541,BA31_2542,BA31_2543,BA31_2544,BA31_2545,BA31_2546,BA31_2547,BA31_2548,BA31_2549,BA31_2550,BA31_2635,BA31_2636,BA31_2637,BA31_2638,BA31_2639,BA31_2640,BA31_2641,BA31_2642,BA31_2643,BA31_2644,BA31_2645,BA31_2646,BA31_2647,BA31_2648,BA31_2649,BA31_2650,BA31_2634,BA31_2633,BA31_2733,BA31_2734,BA31_2735,BA31_2736,BA31_2737,BA31_2738,BA31_2739,BA31_2740,BA31_2741,BA31_2742,BA31_2743,BA31_2744,BA31_2745,BA31_2746,BA31_2747,BA31_2748,BA31_2749,BA31_2750,BA31_2732,BA31_2731,BA31_2730,BA31_2830,BA31_2831,BA31_2832,BA31_2833,BA31_2834,BA31_2835,BA31_2836,BA31_2837,BA31_2838,BA31_2839,BA31_2840,BA31_2841,BA31_2842,BA31_2843,BA31_2844,BA31_2845,BA31_2846,BA31_2847,BA31_2848,BA31_2849,BA31_2850,BA31_2829,BA31_2828,BA31_2827,BA31_2727,BA31_2726,BA31_2826,BA31_2626,BA31_2625,BA31_2725,BA31_2825,BA31_2624,BA31_2724,BA31_2824,BA31_2823,BA31_2723,BA31_2623,BA31_2622,BA31_2722,BA31_2822,BA31_2821,BA31_2721,BA31_2921,BA31_2922,BA31_2923,BA31_2924,BA31_2925,BA31_2926,BA31_2927,BA31_2928,BA31_2929,BA31_2930,BA31_2931,BA31_2932,BA31_2933,BA31_2934,BA31_2935,BA31_2936,BA31_2939,BA31_2940,BA31_2941,BA31_2942,BA31_2943,BA31_2944,BA31_2945,BA31_2946,BA31_2947,BA31_2948,BA31_2949,BA31_2950,BA31_3021,BA31_3022,BA31_3023,BA31_3024,BA31_3025,BA31_3026,BA31_3027,BA31_3028,BA31_3029,BA31_3030,BA31_3031,BA31_3020,BA31_3039,BA31_3040,BA31_3041,BA31_3042,BA31_3043,BA31_3044,BA31_3045,BA31_3046,BA31_3047,BA31_3048,BA31_3049,BA31_3050,BA31_3120,BA31_3121,BA31_3122,BA31_3123,BA31_3124,BA31_3125,BA31_3126,BA31_3127,BA31_3128,BA31_3129,BA31_3130,BA31_3131,BA31_3119,BA31_3140,BA31_3141,BA31_3142,BA31_3143,BA31_3144,BA31_3145,BA31_3146,BA31_3147,BA31_3148,BA31_3149,BA31_3150,BA31_3219,BA31_3220,BA31_3221,BA31_3222,BA31_3223,BA31_3224,BA31_3225,BA31_3226,BA31_3227,BA31_3228,BA31_3229,BA31_3230,BA31_3231,BA31_3218,BA31_3232,BA31_3233,BA31_3241,BA31_3242,BA31_3243,BA31_3244,BA31_3245,BA31_3246,BA31_3247,BA31_3248,BA31_3249,BA31_3250,BA31_3318,BA31_3319,BA31_3320,BA31_3321,BA31_3322,BA31_3323,BA31_3324,BA31_3325,BA31_3326,BA31_3327,BA31_3328,BA31_3329,BA31_3330,BA31_3331,BA31_3332,BA31_3333,BA31_3334,BA31_3350,BA31_3419,BA31_3420,BA31_3421,BA31_3422,BA31_3423,BA31_3424,BA31_3425,BA31_3426,BA31_3427,BA31_3428,BA31_3429,BA31_3430,BA31_3431,BA31_3432,BA31_3433,BA31_3434,BA31_3450,BA31_3449,BA31_3522,BA31_3523,BA31_3524,BA31_3525,BA31_3526,BA31_3527,BA31_3528,BA31_3529,BA31_3530,BA31_3531,BA31_3532,BA31_3533,BA31_3534,BA31_3549,BA31_3550,BA31_3548,BA31_3547,BA31_3546,BA31_3622,BA31_3623,BA31_3624,BA31_3625,BA31_3626,BA31_3627,BA31_3628,BA31_3629,BA31_3630,BA31_3631,BA31_3632,BA31_3633,BA31_3634,BA31_3621,BA31_3646,BA31_3647,BA31_3648,BA31_3649,BA31_3650,BA31_3645,BA31_3644,BA31_3643,BA31_3642,BA31_3721,BA31_3722,BA31_3723,BA31_3724,BA31_3725,BA31_3726,BA31_3727,BA31_3728,BA31_3729,BA31_3730,BA31_3731,BA31_3732,BA31_3733,BA31_3720,BA31_3719,BA31_3718,BA31_3742,BA31_3743,BA31_3744,BA31_3745,BA31_3746,BA31_3747,BA31_3748,BA31_3749,BA31_3750,BA31_3741,BA31_3818,BA31_3819,BA31_3820,BA31_3821,BA31_3822,BA31_3823,BA31_3824,BA31_3825,BA31_3826,BA31_3827,BA31_3828,BA31_3829,BA31_3830,BA31_3831,BA31_3832,BA31_3833,BA31_3817,BA31_3816,BA31_3841,BA31_3842,BA31_3843,BA31_3844,BA31_3845,BA31_3846,BA31_3847,BA31_3848,BA31_3849,BA31_3850,BA31_3917,BA31_3918,BA31_3919,BA31_3920,BA31_3921,BA31_3922,BA31_3923,BA31_3924,BA31_3925,BA31_3926,BA31_3927,BA31_3928,BA31_3929,BA31_3930,BA31_3931,BA31_3932,BA31_3933,BA31_3934,BA31_3935,BA31_3835,BA31_3936,BA31_3937,BA31_3941,BA31_3942,BA31_3943,BA31_3944,BA31_3945,BA31_3946,BA31_3947,BA31_3948,BA31_3949,BA31_3950,BA31_3940,BA31_4021,BA31_4022,BA31_4023,BA31_4024,BA31_4025,BA31_4026,BA31_4027,BA31_4028,BA31_4029,BA31_4030,BA31_4031,BA31_4032,BA31_4033,BA31_4034,BA31_4035,BA31_4036,BA31_4037,BA31_4040,BA31_4041,BA31_4042,BA31_4043,BA31_4044,BA31_4045,BA31_4046,BA31_4047,BA31_4048,BA31_4049,BA31_4050,BA31_4122,BA31_4123,BA31_4124,BA31_4125,BA31_4126,BA31_4127,BA31_4128,BA31_4129,BA31_4130,BA31_4131,BA31_4132,BA31_4133,BA31_4134,BA31_4135,BA31_4136,BA31_4137,BA31_4138,BA31_4139,BA31_4140,BA31_4141,BA31_4142,BA31_4143,BA31_4144,BA31_4145,BA31_4146,BA31_4147,BA31_4148,BA31_4149,BA31_4150,BA31_4223,BA31_4224,BA31_4225,BA31_4226,BA31_4227,BA31_4228,BA31_4229,BA31_4230,BA31_4231,BA31_4232,BA31_4233,BA31_4234,BA31_4235,BA31_4236,BA31_4237,BA31_4238,BA31_4239,BA31_4240,BA31_4241,BA31_4242,BA31_4243,BA31_4244,BA31_4245,BA31_4246,BA31_4247,BA31_4248,BA31_4249,BA31_4250,BA31_4323,BA31_4324,BA31_4325,BA31_4326,BA31_4327,BA31_4328,BA31_4329,BA31_4330,BA31_4331,BA31_4332,BA31_4333,BA31_4334,BA31_4335,BA31_4336,BA31_4337,BA31_4338,BA31_4339,BA31_4340,BA31_4341,BA31_4342,BA31_4343,BA31_4344,BA31_4345,BA31_4346,BA31_4347,BA31_4348,BA31_4349,BA31_4350,BA31_4425,BA31_4426,BA31_4427,BA31_4428,BA31_4429,BA31_4430,BA31_4431,BA31_4432,BA31_4433,BA31_4434,BA31_4435,BA31_4436,BA31_4437,BA31_4438,BA31_4439,BA31_4440,BA31_4441,BA31_4442,BA31_4443,BA31_4444,BA31_4445,BA31_4446,BA31_4447,BA31_4448,BA31_4449,BA31_4450,BA31_4526,BA31_4527,BA31_4528,BA31_4529,BA31_4530,BA31_4531,BA31_4532,BA31_4533,BA31_4534,BA31_4535,BA31_4536,BA31_4537,BA31_4538,BA31_4539,BA31_4540,BA31_4541,BA31_4542,BA31_4543,BA31_4544,BA31_4545,BA31_4546,BA31_4547,BA31_4548,BA31_4549,BA31_4550,BA31_4626,BA31_4627,BA31_4628,BA31_4629,BA31_4630,BA31_4631,BA31_4632,BA31_4633,BA31_4634,BA31_4635,BA31_4636,BA31_4637,BA31_4638,BA31_4639,BA31_4640,BA31_4641,BA31_4642,BA31_4643,BA31_4644,BA31_4645,BA31_4646,BA31_4647,BA31_4648,BA31_4649,BA31_4650,BA31_4728,BA31_4729,BA31_4730,BA31_4731,BA31_4732,BA31_4733,BA31_4734,BA31_4735,BA31_4736,BA31_4737,BA31_4738,BA31_4739,BA31_4740,BA31_4741,BA31_4742,BA31_4743,BA31_4744,BA31_4745,BA31_4746,BA31_4747,BA31_4748,BA31_4749,BA31_4750,BA31_4829,BA31_4830,BA31_4831,BA31_4832,BA31_4833,BA31_4834,BA31_4835,BA31_4836,BA31_4837,BA31_4838,BA31_4839,BA31_4840,BA31_4841,BA31_4842,BA31_4843,BA31_4844,BA31_4845,BA31_4846,BA31_4847,BA31_4848,BA31_4849,BA31_4850,BA31_4929,BA31_4930,BA31_4931,BA31_4932,BA31_4933,BA31_4934,BA31_4935,BA31_4936,BA31_4937,BA31_4938,BA31_4939,BA31_4940,BA31_4941,BA31_4928,BA31_4943,BA31_4944,BA31_4945,BA31_4946,BA31_4947,BA31_4948,BA31_4949,BA31_4950,BA31_5028,BA31_5029,BA31_5030,BA31_5031,BA31_5032,BA31_5033,BA31_5034,BA31_5035,BA31_5036,BA31_5027,BA31_5045,BA31_5046,BA31_5047,BA32_0801,BA32_0901,BA32_1001,BA32_1101,BA32_1201,BA32_1301,BA32_1401,BA32_1501,BA32_1601,BA32_1701,BA32_1801,BA32_1901,BA32_2001,BA32_2101,BA32_2201,BA32_2301,BA32_2401,BA32_2501,BA32_2601,BA32_2701,BA32_2801,BA32_2901,BA32_3001,BA32_3101,BA32_3201,BA32_3301,BA32_3401,BA32_3501,BA32_3601,BA32_3701,BA32_3801,BA32_3901,BA32_4001,BA32_4101,BA32_4201,BA32_4301,BA32_4401,BA32_4501,BA32_4601,BA32_4701,BA32_4801,BA32_4901,BA32_2402,BA32_2502,BA32_2602,BA32_2702,BA32_2802,BA32_2902,BA32_3002,BA32_3102,BA32_2302,BA32_2202,BA32_2102,BA32_2002,BA32_1902,BA32_1802,BA32_1702,BA32_1602,BA32_1502,BA32_1402,BA32_1302,BA32_1202,BA32_1102,BA32_2603,BA32_2703,BA32_2803,BA32_2903,BA32_2503,BA32_2403,BA32_2303,BA32_2203,BA32_2103,BA32_2003,BA32_1903,BA32_2904,BA32_2804,BA32_2704,BA32_2604,BA32_2504,BA32_2404,BA32_2304,BA32_2204,BA32_2104,BA32_2004,BA32_1303,BA32_1203,BA32_3402,BA32_3502,BA32_3602,BA32_3702,BA32_3802,BA32_3902,BA32_4002,BA32_4102,BA32_4202,BA32_4302,BA32_4402,BA32_4502,BA32_4602,BA32_4702,BA32_4802,BA32_4902,BA32_3503,BA32_3603,BA32_3703,BA32_3803,BA32_3903,BA32_4003,BA32_4103,BA32_4203,BA32_4303,BA32_4403,BA32_4503,BA32_4603,BA32_4703,BA32_4803,BA32_3504,BA32_3604,BA32_3704,BA32_3804,BA32_3904,BA32_4004,BA32_4104,BA32_4204,BA32_4304,BA32_4404,BA32_4504,BA32_4604,BA32_4704,BA32_4804,BA32_3605,BA32_3705,BA32_3805,BA32_3905,BA32_4005,BA32_4105,BA32_4205,BA32_4305,BA32_4405,BA32_4505,BA32_4605,BA32_4705,BA32_3505,BA32_4805,BA32_3706,BA32_3806,BA32_3906,BA32_4006,BA32_4106,BA32_4206,BA32_4306,BA32_4406,BA32_4506,BA32_4606,BA32_3606,BA32_3506,BA32_4706,BA32_4806,BA32_3507,BA32_3607,BA32_3707,BA32_3807,BA32_3907,BA32_4007,BA32_4107,BA32_4207,BA32_4307,BA32_4407,BA32_4507,BA32_4607,BA32_4707,BA32_4807,BA32_3508,BA32_3608,BA32_3708,BA32_3808,BA32_3908,BA32_4008,BA32_4108,BA32_4208,BA32_4308,BA32_4408,BA32_4508,BA32_4608,BA32_4708,BA32_4808,BA32_3809,BA32_3909,BA32_4009,BA32_4109,BA32_4209,BA32_4309,BA32_4409,BA32_4509,BA32_3709,BA32_3609,BA32_4609,BA32_4709,BA32_4809,BA32_3910,BA32_4010,BA32_4110,BA32_4210,BA32_4310,BA32_4410,BA32_4510,BA32_4610,BA32_4710,BA32_3810,BA32_3710,BA32_4810,BA32_3811,BA32_3911,BA32_4011,BA32_4111,BA32_4211,BA32_4311,BA32_4411,BA32_4511,BA32_4611,BA32_4711,BA32_3711,BA32_4811,BA32_3912,BA32_3812,BA32_4012,BA32_4112,BA32_4212,BA32_4312,BA32_4412,BA32_3712,BA32_4512,BA32_4612,BA32_4712,BA32_4812,BA32_4013,BA32_4113,BA32_4213,BA32_4313,BA32_3913,BA32_3813,BA32_4413,BA32_4513,BA32_4613,BA32_4713,BA32_3713,BA32_4813,BA32_3613,BA32_3612,BA32_3611,BA32_4014,BA32_4114,BA32_4214,BA32_4314,BA32_4414,BA32_3914,BA32_3814,BA32_3714,BA32_3614,BA32_4514,BA32_4614,BA32_4714,BA32_4814,BA32_2505,BA32_2405,BA32_2605,BA32_2705,BA32_2805,BA32_2905,BA32_3407,BA32_2806,BA32_2706,BA32_2906,BA32_2606,BA32_2506,BA32_2406,BA32_4115,BA32_4215,BA32_4315,BA32_4415,BA32_4515,BA32_4015,BA32_3915,BA32_3815,BA32_3715,BA32_3615,BA32_4615,BA32_4715,BA32_4815,BA32_4116,BA32_4216,BA32_4316,BA32_4416,BA32_4516,BA32_4616,BA32_4016,BA32_3916,BA32_3816,BA32_3716,BA32_3616,BA32_4716,BA32_4816,BA32_3005,BA32_3006,BA32_3105,BA32_3106,BA32_3206,BA32_3205,BA32_3306,BA32_3307,BA32_3207,BA32_3107,BA32_3007,BA32_2907,BA32_2807,BA32_2707,BA32_4217,BA32_4317,BA32_4117,BA32_4417,BA32_4517,BA32_4617,BA32_4717,BA32_4017,BA32_3917,BA32_3817,BA32_3717,BA32_3617,BA32_4817,BA32_2908,BA32_3008,BA32_3108,BA32_2808,BA32_3208,BA32_3308,BA32_3718,BA32_3618,BA32_3818,BA32_3918,BA32_4018,BA32_4118,BA32_4218,BA32_4318,BA32_4418,BA32_4518,BA32_4618,BA32_4718,BA32_4818,BA32_3009,BA32_2909,BA32_3109,BA32_3209,BA32_3309,BA32_3409,BA32_4219,BA32_4319,BA32_4419,BA32_4519,BA32_4119,BA32_4619,BA32_4019,BA32_3919,BA32_3819,BA32_4719,BA32_4819,BA32_3719,BA32_3619,BA32_2205,BA32_4220,BA32_4320,BA32_4420,BA32_4520,BA32_4620,BA32_4120,BA32_4720,BA32_4820,BA32_4020,BA32_3920,BA32_3820,BA32_3720,BA32_3620,BA32_3721,BA32_3621,BA32_3821,BA32_3921,BA32_4021,BA32_4121,BA32_4221,BA32_4321,BA32_4421,BA32_4521,BA32_4621,BA32_4721,BA32_4821,BA32_3210,BA32_3310,BA32_3410,BA32_3110,BA32_3010,BA32_4422,BA32_4522,BA32_4622,BA32_4322,BA32_4222,BA32_4122,BA32_4022,BA32_3922,BA32_4722,BA32_3822,BA32_3722,BA32_3622,BA32_4822,BA32_4123,BA32_4023,BA32_3923,BA32_3823,BA32_3723,BA32_4223,BA32_3623,BA32_3824,BA32_3724,BA32_3624,BA32_3924,BA32_4024,BA32_4124,BA32_3311,BA32_3211,BA32_3111,BA32_3515,BA32_3514,BA32_3522,BA32_3212,BA32_3312,BA32_4523,BA32_4623,BA32_4723,BA32_4823,BA32_4524,BA32_4624,BA32_4724,BA32_4824,BA32_4025,BA32_3925,BA32_3825,BA32_3725,BA32_4026,BA32_3926,BA32_4027,BA32_4424,BA32_4324,BA32_4625,BA32_4725,BA32_4525,BA32_4425,BA32_4825,BA32_4325,BA32_4326,BA32_4426,BA32_4526,BA32_4626,BA32_4726,BA32_4826,BA32_4527,BA32_4627,BA32_4427,BA32_4327,BA32_4727,BA32_4827,BA32_4528,BA32_4428,BA32_4628,BA32_4728,BA32_4328,BA32_4828,BA32_4629,BA32_4729,BA32_4529,BA32_4429,BA32_4329,BA32_4829,BA32_4630,BA32_4530,BA32_4430,BA32_4330,BA32_4730,BA32_4830,BA32_4228,BA32_4127,BA32_4229,BA32_4230,BA32_4128,BA32_4129,BA32_4130,BA32_4131,BA32_4231,BA32_4331,BA32_4431,BA32_4531,BA32_4631,BA32_4731,BA32_4831,BA32_4232,BA32_4132,BA32_4332,BA32_4432,BA32_4532,BA32_4632,BA32_4732,BA32_4832,BA32_4333,BA32_4433,BA32_4533,BA32_4233,BA32_4133,BA32_4633,BA32_4733,BA32_4833,BA32_4334,BA32_4234,BA32_4134,BA32_4434,BA32_4534,BA32_4634,BA32_4734,BA32_4834,BA32_4735,BA32_4635,BA32_4535,BA32_4435,BA32_4335,BA32_4235,BA32_4835,BA32_4031,BA32_4030,BA32_4029,BA32_3930,BA32_3929,BA32_3928,BA32_4636,BA32_4736,BA32_4536,BA32_4436,BA32_4336,BA32_4236,BA32_4637,BA32_4737,BA32_4537,BA32_4437,BA32_4337,BA32_3829,BA32_3830,BA32_3828,BA32_4538,BA32_4438,BA32_4638,BA32_4338,BA32_3729,BA32_3728,BA32_3730,BA32_3628,BA32_3629,BA32_4906,BA32_4907,BA32_4908,BA32_4909,BA32_4910,BA32_4911,BA32_4912,BA32_4913,BA32_4914,BA32_4915,BA32_4916,BA32_4917,BA32_4918,BA32_4919,BA32_4920,BA32_4921,BA32_4922,BA32_4923,BA32_4924,BA32_4925,BA32_4926,BA32_4927,BA32_4928,BA32_4929,BA32_4930,BA32_4931,BA32_4932,BA32_4933,BA32_5006,BA32_5007,BA32_5008,BA32_5009,BA32_5005,BA32_5004,BA32_5003,BA32_5015,BA32_5016,BA32_5017,BA32_5018,BA32_5019,BA32_5020,BA32_5021,BA32_5022,BA32_5023,BA32_5024,BA32_5025,BA32_5026,BA32_5027,BA32_5028,BA32_5029,BA32_5030,BA32_5031,BA32_5032,BA32_5033,BB31_0127,BB31_0128,BB31_0129,BB31_0130,BB31_0131,BB31_0132,BB31_0133,BB31_0134,BB31_0135,BB31_0126,BB31_0226,BB31_0227,BB31_0228,BB31_0229,BB31_0230,BB31_0231,BB31_0232,BB31_0233,BB31_0234,BB31_0326,BB31_0327,BB31_0328,BB31_0329,BB31_0330,BB31_0331,BB31_0332,BB31_0427,BB31_0428,BB31_0429,BB31_0430,BB31_0431,BB31_0432,BB31_0528,BB31_0529,BB31_0530,BB31_0628,BB32_0103,BB32_0104,BB32_0105,BB32_0106,BB32_0107,BB32_0108,BB32_0109,BB32_0102,BB32_0110,BB32_0111,BB32_0112,BB32_0113,BB32_0114,BB32_0115,BB32_0116,BB32_0117,BB32_0118,BB32_0119,BB32_0120,BB32_0121,BB32_0122,BB32_0123,BB32_0124,BB32_0125,BB32_0126,BB32_0127,BB32_0128,BB32_0129,BB32_0130,BB32_0131,BB32_0132,BB32_0133,BB32_0204,BB32_0205,BB32_0206,BB32_0207,BB32_0208,BB32_0209,BB32_0210,BB32_0211,BB32_0212,BB32_0213,BB32_0214,BB32_0215,BB32_0216,BB32_0217,BB32_0218,BB32_0219,BB32_0220,BB32_0221,BB32_0222,BB32_0223,BB32_0224,BB32_0225,BB32_0226,BB32_0227,BB32_0228,BB32_0229,BB32_0230,BB32_0231,BB32_0232,BB32_0233,BB32_0234,BB32_0305,BB32_0306,BB32_0307,BB32_0308,BB32_0309,BB32_0310,BB32_0311,BB32_0312,BB32_0313,BB32_0314,BB32_0315,BB32_0316,BB32_0317,BB32_0318,BB32_0319,BB32_0320,BB32_0321,BB32_0322,BB32_0323,BB32_0324,BB32_0325,BB32_0326,BB32_0327,BB32_0328,BB32_0329,BB32_0330,BB32_0331,BB32_0332,BB32_0333,BB32_0334,BB32_0335,BB32_0405,BB32_0406,BB32_0407,BB32_0408,BB32_0409,BB32_0410,BB32_0411,BB32_0412,BB32_0413,BB32_0414,BB32_0415,BB32_0416,BB32_0417,BB32_0418,BB32_0419,BB32_0420,BB32_0421,BB32_0422,BB32_0423,BB32_0424,BB32_0425,BB32_0426,BB32_0427,BB32_0428,BB32_0429,BB32_0430,BB32_0431,BB32_0432,BB32_0433,BB32_0434,BB32_0435,BB32_0404,BB32_0436,BB32_0504,BB32_0505,BB32_0506,BB32_0507,BB32_0508,BB32_0509,BB32_0510,BB32_0511,BB32_0512,BB32_0513,BB32_0514,BB32_0515,BB32_0516,BB32_0517,BB32_0518,BB32_0519,BB32_0520,BB32_0521,BB32_0522,BB32_0523,BB32_0524,BB32_0525,BB32_0526,BB32_0527,BB32_0528,BB32_0529,BB32_0530,BB32_0531,BB32_0532,BB32_0533,BB32_0534,BB32_0535,BB32_0503,BB32_0603,BB32_0604,BB32_0605,BB32_0606,BB32_0607,BB32_0608,BB32_0609,BB32_0610,BB32_0611,BB32_0612,BB32_0613,BB32_0614,BB32_0615,BB32_0616,BB32_0617,BB32_0618,BB32_0619,BB32_0620,BB32_0621,BB32_0622,BB32_0623,BB32_0624,BB32_0625,BB32_0626,BB32_0627,BB32_0628,BB32_0629,BB32_0630,BB32_0631,BB32_0632,BB32_0633,BB32_0634,BB32_0635,BB32_0602,BB32_0702,BB32_0703,BB32_0704,BB32_0705,BB32_0706,BB32_0707,BB32_0708,BB32_0709,BB32_0710,BB32_0701,BB32_0712,BB32_0713,BB32_0714,BB32_0715,BB32_0716,BB32_0717,BB32_0718,BB32_0719,BB32_0720,BB32_0721,BB32_0722,BB32_0723,BB32_0724,BB32_0725,BB32_0726,BB32_0727,BB32_0728,BB32_0729,BB32_0730,BB32_0731,BB32_0732,BB32_0733,BB32_0734,BB32_0735,BB32_0736,BB32_0801,BB32_0802,BB32_0803,BB32_0804,BB32_0805,BB32_0806,BB32_0807,BB32_0808,BB32_0809,BB32_0810,BB31_0850,BB31_0950,BB32_0901,BB32_0902,BB32_0903,BB32_0904,BB32_0905,BB32_0906,BB32_0907,BB32_0908,BB32_0909,BB32_0910,BB32_0817,BB32_0818,BB32_0819,BB32_0820,BB32_0821,BB32_0822,BB32_0823,BB32_0824,BB32_0825,BB32_0826,BB32_0827,BB32_0828,BB32_0829,BB32_0830,BB32_0831,BB32_0832,BB32_0833,BB32_0834,BB32_0835,BB32_0836,BB32_0816,BB32_0815,BB32_0814,BB32_0813,BB32_0812,BB32_0911,BB32_0912,BB32_0913,BB32_0914,BB32_0915,BB32_0916,BB32_0917,BB32_0918,BB32_0919,BB32_0920,BB32_0921,BB32_0922,BB32_0923,BB32_0924,BB32_0925,BB32_0926,BB32_0927,BB32_0928,BB32_0929,BB32_0933,BB32_0934,BB32_1001,BB32_1002,BB32_1003,BB32_1004,BB32_1005,BB32_1006,BB32_1007,BB32_1008,BB32_1009,BB32_1010,BB32_1011,BB32_1012,BB32_1013,BB32_1014,BB32_1015,BB32_1016,BB32_1017,BB32_1018,BB32_1019,BB32_1020,BB32_1021,BB32_1022,BB32_1023,BB32_1024,BB32_1025,BB32_1026,BB32_1027,BB32_1028,BB32_1029,BB32_1030,BB32_1031,BB32_1032,BB32_1033,BB32_1103,BB32_1104,BB32_1105,BB32_1106,BB32_1107,BB32_1108,BB32_1109,BB32_1110,BB32_1111,BB32_1112,BB32_1113,BB32_1114,BB32_1115,BB32_1116,BB32_1117,BB32_1118,BB32_1119,BB32_1120,BB32_1121,BB32_1122,BB32_1123,BB32_1124,BB32_1125,BB32_1126,BB32_1127,BB32_1128,BB32_1129,BB32_1130,BB32_1131,BB32_1132,BB32_1203,BB32_1204,BB32_1205,BB32_1206,BB32_1207,BB32_1209,BB32_1210,BB32_1211,BB32_1212,BB32_1214,BB32_1215,BB32_1216,BB32_1217,BB32_1218,BB32_1219,BB32_1220,BB32_1221,BB32_1222,BB32_1223,BB32_1224,BB32_1225,BB32_1226,BB32_1227,BB32_1228,BB32_1229,BB32_1230,BB32_1231,BB32_1232,BB32_1316,BB32_1317,BB32_1318,BB32_1319,BB32_1320,BB32_1321,BB32_1322,BB32_1323,BB32_1324,BB32_1325,BB32_1326,BB32_1327,BB32_1328,BB32_1329,BB32_1330,BB32_1331,BB32_1332,BB32_1417,BB32_1418,BB32_1419,BB32_1420,BB32_1421,BB32_1422,BB32_1423,BB32_1424,BB32_1425,BB32_1426,BB32_1427,BB32_1428,BB32_1429,BB32_1430,BB32_1431,BB32_1432,BB32_1433,BB32_1519,BB32_1520,BB32_1521,BB32_1522,BB32_1523,BB32_1524,BB32_1525,BB32_1526,BB32_1527,BB32_1528,BB32_1529,BB32_1530,BB32_1531,BB32_1532,BB32_1533,BB32_1534,BB32_1535,BB32_1536,BB32_1619,BB32_1620,BB32_1621,BB32_1622,BB32_1623,BB32_1624,BB32_1625,BB32_1626,BB32_1627,BB32_1628,BB32_1629,BB32_1630,BB32_1631,BB32_1632,BB32_1633,BB32_1634,BB32_1635,BB32_1636,BB32_1637,BB32_1719,BB32_1720,BB32_1721,BB32_1722,BB32_1723,BB32_1724,BB32_1725,BB32_1726,BB32_1727,BB32_1728,BB32_1729,BB32_1730,BB32_1731,BB32_1732,BB32_1733,BB32_1734,BB32_1735,BB32_1736,BB32_1737,BB32_1738,BB32_1739,BB32_1740,BB32_1741,BB32_1820,BB32_1821,BB32_1822,BB32_1823,BB32_1824,BB32_1825,BB32_1826,BB32_1828,BB32_1829,BB32_1830,BB32_1831,BB32_1832,BB32_1833,BB32_1834,BB32_1835,BB32_1836,BB32_1837,BB32_1838,BB32_1839,BB32_1840,BB32_1841,BB32_1925,BB32_1928,BB32_1929,BB32_1930,BB32_1931,BB32_1932,BB32_1933,BB32_1934,BB32_1935,BB32_1936,BB32_1937,BB32_1938,BB32_1939,BB32_1940,BB32_1941,BB32_1942,BB32_2030,BB32_2031,BB32_2032,BB32_2033,BB32_2034,BB32_2035,BB32_2036,BB32_2037,BB32_2038,BB32_2039,BB32_2040,BB32_2041,BB32_2042,BB32_2029,BB32_2028,BB32_2130,BB32_2131,BB32_2132,BB32_2133,BB32_2134,BB32_2135,BB32_2136,BB32_2137,BB32_2138,BB32_2139,BB32_2140,BB32_2141,BB32_2142,BB32_2129,BB32_2128,BB32_2143,BB32_2230,BB32_2231,BB32_2232,BB32_2233,BB32_2234,BB32_2235,BB32_2236,BB32_2237,BB32_2238,BB32_2239,BB32_2240,BB32_2241,BB32_2242,BB32_2229,BB32_2228,BB32_2331,BB32_2332,BB32_2333,BB32_2334,BB32_2335,BB32_2336,BB32_2330,BB32_2329,BB32_2328,BB32_2435,BB32_2436,BB32_2434,BB32_2433,BB32_2432,BB32_2533,BB32_2534,BB32_2535,BB32_2536,BB32_2532,BB32_2632,BB32_2633,BB32_2634,BB32_2635,BB32_2636,BB32_2631,BB32_2531,BB32_2637,BB32_2537,BB32_2437,BB32_2731,BB32_2732,BB32_2733,BB32_2734,BB32_2735,BB32_2736,BB32_2737,BB32_2738,BB32_2638,BB32_2538,BB32_2739,BB32_2639,BB32_2539,BB32_2831,BB32_2832,BB32_2833,BB32_2834,BB32_2835,BB32_2836,BB32_2837,BB32_2838,BB32_2839,BB32_2840,BB32_2740,BB32_2640,BB32_2931,BB32_2932,BB32_2933,BB32_2934,BB32_2935,BB32_2936,BB32_2937,BB32_2938,BB32_2939,BB32_2940,BB32_2941,BB32_2841,BB32_2741,BB32_3031,BB32_3032,BB32_3033,BB32_3034,BB32_3035,BB32_3036,BB32_3037,BB32_3038,BB32_3039,BB32_3040,BB32_3041,BB32_3042,BB32_2942,BB32_2842,BB32_2742,BB32_3139,BB32_3140,BB32_3141,BB32_3142,BB32_3240,BB32_2227,BB32_2327,BB32_3043,BB32_3133,BB32_3132,BA32_3104,BA32_4226,BA32_4227,BA32_3204,BA32_3305</name>
      <styleUrl>#area1</styleUrl>
      <Polygon>
        <outerBoundaryIs>
          <LinearRing>
            <coordinates>
              174.9112693549,-36.8498429736,0
              174.9058882068,-36.8499294001,0
              174.9057271484,-36.8434424430,0
              174.8949656917,-36.8436145255,0
              174.8956066003,-36.8695624694,0
              174.9009891573,-36.8694764692,0
              174.9117542025,-36.8693037381,0
              174.9112693549,-36.8498429736,0
            </coordinates>
          </LinearRing>
        </outerBoundaryIs>
      </Polygon>
    </Placemark>
    <Placemark>
      <description><![CDATA[Unknown Area Type<BR><BR><B>LAYER</B> = Unknown Area Type<BR><B>MAP_NAME</B> = Auckland2026_1K_Tiles<BR><B>NAME</B> = BA31_0850,BA31_0950,BA31_0949,BA31_1049,BA31_1050,BA31_1048,BA31_1047,BA31_1147,BA31_1148,BA31_1149,BA31_1150,BA31_1146,BA31_1145,BA31_1245,BA31_1246,BA31_1247,BA31_1248,BA31_1249,BA31_1250,BA31_1345,BA31_1346,BA31_1347,BA31_1348,BA31_1349,BA31_1350,BA31_1445,BA31_1446,BA31_1447,BA31_1448,BA31_1449,BA31_1450,BA31_1444,BA31_1443,BA31_1543,BA31_1544,BA31_1545,BA31_1546,BA31_1547,BA31_1548,BA31_1549,BA31_1550,BA31_1542,BA31_1541,BA31_1641,BA31_1642,BA31_1643,BA31_1644,BA31_1645,BA31_1646,BA31_1647,BA31_1648,BA31_1649,BA31_1650,BA31_1640,BA31_1639,BA31_1638,BA31_1739,BA31_1740,BA31_1741,BA31_1742,BA31_1743,BA31_1744,BA31_1745,BA31_1746,BA31_1747,BA31_1748,BA31_1749,BA31_1750,BA31_1839,BA31_1840,BA31_1841,BA31_1842,BA31_1843,BA31_1844,BA31_1845,BA31_1846,BA31_1847,BA31_1848,BA31_1849,BA31_1850,BA31_1939,BA31_1940,BA31_1941,BA31_1942,BA31_1943,BA31_1944,BA31_1945,BA31_1946,BA31_1947,BA31_1948,BA31_1949,BA31_1950,BA31_1938,BA31_2038,BA31_2039,BA31_2040,BA31_2041,BA31_2042,BA31_2043,BA31_2044,BA31_2045,BA31_2046,BA31_2047,BA31_2048,BA31_2049,BA31_2050,BA31_2138,BA31_2139,BA31_2140,BA31_2141,BA31_2142,BA31_2143,BA31_2144,BA31_2145,BA31_2146,BA31_2147,BA31_2148,BA31_2149,BA31_2150,BA31_2137,BA31_2237,BA31_2238,BA31_2239,BA31_2240,BA31_2241,BA31_2242,BA31_2243,BA31_2244,BA31_2245,BA31_2246,BA31_2247,BA31_2248,BA31_2249,BA31_2250,BA31_2337,BA31_2338,BA31_2339,BA31_2340,BA31_2341,BA31_2342,BA31_2343,BA31_2344,BA31_2345,BA31_2346,BA31_2347,BA31_2348,BA31_2349,BA31_2350,BA31_2336,BA31_2335,BA31_2435,BA31_2436,BA31_2437,BA31_2438,BA31_2439,BA31_2440,BA31_2441,BA31_2442,BA31_2443,BA31_2444,BA31_2445,BA31_2446,BA31_2447,BA31_2448,BA31_2449,BA31_2450,BA31_2535,BA31_2536,BA31_2537,BA31_2538,BA31_2539,BA31_2540,BA31_2541,BA31_2542,BA31_2543,BA31_2544,BA31_2545,BA31_2546,BA31_2547,BA31_2548,BA31_2549,BA31_2550,BA31_2635,BA31_2636,BA31_2637,BA31_2638,BA31_2639,BA31_2640,BA31_2641,BA31_2642,BA31_2643,BA31_2644,BA31_2645,BA31_2646,BA31_2647,BA31_2648,BA31_2649,BA31_2650,BA31_2634,BA31_2633,BA31_2733,BA31_2734,BA31_2735,BA31_2736,BA31_2737,BA31_2738,BA31_2739,BA31_2740,BA31_2741,BA31_2742,BA31_2743,BA31_2744,BA31_2745,BA31_2746,BA31_2747,BA31_2748,BA31_2749,BA31_2750,BA31_2732,BA31_2731,BA31_2730,BA31_2830,BA31_2831,BA31_2832,BA31_2833,BA31_2834,BA31_2835,BA31_2836,BA31_2837,BA31_2838,BA31_2839,BA31_2840,BA31_2841,BA31_2842,BA31_2843,BA31_2844,BA31_2845,BA31_2846,BA31_2847,BA31_2848,BA31_2849,BA31_2850,BA31_2829,BA31_2828,BA31_2827,BA31_2727,BA31_2726,BA31_2826,BA31_2626,BA31_2625,BA31_2725,BA31_2825,BA31_2624,BA31_2724,BA31_2824,BA31_2823,BA31_2723,BA31_2623,BA31_2622,BA31_2722,BA31_2822,BA31_2821,BA31_2721,BA31_2921,BA31_2922,BA31_2923,BA31_2924,BA31_2925,BA31_2926,BA31_2927,BA31_2928,BA31_2929,BA31_2930,BA31_2931,BA31_2932,BA31_2933,BA31_2934,BA31_2935,BA31_2936,BA31_2939,BA31_2940,BA31_2941,BA31_2942,BA31_2943,BA31_2944,BA31_2945,BA31_2946,BA31_2947,BA31_2948,BA31_2949,BA31_2950,BA31_3021,BA31_3022,BA31_3023,BA31_3024,BA31_3025,BA31_3026,BA31_3027,BA31_3028,BA31_3029,BA31_3030,BA31_3031,BA31_3020,BA31_3039,BA31_3040,BA31_3041,BA31_3042,BA31_3043,BA31_3044,BA31_3045,BA31_3046,BA31_3047,BA31_3048,BA31_3049,BA31_3050,BA31_3120,BA31_3121,BA31_3122,BA31_3123,BA31_3124,BA31_3125,BA31_3126,BA31_3127,BA31_3128,BA31_3129,BA31_3130,BA31_3131,BA31_3119,BA31_3140,BA31_3141,BA31_3142,BA31_3143,BA31_3144,BA31_3145,BA31_3146,BA31_3147,BA31_3148,BA31_3149,BA31_3150,BA31_3219,BA31_3220,BA31_3221,BA31_3222,BA31_3223,BA31_3224,BA31_3225,BA31_3226,BA31_3227,BA31_3228,BA31_3229,BA31_3230,BA31_3231,BA31_3218,BA31_3232,BA31_3233,BA31_3241,BA31_3242,BA31_3243,BA31_3244,BA31_3245,BA31_3246,BA31_3247,BA31_3248,BA31_3249,BA31_3250,BA31_3318,BA31_3319,BA31_3320,BA31_3321,BA31_3322,BA31_3323,BA31_3324,BA31_3325,BA31_3326,BA31_3327,BA31_3328,BA31_3329,BA31_3330,BA31_3331,BA31_3332,BA31_3333,BA31_3334,BA31_3350,BA31_3419,BA31_3420,BA31_3421,BA31_3422,BA31_3423,BA31_3424,BA31_3425,BA31_3426,BA31_3427,BA31_3428,BA31_3429,BA31_3430,BA31_3431,BA31_3432,BA31_3433,BA31_3434,BA31_3450,BA31_3449,BA31_3522,BA31_3523,BA31_3524,BA31_3525,BA31_3526,BA31_3527,BA31_3528,BA31_3529,BA31_3530,BA31_3531,BA31_3532,BA31_3533,BA31_3534,BA31_3549,BA31_3550,BA31_3548,BA31_3547,BA31_3546,BA31_3622,BA31_3623,BA31_3624,BA31_3625,BA31_3626,BA31_3627,BA31_3628,BA31_3629,BA31_3630,BA31_3631,BA31_3632,BA31_3633,BA31_3634,BA31_3621,BA31_3646,BA31_3647,BA31_3648,BA31_3649,BA31_3650,BA31_3645,BA31_3644,BA31_3643,BA31_3642,BA31_3721,BA31_3722,BA31_3723,BA31_3724,BA31_3725,BA31_3726,BA31_3727,BA31_3728,BA31_3729,BA31_3730,BA31_3731,BA31_3732,BA31_3733,BA31_3720,BA31_3719,BA31_3718,BA31_3742,BA31_3743,BA31_3744,BA31_3745,BA31_3746,BA31_3747,BA31_3748,BA31_3749,BA31_3750,BA31_3741,BA31_3818,BA31_3819,BA31_3820,BA31_3821,BA31_3822,BA31_3823,BA31_3824,BA31_3825,BA31_3826,BA31_3827,BA31_3828,BA31_3829,BA31_3830,BA31_3831,BA31_3832,BA31_3833,BA31_3817,BA31_3816,BA31_3841,BA31_3842,BA31_3843,BA31_3844,BA31_3845,BA31_3846,BA31_3847,BA31_3848,BA31_3849,BA31_3850,BA31_3917,BA31_3918,BA31_3919,BA31_3920,BA31_3921,BA31_3922,BA31_3923,BA31_3924,BA31_3925,BA31_3926,BA31_3927,BA31_3928,BA31_3929,BA31_3930,BA31_3931,BA31_3932,BA31_3933,BA31_3934,BA31_3935,BA31_3835,BA31_3936,BA31_3937,BA31_3941,BA31_3942,BA31_3943,BA31_3944,BA31_3945,BA31_3946,BA31_3947,BA31_3948,BA31_3949,BA31_3950,BA31_3940,BA31_4021,BA31_4022,BA31_4023,BA31_4024,BA31_4025,BA31_4026,BA31_4027,BA31_4028,BA31_4029,BA31_4030,BA31_4031,BA31_4032,BA31_4033,BA31_4034,BA31_4035,BA31_4036,BA31_4037,BA31_4040,BA31_4041,BA31_4042,BA31_4043,BA31_4044,BA31_4045,BA31_4046,BA31_4047,BA31_4048,BA31_4049,BA31_4050,BA31_4122,BA31_4123,BA31_4124,BA31_4125,BA31_4126,BA31_4127,BA31_4128,BA31_4129,BA31_4130,BA31_4131,BA31_4132,BA31_4133,BA31_4134,BA31_4135,BA31_4136,BA31_4137,BA31_4138,BA31_4139,BA31_4140,BA31_4141,BA31_4142,BA31_4143,BA31_4144,BA31_4145,BA31_4146,BA31_4147,BA31_4148,BA31_4149,BA31_4150,BA31_4223,BA31_4224,BA31_4225,BA31_4226,BA31_4227,BA31_4228,BA31_4229,BA31_4230,BA31_4231,BA31_4232,BA31_4233,BA31_4234,BA31_4235,BA31_4236,BA31_4237,BA31_4238,BA31_4239,BA31_4240,BA31_4241,BA31_4242,BA31_4243,BA31_4244,BA31_4245,BA31_4246,BA31_4247,BA31_4248,BA31_4249,BA31_4250,BA31_4323,BA31_4324,BA31_4325,BA31_4326,BA31_4327,BA31_4328,BA31_4329,BA31_4330,BA31_4331,BA31_4332,BA31_4333,BA31_4334,BA31_4335,BA31_4336,BA31_4337,BA31_4338,BA31_4339,BA31_4340,BA31_4341,BA31_4342,BA31_4343,BA31_4344,BA31_4345,BA31_4346,BA31_4347,BA31_4348,BA31_4349,BA31_4350,BA31_4425,BA31_4426,BA31_4427,BA31_4428,BA31_4429,BA31_4430,BA31_4431,BA31_4432,BA31_4433,BA31_4434,BA31_4435,BA31_4436,BA31_4437,BA31_4438,BA31_4439,BA31_4440,BA31_4441,BA31_4442,BA31_4443,BA31_4444,BA31_4445,BA31_4446,BA31_4447,BA31_4448,BA31_4449,BA31_4450,BA31_4526,BA31_4527,BA31_4528,BA31_4529,BA31_4530,BA31_4531,BA31_4532,BA31_4533,BA31_4534,BA31_4535,BA31_4536,BA31_4537,BA31_4538,BA31_4539,BA31_4540,BA31_4541,BA31_4542,BA31_4543,BA31_4544,BA31_4545,BA31_4546,BA31_4547,BA31_4548,BA31_4549,BA31_4550,BA31_4626,BA31_4627,BA31_4628,BA31_4629,BA31_4630,BA31_4631,BA31_4632,BA31_4633,BA31_4634,BA31_4635,BA31_4636,BA31_4637,BA31_4638,BA31_4639,BA31_4640,BA31_4641,BA31_4642,BA31_4643,BA31_4644,BA31_4645,BA31_4646,BA31_4647,BA31_4648,BA31_4649,BA31_4650,BA31_4728,BA31_4729,BA31_4730,BA31_4731,BA31_4732,BA31_4733,BA31_4734,BA31_4735,BA31_4736,BA31_4737,BA31_4738,BA31_4739,BA31_4740,BA31_4741,BA31_4742,BA31_4743,BA31_4744,BA31_4745,BA31_4746,BA31_4747,BA31_4748,BA31_4749,BA31_4750,BA31_4829,BA31_4830,BA31_4831,BA31_4832,BA31_4833,BA31_4834,BA31_4835,BA31_4836,BA31_4837,BA31_4838,BA31_4839,BA31_4840,BA31_4841,BA31_4842,BA31_4843,BA31_4844,BA31_4845,BA31_4846,BA31_4847,BA31_4848,BA31_4849,BA31_4850,BA31_4929,BA31_4930,BA31_4931,BA31_4932,BA31_4933,BA31_4934,BA31_4935,BA31_4936,BA31_4937,BA31_4938,BA31_4939,BA31_4940,BA31_4941,BA31_4928,BA31_4943,BA31_4944,BA31_4945,BA31_4946,BA31_4947,BA31_4948,BA31_4949,BA31_4950,BA31_5028,BA31_5029,BA31_5030,BA31_5031,BA31_5032,BA31_5033,BA31_5034,BA31_5035,BA31_5036,BA31_5027,BA31_5045,BA31_5046,BA31_5047,BA32_0801,BA32_0901,BA32_1001,BA32_1101,BA32_1201,BA32_1301,BA32_1401,BA32_1501,BA32_1601,BA32_1701,BA32_1801,BA32_1901,BA32_2001,BA32_2101,BA32_2201,BA32_2301,BA32_2401,BA32_2501,BA32_2601,BA32_2701,BA32_2801,BA32_2901,BA32_3001,BA32_3101,BA32_3201,BA32_3301,BA32_3401,BA32_3501,BA32_3601,BA32_3701,BA32_3801,BA32_3901,BA32_4001,BA32_4101,BA32_4201,BA32_4301,BA32_4401,BA32_4501,BA32_4601,BA32_4701,BA32_4801,BA32_4901,BA32_2402,BA32_2502,BA32_2602,BA32_2702,BA32_2802,BA32_2902,BA32_3002,BA32_3102,BA32_2302,BA32_2202,BA32_2102,BA32_2002,BA32_1902,BA32_1802,BA32_1702,BA32_1602,BA32_1502,BA32_1402,BA32_1302,BA32_1202,BA32_1102,BA32_2603,BA32_2703,BA32_2803,BA32_2903,BA32_2503,BA32_2403,BA32_2303,BA32_2203,BA32_2103,BA32_2003,BA32_1903,BA32_2904,BA32_2804,BA32_2704,BA32_2604,BA32_2504,BA32_2404,BA32_2304,BA32_2204,BA32_2104,BA32_2004,BA32_1303,BA32_1203,BA32_3402,BA32_3502,BA32_3602,BA32_3702,BA32_3802,BA32_3902,BA32_4002,BA32_4102,BA32_4202,BA32_4302,BA32_4402,BA32_4502,BA32_4602,BA32_4702,BA32_4802,BA32_4902,BA32_3503,BA32_3603,BA32_3703,BA32_3803,BA32_3903,BA32_4003,BA32_4103,BA32_4203,BA32_4303,BA32_4403,BA32_4503,BA32_4603,BA32_4703,BA32_4803,BA32_3504,BA32_3604,BA32_3704,BA32_3804,BA32_3904,BA32_4004,BA32_4104,BA32_4204,BA32_4304,BA32_4404,BA32_4504,BA32_4604,BA32_4704,BA32_4804,BA32_3605,BA32_3705,BA32_3805,BA32_3905,BA32_4005,BA32_4105,BA32_4205,BA32_4305,BA32_4405,BA32_4505,BA32_4605,BA32_4705,BA32_3505,BA32_4805,BA32_3706,BA32_3806,BA32_3906,BA32_4006,BA32_4106,BA32_4206,BA32_4306,BA32_4406,BA32_4506,BA32_4606,BA32_3606,BA32_3506,BA32_4706,BA32_4806,BA32_3507,BA32_3607,BA32_3707,BA32_3807,BA32_3907,BA32_4007,BA32_4107,BA32_4207,BA32_4307,BA32_4407,BA32_4507,BA32_4607,BA32_4707,BA32_4807,BA32_3508,BA32_3608,BA32_3708,BA32_3808,BA32_3908,BA32_4008,BA32_4108,BA32_4208,BA32_4308,BA32_4408,BA32_4508,BA32_4608,BA32_4708,BA32_4808,BA32_3809,BA32_3909,BA32_4009,BA32_4109,BA32_4209,BA32_4309,BA32_4409,BA32_4509,BA32_3709,BA32_3609,BA32_4609,BA32_4709,BA32_4809,BA32_3910,BA32_4010,BA32_4110,BA32_4210,BA32_4310,BA32_4410,BA32_4510,BA32_4610,BA32_4710,BA32_3810,BA32_3710,BA32_4810,BA32_3811,BA32_3911,BA32_4011,BA32_4111,BA32_4211,BA32_4311,BA32_4411,BA32_4511,BA32_4611,BA32_4711,BA32_3711,BA32_4811,BA32_3912,BA32_3812,BA32_4012,BA32_4112,BA32_4212,BA32_4312,BA32_4412,BA32_3712,BA32_4512,BA32_4612,BA32_4712,BA32_4812,BA32_4013,BA32_4113,BA32_4213,BA32_4313,BA32_3913,BA32_3813,BA32_4413,BA32_4513,BA32_4613,BA32_4713,BA32_3713,BA32_4813,BA32_3613,BA32_3612,BA32_3611,BA32_4014,BA32_4114,BA32_4214,BA32_4314,BA32_4414,BA32_3914,BA32_3814,BA32_3714,BA32_3614,BA32_4514,BA32_4614,BA32_4714,BA32_4814,BA32_2505,BA32_2405,BA32_2605,BA32_2705,BA32_2805,BA32_2905,BA32_3407,BA32_2806,BA32_2706,BA32_2906,BA32_2606,BA32_2506,BA32_2406,BA32_4115,BA32_4215,BA32_4315,BA32_4415,BA32_4515,BA32_4015,BA32_3915,BA32_3815,BA32_3715,BA32_3615,BA32_4615,BA32_4715,BA32_4815,BA32_4116,BA32_4216,BA32_4316,BA32_4416,BA32_4516,BA32_4616,BA32_4016,BA32_3916,BA32_3816,BA32_3716,BA32_3616,BA32_4716,BA32_4816,BA32_3005,BA32_3006,BA32_3105,BA32_3106,BA32_3206,BA32_3205,BA32_3306,BA32_3307,BA32_3207,BA32_3107,BA32_3007,BA32_2907,BA32_2807,BA32_2707,BA32_4217,BA32_4317,BA32_4117,BA32_4417,BA32_4517,BA32_4617,BA32_4717,BA32_4017,BA32_3917,BA32_3817,BA32_3717,BA32_3617,BA32_4817,BA32_2908,BA32_3008,BA32_3108,BA32_2808,BA32_3208,BA32_3308,BA32_3718,BA32_3618,BA32_3818,BA32_3918,BA32_4018,BA32_4118,BA32_4218,BA32_4318,BA32_4418,BA32_4518,BA32_4618,BA32_4718,BA32_4818,BA32_3009,BA32_2909,BA32_3109,BA32_3209,BA32_3309,BA32_3409,BA32_4219,BA32_4319,BA32_4419,BA32_4519,BA32_4119,BA32_4619,BA32_4019,BA32_3919,BA32_3819,BA32_4719,BA32_4819,BA32_3719,BA32_3619,BA32_2205,BA32_4220,BA32_4320,BA32_4420,BA32_4520,BA32_4620,BA32_4120,BA32_4720,BA32_4820,BA32_4020,BA32_3920,BA32_3820,BA32_3720,BA32_3620,BA32_3721,BA32_3621,BA32_3821,BA32_3921,BA32_4021,BA32_4121,BA32_4221,BA32_4321,BA32_4421,BA32_4521,BA32_4621,BA32_4721,BA32_4821,BA32_3210,BA32_3310,BA32_3410,BA32_3110,BA32_3010,BA32_4422,BA32_4522,BA32_4622,BA32_4322,BA32_4222,BA32_4122,BA32_4022,BA32_3922,BA32_4722,BA32_3822,BA32_3722,BA32_3622,BA32_4822,BA32_4123,BA32_4023,BA32_3923,BA32_3823,BA32_3723,BA32_4223,BA32_3623,BA32_3824,BA32_3724,BA32_3624,BA32_3924,BA32_4024,BA32_4124,BA32_3311,BA32_3211,BA32_3111,BA32_3515,BA32_3514,BA32_3522,BA32_3212,BA32_3312,BA32_4523,BA32_4623,BA32_4723,BA32_4823,BA32_4524,BA32_4624,BA32_4724,BA32_4824,BA32_4025,BA32_3925,BA32_3825,BA32_3725,BA32_4026,BA32_3926,BA32_4027,BA32_4424,BA32_4324,BA32_4625,BA32_4725,BA32_4525,BA32_4425,BA32_4825,BA32_4325,BA32_4326,BA32_4426,BA32_4526,BA32_4626,BA32_4726,BA32_4826,BA32_4527,BA32_4627,BA32_4427,BA32_4327,BA32_4727,BA32_4827,BA32_4528,BA32_4428,BA32_4628,BA32_4728,BA32_4328,BA32_4828,BA32_4629,BA32_4729,BA32_4529,BA32_4429,BA32_4329,BA32_4829,BA32_4630,BA32_4530,BA32_4430,BA32_4330,BA32_4730,BA32_4830,BA32_4228,BA32_4127,BA32_4229,BA32_4230,BA32_4128,BA32_4129,BA32_4130,BA32_4131,BA32_4231,BA32_4331,BA32_4431,BA32_4531,BA32_4631,BA32_4731,BA32_4831,BA32_4232,BA32_4132,BA32_4332,BA32_4432,BA32_4532,BA32_4632,BA32_4732,BA32_4832,BA32_4333,BA32_4433,BA32_4533,BA32_4233,BA32_4133,BA32_4633,BA32_4733,BA32_4833,BA32_4334,BA32_4234,BA32_4134,BA32_4434,BA32_4534,BA32_4634,BA32_4734,BA32_4834,BA32_4735,BA32_4635,BA32_4535,BA32_4435,BA32_4335,BA32_4235,BA32_4835,BA32_4031,BA32_4030,BA32_4029,BA32_3930,BA32_3929,BA32_3928,BA32_4636,BA32_4736,BA32_4536,BA32_4436,BA32_4336,BA32_4236,BA32_4637,BA32_4737,BA32_4537,BA32_4437,BA32_4337,BA32_3829,BA32_3830,BA32_3828,BA32_4538,BA32_4438,BA32_4638,BA32_4338,BA32_3729,BA32_3728,BA32_3730,BA32_3628,BA32_3629,BA32_4906,BA32_4907,BA32_4908,BA32_4909,BA32_4910,BA32_4911,BA32_4912,BA32_4913,BA32_4914,BA32_4915,BA32_4916,BA32_4917,BA32_4918,BA32_4919,BA32_4920,BA32_4921,BA32_4922,BA32_4923,BA32_4924,BA32_4925,BA32_4926,BA32_4927,BA32_4928,BA32_4929,BA32_4930,BA32_4931,BA32_4932,BA32_4933,BA32_5006,BA32_5007,BA32_5008,BA32_5009,BA32_5005,BA32_5004,BA32_5003,BA32_5015,BA32_5016,BA32_5017,BA32_5018,BA32_5019,BA32_5020,BA32_5021,BA32_5022,BA32_5023,BA32_5024,BA32_5025,BA32_5026,BA32_5027,BA32_5028,BA32_5029,BA32_5030,BA32_5031,BA32_5032,BA32_5033,BB31_0127,BB31_0128,BB31_0129,BB31_0130,BB31_0131,BB31_0132,BB31_0133,BB31_0134,BB31_0135,BB31_0126,BB31_0226,BB31_0227,BB31_0228,BB31_0229,BB31_0230,BB31_0231,BB31_0232,BB31_0233,BB31_0234,BB31_0326,BB31_0327,BB31_0328,BB31_0329,BB31_0330,BB31_0331,BB31_0332,BB31_0427,BB31_0428,BB31_0429,BB31_0430,BB31_0431,BB31_0432,BB31_0528,BB31_0529,BB31_0530,BB31_0628,BB32_0103,BB32_0104,BB32_0105,BB32_0106,BB32_0107,BB32_0108,BB32_0109,BB32_0102,BB32_0110,BB32_0111,BB32_0112,BB32_0113,BB32_0114,BB32_0115,BB32_0116,BB32_0117,BB32_0118,BB32_0119,BB32_0120,BB32_0121,BB32_0122,BB32_0123,BB32_0124,BB32_0125,BB32_0126,BB32_0127,BB32_0128,BB32_0129,BB32_0130,BB32_0131,BB32_0132,BB32_0133,BB32_0204,BB32_0205,BB32_0206,BB32_0207,BB32_0208,BB32_0209,BB32_0210,BB32_0211,BB32_0212,BB32_0213,BB32_0214,BB32_0215,BB32_0216,BB32_0217,BB32_0218,BB32_0219,BB32_0220,BB32_0221,BB32_0222,BB32_0223,BB32_0224,BB32_0225,BB32_0226,BB32_0227,BB32_0228,BB32_0229,BB32_0230,BB32_0231,BB32_0232,BB32_0233,BB32_0234,BB32_0305,BB32_0306,BB32_0307,BB32_0308,BB32_0309,BB32_0310,BB32_0311,BB32_0312,BB32_0313,BB32_0314,BB32_0315,BB32_0316,BB32_0317,BB32_0318,BB32_0319,BB32_0320,BB32_0321,BB32_0322,BB32_0323,BB32_0324,BB32_0325,BB32_0326,BB32_0327,BB32_0328,BB32_0329,BB32_0330,BB32_0331,BB32_0332,BB32_0333,BB32_0334,BB32_0335,BB32_0405,BB32_0406,BB32_0407,BB32_0408,BB32_0409,BB32_0410,BB32_0411,BB32_0412,BB32_0413,BB32_0414,BB32_0415,BB32_0416,BB32_0417,BB32_0418,BB32_0419,BB32_0420,BB32_0421,BB32_0422,BB32_0423,BB32_0424,BB32_0425,BB32_0426,BB32_0427,BB32_0428,BB32_0429,BB32_0430,BB32_0431,BB32_0432,BB32_0433,BB32_0434,BB32_0435,BB32_0404,BB32_0436,BB32_0504,BB32_0505,BB32_0506,BB32_0507,BB32_0508,BB32_0509,BB32_0510,BB32_0511,BB32_0512,BB32_0513,BB32_0514,BB32_0515,BB32_0516,BB32_0517,BB32_0518,BB32_0519,BB32_0520,BB32_0521,BB32_0522,BB32_0523,BB32_0524,BB32_0525,BB32_0526,BB32_0527,BB32_0528,BB32_0529,BB32_0530,BB32_0531,BB32_0532,BB32_0533,BB32_0534,BB32_0535,BB32_0503,BB32_0603,BB32_0604,BB32_0605,BB32_0606,BB32_0607,BB32_0608,BB32_0609,BB32_0610,BB32_0611,BB32_0612,BB32_0613,BB32_0614,BB32_0615,BB32_0616,BB32_0617,BB32_0618,BB32_0619,BB32_0620,BB32_0621,BB32_0622,BB32_0623,BB32_0624,BB32_0625,BB32_0626,BB32_0627,BB32_0628,BB32_0629,BB32_0630,BB32_0631,BB32_0632,BB32_0633,BB32_0634,BB32_0635,BB32_0602,BB32_0702,BB32_0703,BB32_0704,BB32_0705,BB32_0706,BB32_0707,BB32_0708,BB32_0709,BB32_0710,BB32_0701,BB32_0712,BB32_0713,BB32_0714,BB32_0715,BB32_0716,BB32_0717,BB32_0718,BB32_0719,BB32_0720,BB32_0721,BB32_0722,BB32_0723,BB32_0724,BB32_0725,BB32_0726,BB32_0727,BB32_0728,BB32_0729,BB32_0730,BB32_0731,BB32_0732,BB32_0733,BB32_0734,BB32_0735,BB32_0736,BB32_0801,BB32_0802,BB32_0803,BB32_0804,BB32_0805,BB32_0806,BB32_0807,BB32_0808,BB32_0809,BB32_0810,BB31_0850,BB31_0950,BB32_0901,BB32_0902,BB32_0903,BB32_0904,BB32_0905,BB32_0906,BB32_0907,BB32_0908,BB32_0909,BB32_0910,BB32_0817,BB32_0818,BB32_0819,BB32_0820,BB32_0821,BB32_0822,BB32_0823,BB32_0824,BB32_0825,BB32_0826,BB32_0827,BB32_0828,BB32_0829,BB32_0830,BB32_0831,BB32_0832,BB32_0833,BB32_0834,BB32_0835,BB32_0836,BB32_0816,BB32_0815,BB32_0814,BB32_0813,BB32_0812,BB32_0911,BB32_0912,BB32_0913,BB32_0914,BB32_0915,BB32_0916,BB32_0917,BB32_0918,BB32_0919,BB32_0920,BB32_0921,BB32_0922,BB32_0923,BB32_0924,BB32_0925,BB32_0926,BB32_0927,BB32_0928,BB32_0929,BB32_0933,BB32_0934,BB32_1001,BB32_1002,BB32_1003,BB32_1004,BB32_1005,BB32_1006,BB32_1007,BB32_1008,BB32_1009,BB32_1010,BB32_1011,BB32_1012,BB32_1013,BB32_1014,BB32_1015,BB32_1016,BB32_1017,BB32_1018,BB32_1019,BB32_1020,BB32_1021,BB32_1022,BB32_1023,BB32_1024,BB32_1025,BB32_1026,BB32_1027,BB32_1028,BB32_1029,BB32_1030,BB32_1031,BB32_1032,BB32_1033,BB32_1103,BB32_1104,BB32_1105,BB32_1106,BB32_1107,BB32_1108,BB32_1109,BB32_1110,BB32_1111,BB32_1112,BB32_1113,BB32_1114,BB32_1115,BB32_1116,BB32_1117,BB32_1118,BB32_1119,BB32_1120,BB32_1121,BB32_1122,BB32_1123,BB32_1124,BB32_1125,BB32_1126,BB32_1127,BB32_1128,BB32_1129,BB32_1130,BB32_1131,BB32_1132,BB32_1203,BB32_1204,BB32_1205,BB32_1206,BB32_1207,BB32_1209,BB32_1210,BB32_1211,BB32_1212,BB32_1214,BB32_1215,BB32_1216,BB32_1217,BB32_1218,BB32_1219,BB32_1220,BB32_1221,BB32_1222,BB32_1223,BB32_1224,BB32_1225,BB32_1226,BB32_1227,BB32_1228,BB32_1229,BB32_1230,BB32_1231,BB32_1232,BB32_1316,BB32_1317,BB32_1318,BB32_1319,BB32_1320,BB32_1321,BB32_1322,BB32_1323,BB32_1324,BB32_1325,BB32_1326,BB32_1327,BB32_1328,BB32_1329,BB32_1330,BB32_1331,BB32_1332,BB32_1417,BB32_1418,BB32_1419,BB32_1420,BB32_1421,BB32_1422,BB32_1423,BB32_1424,BB32_1425,BB32_1426,BB32_1427,BB32_1428,BB32_1429,BB32_1430,BB32_1431,BB32_1432,BB32_1433,BB32_1519,BB32_1520,BB32_1521,BB32_1522,BB32_1523,BB32_1524,BB32_1525,BB32_1526,BB32_1527,BB32_1528,BB32_1529,BB32_1530,BB32_1531,BB32_1532,BB32_1533,BB32_1534,BB32_1535,BB32_1536,BB32_1619,BB32_1620,BB32_1621,BB32_1622,BB32_1623,BB32_1624,BB32_1625,BB32_1626,BB32_1627,BB32_1628,BB32_1629,BB32_1630,BB32_1631,BB32_1632,BB32_1633,BB32_1634,BB32_1635,BB32_1636,BB32_1637,BB32_1719,BB32_1720,BB32_1721,BB32_1722,BB32_1723,BB32_1724,BB32_1725,BB32_1726,BB32_1727,BB32_1728,BB32_1729,BB32_1730,BB32_1731,BB32_1732,BB32_1733,BB32_1734,BB32_1735,BB32_1736,BB32_1737,BB32_1738,BB32_1739,BB32_1740,BB32_1741,BB32_1820,BB32_1821,BB32_1822,BB32_1823,BB32_1824,BB32_1825,BB32_1826,BB32_1828,BB32_1829,BB32_1830,BB32_1831,BB32_1832,BB32_1833,BB32_1834,BB32_1835,BB32_1836,BB32_1837,BB32_1838,BB32_1839,BB32_1840,BB32_1841,BB32_1925,BB32_1928,BB32_1929,BB32_1930,BB32_1931,BB32_1932,BB32_1933,BB32_1934,BB32_1935,BB32_1936,BB32_1937,BB32_1938,BB32_1939,BB32_1940,BB32_1941,BB32_1942,BB32_2030,BB32_2031,BB32_2032,BB32_2033,BB32_2034,BB32_2035,BB32_2036,BB32_2037,BB32_2038,BB32_2039,BB32_2040,BB32_2041,BB32_2042,BB32_2029,BB32_2028,BB32_2130,BB32_2131,BB32_2132,BB32_2133,BB32_2134,BB32_2135,BB32_2136,BB32_2137,BB32_2138,BB32_2139,BB32_2140,BB32_2141,BB32_2142,BB32_2129,BB32_2128,BB32_2143,BB32_2230,BB32_2231,BB32_2232,BB32_2233,BB32_2234,BB32_2235,BB32_2236,BB32_2237,BB32_2238,BB32_2239,BB32_2240,BB32_2241,BB32_2242,BB32_2229,BB32_2228,BB32_2331,BB32_2332,BB32_2333,BB32_2334,BB32_2335,BB32_2336,BB32_2330,BB32_2329,BB32_2328,BB32_2435,BB32_2436,BB32_2434,BB32_2433,BB32_2432,BB32_2533,BB32_2534,BB32_2535,BB32_2536,BB32_2532,BB32_2632,BB32_2633,BB32_2634,BB32_2635,BB32_2636,BB32_2631,BB32_2531,BB32_2637,BB32_2537,BB32_2437,BB32_2731,BB32_2732,BB32_2733,BB32_2734,BB32_2735,BB32_2736,BB32_2737,BB32_2738,BB32_2638,BB32_2538,BB32_2739,BB32_2639,BB32_2539,BB32_2831,BB32_2832,BB32_2833,BB32_2834,BB32_2835,BB32_2836,BB32_2837,BB32_2838,BB32_2839,BB32_2840,BB32_2740,BB32_2640,BB32_2931,BB32_2932,BB32_2933,BB32_2934,BB32_2935,BB32_2936,BB32_2937,BB32_2938,BB32_2939,BB32_2940,BB32_2941,BB32_2841,BB32_2741,BB32_3031,BB32_3032,BB32_3033,BB32_3034,BB32_3035,BB32_3036,BB32_3037,BB32_3038,BB32_3039,BB32_3040,BB32_3041,BB32_3042,BB32_2942,BB32_2842,BB32_2742,BB32_3139,BB32_3140,BB32_3141,BB32_3142,BB32_3240,BB32_2227,BB32_2327,BB32_3043,BB32_3133,BB32_3132,BA32_3104,BA32_4226,BA32_4227,BA32_3204,BA32_3305<BR><B>SHEET</B> = BA31,BA32,BB31,BB32<BR><B>SCALE</B> = 1000<BR><B>CLOSED</B> = YES<BR><B>BORDER_STY</B> = Solid<BR><B>BORDER_COL</B> = RGB(0,0,0)<BR><B>BORDER_WID</B> = 1<BR><B>FILL_STYLE</B> = No Fill<BR><B>LABEL_POS</B> = 1755760.000,5940600.000,1755760.000,5939880.000,1755280.000,5939880.000,1755280.000,5939160.000,1755760.000,5939160.000,1754800.000,5939160.000,1754320.000,5939160.000,1754320.000,5938440.000,1754800.000,5938440.000,1755280.000,5938440.000,1755760.000,5938440.000,1753840.000,5938440.000,1753360.000,5938440.000,1753360.000,5937720.000,1753840.000,5937720.000,1754320.000,5937720.000,1754800.000,5937720.000,1755280.000,5937720.000,1755760.000,5937720.000,1753360.000,5937000.000,1753840.000,5937000.000,1754320.000,5937000.000,1754800.000,5937000.000,1755280.000,5937000.000,1755760.000,5937000.000,1753360.000,5936280.000,1753840.000,5936280.000,1754320.000,5936280.000,1754800.000,5936280.000,1755280.000,5936280.000,1755760.000,5936280.000,1752880.000,5936280.000,1752400.000,5936280.000,1752400.000,5935560.000,1752880.000,5935560.000,1753360.000,5935560.000,1753840.000,5935560.000,1754320.000,5935560.000,1754800.000,5935560.000,1755280.000,5935560.000,1755760.000,5935560.000,1751920.000,5935560.000,1751440.000,5935560.000,1751440.000,5934840.000,1751920.000,5934840.000,1752400.000,5934840.000,1752880.000,5934840.000,1753360.000,5934840.000,1753840.000,5934840.000,1754320.000,5934840.000,1754800.000,5934840.000,1755280.000,5934840.000,1755760.000,5934840.000,1750960.000,5934840.000,1750480.000,5934840.000,1750000.000,5934840.000,1750480.000,5934120.000,1750960.000,5934120.000,1751440.000,5934120.000,1751920.000,5934120.000,1752400.000,5934120.000,1752880.000,5934120.000,1753360.000,5934120.000,1753840.000,5934120.000,1754320.000,5934120.000,1754800.000,5934120.000,1755280.000,5934120.000,1755760.000,5934120.000,1750480.000,5933400.000,1750960.000,5933400.000,1751440.000,5933400.000,1751920.000,5933400.000,1752400.000,5933400.000,1752880.000,5933400.000,1753360.000,5933400.000,1753840.000,5933400.000,1754320.000,5933400.000,1754800.000,5933400.000,1755280.000,5933400.000,1755760.000,5933400.000,1750480.000,5932680.000,1750960.000,5932680.000,1751440.000,5932680.000,1751920.000,5932680.000,1752400.000,5932680.000,1752880.000,5932680.000,1753360.000,5932680.000,1753840.000,5932680.000,1754320.000,5932680.000,1754800.000,5932680.000,1755280.000,5932680.000,1755760.000,5932680.000,1750000.000,5932680.000,1750000.000,5931960.000,1750480.000,5931960.000,1750960.000,5931960.000,1751440.000,5931960.000,1751920.000,5931960.000,1752400.000,5931960.000,1752880.000,5931960.000,1753360.000,5931960.000,1753840.000,5931960.000,1754320.000,5931960.000,1754800.000,5931960.000,1755280.000,5931960.000,1755760.000,5931960.000,1750000.000,5931240.000,1750480.000,5931240.000,1750960.000,5931240.000,1751440.000,5931240.000,1751920.000,5931240.000,1752400.000,5931240.000,1752880.000,5931240.000,1753360.000,5931240.000,1753840.000,5931240.000,1754320.000,5931240.000,1754800.000,5931240.000,1755280.000,5931240.000,1755760.000,5931240.000,1749520.000,5931240.000,1749520.000,5930520.000,1750000.000,5930520.000,1750480.000,5930520.000,1750960.000,5930520.000,1751440.000,5930520.000,1751920.000,5930520.000,1752400.000,5930520.000,1752880.000,5930520.000,1753360.000,5930520.000,1753840.000,5930520.000,1754320.000,5930520.000,1754800.000,5930520.000,1755280.000,5930520.000,1755760.000,5930520.000,1749520.000,5929800.000,1750000.000,5929800.000,1750480.000,5929800.000,1750960.000,5929800.000,1751440.000,5929800.000,1751920.000,5929800.000,1752400.000,5929800.000,1752880.000,5929800.000,1753360.000,5929800.000,1753840.000,5929800.000,1754320.000,5929800.000,1754800.000,5929800.000,1755280.000,5929800.000,1755760.000,5929800.000,1749040.000,5929800.000,1748560.000,5929800.000,1748560.000,5929080.000,1749040.000,5929080.000,1749520.000,5929080.000,1750000.000,5929080.000,1750480.000,5929080.000,1750960.000,5929080.000,1751440.000,5929080.000,1751920.000,5929080.000,1752400.000,5929080.000,1752880.000,5929080.000,1753360.000,5929080.000,1753840.000,5929080.000,1754320.000,5929080.000,1754800.000,5929080.000,1755280.000,5929080.000,1755760.000,5929080.000,1748560.000,5928360.000,1749040.000,5928360.000,1749520.000,5928360.000,1750000.000,5928360.000,1750480.000,5928360.000,1750960.000,5928360.000,1751440.000,5928360.000,1751920.000,5928360.000,1752400.000,5928360.000,1752880.000,5928360.000,1753360.000,5928360.000,1753840.000,5928360.000,1754320.000,5928360.000,1754800.000,5928360.000,1755280.000,5928360.000,1755760.000,5928360.000,1748560.000,5927640.000,1749040.000,5927640.000,1749520.000,5927640.000,1750000.000,5927640.000,1750480.000,5927640.000,1750960.000,5927640.000,1751440.000,5927640.000,1751920.000,5927640.000,1752400.000,5927640.000,1752880.000,5927640.000,1753360.000,5927640.000,1753840.000,5927640.000,1754320.000,5927640.000,1754800.000,5927640.000,1755280.000,5927640.000,1755760.000,5927640.000,1748080.000,5927640.000,1747600.000,5927640.000,1747600.000,5926920.000,1748080.000,5926920.000,1748560.000,5926920.000,1749040.000,5926920.000,1749520.000,5926920.000,1750000.000,5926920.000,1750480.000,5926920.000,1750960.000,5926920.000,1751440.000,5926920.000,1751920.000,5926920.000,1752400.000,5926920.000,1752880.000,5926920.000,1753360.000,5926920.000,1753840.000,5926920.000,1754320.000,5926920.000,1754800.000,5926920.000,1755280.000,5926920.000,1755760.000,5926920.000,1747120.000,5926920.000,1746640.000,5926920.000,1746160.000,5926920.000,1746160.000,5926200.000,1746640.000,5926200.000,1747120.000,5926200.000,1747600.000,5926200.000,1748080.000,5926200.000,1748560.000,5926200.000,1749040.000,5926200.000,1749520.000,5926200.000,1750000.000,5926200.000,1750480.000,5926200.000,1750960.000,5926200.000,1751440.000,5926200.000,1751920.000,5926200.000,1752400.000,5926200.000,1752880.000,5926200.000,1753360.000,5926200.000,1753840.000,5926200.000,1754320.000,5926200.000,1754800.000,5926200.000,1755280.000,5926200.000,1755760.000,5926200.000,1745680.000,5926200.000,1745200.000,5926200.000,1744720.000,5926200.000,1744720.000,5926920.000,1744240.000,5926920.000,1744240.000,5926200.000,1744240.000,5927640.000,1743760.000,5927640.000,1743760.000,5926920.000,1743760.000,5926200.000,1743280.000,5927640.000,1743280.000,5926920.000,1743280.000,5926200.000,1742800.000,5926200.000,1742800.000,5926920.000,1742800.000,5927640.000,1742320.000,5927640.000,1742320.000,5926920.000,1742320.000,5926200.000,1741840.000,5926200.000,1741840.000,5926920.000,1741840.000,5925480.000,1742320.000,5925480.000,1742800.000,5925480.000,1743280.000,5925480.000,1743760.000,5925480.000,1744240.000,5925480.000,1744720.000,5925480.000,1745200.000,5925480.000,1745680.000,5925480.000,1746160.000,5925480.000,1746640.000,5925480.000,1747120.000,5925480.000,1747600.000,5925480.000,1748080.000,5925480.000,1748560.000,5925480.000,1749040.000,5925480.000,1750480.000,5925480.000,1750960.000,5925480.000,1751440.000,5925480.000,1751920.000,5925480.000,1752400.000,5925480.000,1752880.000,5925480.000,1753360.000,5925480.000,1753840.000,5925480.000,1754320.000,5925480.000,1754800.000,5925480.000,1755280.000,5925480.000,1755760.000,5925480.000,1741840.000,5924760.000,1742320.000,5924760.000,1742800.000,5924760.000,1743280.000,5924760.000,1743760.000,5924760.000,1744240.000,5924760.000,1744720.000,5924760.000,1745200.000,5924760.000,1745680.000,5924760.000,1746160.000,5924760.000,1746640.000,5924760.000,1741360.000,5924760.000,1750480.000,5924760.000,1750960.000,5924760.000,1751440.000,5924760.000,1751920.000,5924760.000,1752400.000,5924760.000,1752880.000,5924760.000,1753360.000,5924760.000,1753840.000,5924760.000,1754320.000,5924760.000,1754800.000,5924760.000,1755280.000,5924760.000,1755760.000,5924760.000,1741360.000,5924040.000,1741840.000,5924040.000,1742320.000,5924040.000,1742800.000,5924040.000,1743280.000,5924040.000,1743760.000,5924040.000,1744240.000,5924040.000,1744720.000,5924040.000,1745200.000,5924040.000,1745680.000,5924040.000,1746160.000,5924040.000,1746640.000,5924040.000,1740880.000,5924040.000,1750960.000,5924040.000,1751440.000,5924040.000,1751920.000,5924040.000,1752400.000,5924040.000,1752880.000,5924040.000,1753360.000,5924040.000,1753840.000,5924040.000,1754320.000,5924040.000,1754800.000,5924040.000,1755280.000,5924040.000,1755760.000,5924040.000,1740880.000,5923320.000,1741360.000,5923320.000,1741840.000,5923320.000,1742320.000,5923320.000,1742800.000,5923320.000,1743280.000,5923320.000,1743760.000,5923320.000,1744240.000,5923320.000,1744720.000,5923320.000,1745200.000,5923320.000,1745680.000,5923320.000,1746160.000,5923320.000,1746640.000,5923320.000,1740400.000,5923320.000,1747120.000,5923320.000,1747600.000,5923320.000,1751440.000,5923320.000,1751920.000,5923320.000,1752400.000,5923320.000,1752880.000,5923320.000,1753360.000,5923320.000,1753840.000,5923320.000,1754320.000,5923320.000,1754800.000,5923320.000,1755280.000,5923320.000,1755760.000,5923320.000,1740400.000,5922600.000,1740880.000,5922600.000,1741360.000,5922600.000,1741840.000,5922600.000,1742320.000,5922600.000,1742800.000,5922600.000,1743280.000,5922600.000,1743760.000,5922600.000,1744240.000,5922600.000,1744720.000,5922600.000,1745200.000,5922600.000,1745680.000,5922600.000,1746160.000,5922600.000,1746640.000,5922600.000,1747120.000,5922600.000,1747600.000,5922600.000,1748080.000,5922600.000,1755760.000,5922600.000,1740880.000,5921880.000,1741360.000,5921880.000,1741840.000,5921880.000,1742320.000,5921880.000,1742800.000,5921880.000,1743280.000,5921880.000,1743760.000,5921880.000,1744240.000,5921880.000,1744720.000,5921880.000,1745200.000,5921880.000,1745680.000,5921880.000,1746160.000,5921880.000,1746640.000,5921880.000,1747120.000,5921880.000,1747600.000,5921880.000,1748080.000,5921880.000,1755760.000,5921880.000,1755280.000,5921880.000,1742320.000,5921160.000,1742800.000,5921160.000,1743280.000,5921160.000,1743760.000,5921160.000,1744240.000,5921160.000,1744720.000,5921160.000,1745200.000,5921160.000,1745680.000,5921160.000,1746160.000,5921160.000,1746640.000,5921160.000,1747120.000,5921160.000,1747600.000,5921160.000,1748080.000,5921160.000,1755280.000,5921160.000,1755760.000,5921160.000,1754800.000,5921160.000,1754320.000,5921160.000,1753840.000,5921160.000,1742320.000,5920440.000,1742800.000,5920440.000,1743280.000,5920440.000,1743760.000,5920440.000,1744240.000,5920440.000,1744720.000,5920440.000,1745200.000,5920440.000,1745680.000,5920440.000,1746160.000,5920440.000,1746640.000,5920440.000,1747120.000,5920440.000,1747600.000,5920440.000,1748080.000,5920440.000,1741840.000,5920440.000,1753840.000,5920440.000,1754320.000,5920440.000,1754800.000,5920440.000,1755280.000,5920440.000,1755760.000,5920440.000,1753360.000,5920440.000,1752880.000,5920440.000,1752400.000,5920440.000,1751920.000,5920440.000,1741840.000,5919720.000,1742320.000,5919720.000,1742800.000,5919720.000,1743280.000,5919720.000,1743760.000,5919720.000,1744240.000,5919720.000,1744720.000,5919720.000,1745200.000,5919720.000,1745680.000,5919720.000,1746160.000,5919720.000,1746640.000,5919720.000,1747120.000,5919720.000,1747600.000,5919720.000,1741360.000,5919720.000,1740880.000,5919720.000,1740400.000,5919720.000,1751920.000,5919720.000,1752400.000,5919720.000,1752880.000,5919720.000,1753360.000,5919720.000,1753840.000,5919720.000,1754320.000,5919720.000,1754800.000,5919720.000,1755280.000,5919720.000,1755760.000,5919720.000,1751440.000,5919720.000,1740400.000,5919000.000,1740880.000,5919000.000,1741360.000,5919000.000,1741840.000,5919000.000,1742320.000,5919000.000,1742800.000,5919000.000,1743280.000,5919000.000,1743760.000,5919000.000,1744240.000,5919000.000,1744720.000,5919000.000,1745200.000,5919000.000,1745680.000,5919000.000,1746160.000,5919000.000,1746640.000,5919000.000,1747120.000,5919000.000,1747600.000,5919000.000,1739920.000,5919000.000,1739440.000,5919000.000,1751440.000,5919000.000,1751920.000,5919000.000,1752400.000,5919000.000,1752880.000,5919000.000,1753360.000,5919000.000,1753840.000,5919000.000,1754320.000,5919000.000,1754800.000,5919000.000,1755280.000,5919000.000,1755760.000,5919000.000,1739920.000,5918280.000,1740400.000,5918280.000,1740880.000,5918280.000,1741360.000,5918280.000,1741840.000,5918280.000,1742320.000,5918280.000,1742800.000,5918280.000,1743280.000,5918280.000,1743760.000,5918280.000,1744240.000,5918280.000,1744720.000,5918280.000,1745200.000,5918280.000,1745680.000,5918280.000,1746160.000,5918280.000,1746640.000,5918280.000,1747120.000,5918280.000,1747600.000,5918280.000,1748080.000,5918280.000,1748560.000,5918280.000,1748560.000,5919000.000,1749040.000,5918280.000,1749520.000,5918280.000,1751440.000,5918280.000,1751920.000,5918280.000,1752400.000,5918280.000,1752880.000,5918280.000,1753360.000,5918280.000,1753840.000,5918280.000,1754320.000,5918280.000,1754800.000,5918280.000,1755280.000,5918280.000,1755760.000,5918280.000,1750960.000,5918280.000,1741840.000,5917560.000,1742320.000,5917560.000,1742800.000,5917560.000,1743280.000,5917560.000,1743760.000,5917560.000,1744240.000,5917560.000,1744720.000,5917560.000,1745200.000,5917560.000,1745680.000,5917560.000,1746160.000,5917560.000,1746640.000,5917560.000,1747120.000,5917560.000,1747600.000,5917560.000,1748080.000,5917560.000,1748560.000,5917560.000,1749040.000,5917560.000,1749520.000,5917560.000,1750960.000,5917560.000,1751440.000,5917560.000,1751920.000,5917560.000,1752400.000,5917560.000,1752880.000,5917560.000,1753360.000,5917560.000,1753840.000,5917560.000,1754320.000,5917560.000,1754800.000,5917560.000,1755280.000,5917560.000,1755760.000,5917560.000,1742320.000,5916840.000,1742800.000,5916840.000,1743280.000,5916840.000,1743760.000,5916840.000,1744240.000,5916840.000,1744720.000,5916840.000,1745200.000,5916840.000,1745680.000,5916840.000,1746160.000,5916840.000,1746640.000,5916840.000,1747120.000,5916840.000,1747600.000,5916840.000,1748080.000,5916840.000,1748560.000,5916840.000,1749040.000,5916840.000,1749520.000,5916840.000,1750000.000,5916840.000,1750480.000,5916840.000,1750960.000,5916840.000,1751440.000,5916840.000,1751920.000,5916840.000,1752400.000,5916840.000,1752880.000,5916840.000,1753360.000,5916840.000,1753840.000,5916840.000,1754320.000,5916840.000,1754800.000,5916840.000,1755280.000,5916840.000,1755760.000,5916840.000,1742800.000,5916120.000,1743280.000,5916120.000,1743760.000,5916120.000,1744240.000,5916120.000,1744720.000,5916120.000,1745200.000,5916120.000,1745680.000,5916120.000,1746160.000,5916120.000,1746640.000,5916120.000,1747120.000,5916120.000,1747600.000,5916120.000,1748080.000,5916120.000,1748560.000,5916120.000,1749040.000,5916120.000,1749520.000,5916120.000,1750000.000,5916120.000,1750480.000,5916120.000,1750960.000,5916120.000,1751440.000,5916120.000,1751920.000,5916120.000,1752400.000,5916120.000,1752880.000,5916120.000,1753360.000,5916120.000,1753840.000,5916120.000,1754320.000,5916120.000,1754800.000,5916120.000,1755280.000,5916120.000,1755760.000,5916120.000,1742800.000,5915400.000,1743280.000,5915400.000,1743760.000,5915400.000,1744240.000,5915400.000,1744720.000,5915400.000,1745200.000,5915400.000,1745680.000,5915400.000,1746160.000,5915400.000,1746640.000,5915400.000,1747120.000,5915400.000,1747600.000,5915400.000,1748080.000,5915400.000,1748560.000,5915400.000,1749040.000,5915400.000,1749520.000,5915400.000,1750000.000,5915400.000,1750480.000,5915400.000,1750960.000,5915400.000,1751440.000,5915400.000,1751920.000,5915400.000,1752400.000,5915400.000,1752880.000,5915400.000,1753360.000,5915400.000,1753840.000,5915400.000,1754320.000,5915400.000,1754800.000,5915400.000,1755280.000,5915400.000,1755760.000,5915400.000,1743760.000,5914680.000,1744240.000,5914680.000,1744720.000,5914680.000,1745200.000,5914680.000,1745680.000,5914680.000,1746160.000,5914680.000,1746640.000,5914680.000,1747120.000,5914680.000,1747600.000,5914680.000,1748080.000,5914680.000,1748560.000,5914680.000,1749040.000,5914680.000,1749520.000,5914680.000,1750000.000,5914680.000,1750480.000,5914680.000,1750960.000,5914680.000,1751440.000,5914680.000,1751920.000,5914680.000,1752400.000,5914680.000,1752880.000,5914680.000,1753360.000,5914680.000,1753840.000,5914680.000,1754320.000,5914680.000,1754800.000,5914680.000,1755280.000,5914680.000,1755760.000,5914680.000,1744240.000,5913960.000,1744720.000,5913960.000,1745200.000,5913960.000,1745680.000,5913960.000,1746160.000,5913960.000,1746640.000,5913960.000,1747120.000,5913960.000,1747600.000,5913960.000,1748080.000,5913960.000,1748560.000,5913960.000,1749040.000,5913960.000,1749520.000,5913960.000,1750000.000,5913960.000,1750480.000,5913960.000,1750960.000,5913960.000,1751440.000,5913960.000,1751920.000,5913960.000,1752400.000,5913960.000,1752880.000,5913960.000,1753360.000,5913960.000,1753840.000,5913960.000,1754320.000,5913960.000,1754800.000,5913960.000,1755280.000,5913960.000,1755760.000,5913960.000,1744240.000,5913240.000,1744720.000,5913240.000,1745200.000,5913240.000,1745680.000,5913240.000,1746160.000,5913240.000,1746640.000,5913240.000,1747120.000,5913240.000,1747600.000,5913240.000,1748080.000,5913240.000,1748560.000,5913240.000,1749040.000,5913240.000,1749520.000,5913240.000,1750000.000,5913240.000,1750480.000,5913240.000,1750960.000,5913240.000,1751440.000,5913240.000,1751920.000,5913240.000,1752400.000,5913240.000,1752880.000,5913240.000,1753360.000,5913240.000,1753840.000,5913240.000,1754320.000,5913240.000,1754800.000,5913240.000,1755280.000,5913240.000,1755760.000,5913240.000,1745200.000,5912520.000,1745680.000,5912520.000,1746160.000,5912520.000,1746640.000,5912520.000,1747120.000,5912520.000,1747600.000,5912520.000,1748080.000,5912520.000,1748560.000,5912520.000,1749040.000,5912520.000,1749520.000,5912520.000,1750000.000,5912520.000,1750480.000,5912520.000,1750960.000,5912520.000,1751440.000,5912520.000,1751920.000,5912520.000,1752400.000,5912520.000,1752880.000,5912520.000,1753360.000,5912520.000,1753840.000,5912520.000,1754320.000,5912520.000,1754800.000,5912520.000,1755280.000,5912520.000,1755760.000,5912520.000,1745680.000,5911800.000,1746160.000,5911800.000,1746640.000,5911800.000,1747120.000,5911800.000,1747600.000,5911800.000,1748080.000,5911800.000,1748560.000,5911800.000,1749040.000,5911800.000,1749520.000,5911800.000,1750000.000,5911800.000,1750480.000,5911800.000,1750960.000,5911800.000,1751440.000,5911800.000,1751920.000,5911800.000,1752400.000,5911800.000,1752880.000,5911800.000,1753360.000,5911800.000,1753840.000,5911800.000,1754320.000,5911800.000,1754800.000,5911800.000,1755280.000,5911800.000,1755760.000,5911800.000,1745680.000,5911080.000,1746160.000,5911080.000,1746640.000,5911080.000,1747120.000,5911080.000,1747600.000,5911080.000,1748080.000,5911080.000,1748560.000,5911080.000,1749040.000,5911080.000,1749520.000,5911080.000,1750000.000,5911080.000,1750480.000,5911080.000,1750960.000,5911080.000,1751440.000,5911080.000,1745200.000,5911080.000,1752400.000,5911080.000,1752880.000,5911080.000,1753360.000,5911080.000,1753840.000,5911080.000,1754320.000,5911080.000,1754800.000,5911080.000,1755280.000,5911080.000,1755760.000,5911080.000,1745200.000,5910360.000,1745680.000,5910360.000,1746160.000,5910360.000,1746640.000,5910360.000,1747120.000,5910360.000,1747600.000,5910360.000,1748080.000,5910360.000,1748560.000,5910360.000,1749040.000,5910360.000,1744720.000,5910360.000,1753360.000,5910360.000,1753840.000,5910360.000,1754320.000,5910360.000,1756240.000,5940600.000,1756240.000,5939880.000,1756240.000,5939160.000,1756240.000,5938440.000,1756240.000,5937720.000,1756240.000,5937000.000,1756240.000,5936280.000,1756240.000,5935560.000,1756240.000,5934840.000,1756240.000,5934120.000,1756240.000,5933400.000,1756240.000,5932680.000,1756240.000,5931960.000,1756240.000,5931240.000,1756240.000,5930520.000,1756240.000,5929800.000,1756240.000,5929080.000,1756240.000,5928360.000,1756240.000,5927640.000,1756240.000,5926920.000,1756240.000,5926200.000,1756240.000,5925480.000,1756240.000,5924760.000,1756240.000,5924040.000,1756240.000,5923320.000,1756240.000,5922600.000,1756240.000,5921880.000,1756240.000,5921160.000,1756240.000,5920440.000,1756240.000,5919720.000,1756240.000,5919000.000,1756240.000,5918280.000,1756240.000,5917560.000,1756240.000,5916840.000,1756240.000,5916120.000,1756240.000,5915400.000,1756240.000,5914680.000,1756240.000,5913960.000,1756240.000,5913240.000,1756240.000,5912520.000,1756240.000,5911800.000,1756240.000,5911080.000,1756720.000,5929080.000,1756720.000,5928360.000,1756720.000,5927640.000,1756720.000,5926920.000,1756720.000,5926200.000,1756720.000,5925480.000,1756720.000,5924760.000,1756720.000,5924040.000,1756720.000,5929800.000,1756720.000,5930520.000,1756720.000,5931240.000,1756720.000,5931960.000,1756720.000,5932680.000,1756720.000,5933400.000,1756720.000,5934120.000,1756720.000,5934840.000,1756720.000,5935560.000,1756720.000,5936280.000,1756720.000,5937000.000,1756720.000,5937720.000,1756720.000,5938440.000,1757200.000,5927640.000,1757200.000,5926920.000,1757200.000,5926200.000,1757200.000,5925480.000,1757200.000,5928360.000,1757200.000,5929080.000,1757200.000,5929800.000,1757200.000,5930520.000,1757200.000,5931240.000,1757200.000,5931960.000,1757200.000,5932680.000,1757680.000,5925480.000,1757680.000,5926200.000,1757680.000,5926920.000,1757680.000,5927640.000,1757680.000,5928360.000,1757680.000,5929080.000,1757680.000,5929800.000,1757680.000,5930520.000,1757680.000,5931240.000,1757680.000,5931960.000,1757200.000,5937000.000,1757200.000,5937720.000,1756720.000,5921880.000,1756720.000,5921160.000,1756720.000,5920440.000,1756720.000,5919720.000,1756720.000,5919000.000,1756720.000,5918280.000,1756720.000,5917560.000,1756720.000,5916840.000,1756720.000,5916120.000,1756720.000,5915400.000,1756720.000,5914680.000,1756720.000,5913960.000,1756720.000,5913240.000,1756720.000,5912520.000,1756720.000,5911800.000,1756720.000,5911080.000,1757200.000,5921160.000,1757200.000,5920440.000,1757200.000,5919720.000,1757200.000,5919000.000,1757200.000,5918280.000,1757200.000,5917560.000,1757200.000,5916840.000,1757200.000,5916120.000,1757200.000,5915400.000,1757200.000,5914680.000,1757200.000,5913960.000,1757200.000,5913240.000,1757200.000,5912520.000,1757200.000,5911800.000,1757680.000,5921160.000,1757680.000,5920440.000,1757680.000,5919720.000,1757680.000,5919000.000,1757680.000,5918280.000,1757680.000,5917560.000,1757680.000,5916840.000,1757680.000,5916120.000,1757680.000,5915400.000,1757680.000,5914680.000,1757680.000,5913960.000,1757680.000,5913240.000,1757680.000,5912520.000,1757680.000,5911800.000,1758160.000,5920440.000,1758160.000,5919720.000,1758160.000,5919000.000,1758160.000,5918280.000,1758160.000,5917560.000,1758160.000,5916840.000,1758160.000,5916120.000,1758160.000,5915400.000,1758160.000,5914680.000,1758160.000,5913960.000,1758160.000,5913240.000,1758160.000,5912520.000,1758160.000,5921160.000,1758160.000,5911800.000,1758640.000,5919720.000,1758640.000,5919000.000,1758640.000,5918280.000,1758640.000,5917560.000,1758640.000,5916840.000,1758640.000,5916120.000,1758640.000,5915400.000,1758640.000,5914680.000,1758640.000,5913960.000,1758640.000,5913240.000,1758640.000,5920440.000,1758640.000,5921160.000,1758640.000,5912520.000,1758640.000,5911800.000,1759120.000,5921160.000,1759120.000,5920440.000,1759120.000,5919720.000,1759120.000,5919000.000,1759120.000,5918280.000,1759120.000,5917560.000,1759120.000,5916840.000,1759120.000,5916120.000,1759120.000,5915400.000,1759120.000,5914680.000,1759120.000,5913960.000,1759120.000,5913240.000,1759120.000,5912520.000,1759120.000,5911800.000,1759600.000,5921160.000,1759600.000,5920440.000,1759600.000,5919720.000,1759600.000,5919000.000,1759600.000,5918280.000,1759600.000,5917560.000,1759600.000,5916840.000,1759600.000,5916120.000,1759600.000,5915400.000,1759600.000,5914680.000,1759600.000,5913960.000,1759600.000,5913240.000,1759600.000,5912520.000,1759600.000,5911800.000,1760080.000,5919000.000,1760080.000,5918280.000,1760080.000,5917560.000,1760080.000,5916840.000,1760080.000,5916120.000,1760080.000,5915400.000,1760080.000,5914680.000,1760080.000,5913960.000,1760080.000,5919720.000,1760080.000,5920440.000,1760080.000,5913240.000,1760080.000,5912520.000,1760080.000,5911800.000,1760560.000,5918280.000,1760560.000,5917560.000,1760560.000,5916840.000,1760560.000,5916120.000,1760560.000,5915400.000,1760560.000,5914680.000,1760560.000,5913960.000,1760560.000,5913240.000,1760560.000,5912520.000,1760560.000,5919000.000,1760560.000,5919720.000,1760560.000,5911800.000,1761040.000,5919000.000,1761040.000,5918280.000,1761040.000,5917560.000,1761040.000,5916840.000,1761040.000,5916120.000,1761040.000,5915400.000,1761040.000,5914680.000,1761040.000,5913960.000,1761040.000,5913240.000,1761040.000,5912520.000,1761040.000,5919720.000,1761040.000,5911800.000,1761520.000,5918280.000,1761520.000,5919000.000,1761520.000,5917560.000,1761520.000,5916840.000,1761520.000,5916120.000,1761520.000,5915400.000,1761520.000,5914680.000,1761520.000,5919720.000,1761520.000,5913960.000,1761520.000,5913240.000,1761520.000,5912520.000,1761520.000,5911800.000,1762000.000,5917560.000,1762000.000,5916840.000,1762000.000,5916120.000,1762000.000,5915400.000,1762000.000,5918280.000,1762000.000,5919000.000,1762000.000,5914680.000,1762000.000,5913960.000,1762000.000,5913240.000,1762000.000,5912520.000,1762000.000,5919720.000,1762000.000,5911800.000,1762000.000,5920440.000,1761520.000,5920440.000,1761040.000,5920440.000,1762480.000,5917560.000,1762480.000,5916840.000,1762480.000,5916120.000,1762480.000,5915400.000,1762480.000,5914680.000,1762480.000,5918280.000,1762480.000,5919000.000,1762480.000,5919720.000,1762480.000,5920440.000,1762480.000,5913960.000,1762480.000,5913240.000,1762480.000,5912520.000,1762480.000,5911800.000,1758160.000,5928360.000,1758160.000,5929080.000,1758160.000,5927640.000,1758160.000,5926920.000,1758160.000,5926200.000,1758160.000,5925480.000,1759120.000,5921880.000,1758640.000,5926200.000,1758640.000,5926920.000,1758640.000,5925480.000,1758640.000,5927640.000,1758640.000,5928360.000,1758640.000,5929080.000,1762960.000,5916840.000,1762960.000,5916120.000,1762960.000,5915400.000,1762960.000,5914680.000,1762960.000,5913960.000,1762960.000,5917560.000,1762960.000,5918280.000,1762960.000,5919000.000,1762960.000,5919720.000,1762960.000,5920440.000,1762960.000,5913240.000,1762960.000,5912520.000,1762960.000,5911800.000,1763440.000,5916840.000,1763440.000,5916120.000,1763440.000,5915400.000,1763440.000,5914680.000,1763440.000,5913960.000,1763440.000,5913240.000,1763440.000,5917560.000,1763440.000,5918280.000,1763440.000,5919000.000,1763440.000,5919720.000,1763440.000,5920440.000,1763440.000,5912520.000,1763440.000,5911800.000,1758160.000,5924760.000,1758640.000,5924760.000,1758160.000,5924040.000,1758640.000,5924040.000,1758640.000,5923320.000,1758160.000,5923320.000,1758640.000,5922600.000,1759120.000,5922600.000,1759120.000,5923320.000,1759120.000,5924040.000,1759120.000,5924760.000,1759120.000,5925480.000,1759120.000,5926200.000,1759120.000,5926920.000,1763920.000,5916120.000,1763920.000,5915400.000,1763920.000,5916840.000,1763920.000,5914680.000,1763920.000,5913960.000,1763920.000,5913240.000,1763920.000,5912520.000,1763920.000,5917560.000,1763920.000,5918280.000,1763920.000,5919000.000,1763920.000,5919720.000,1763920.000,5920440.000,1763920.000,5911800.000,1759600.000,5925480.000,1759600.000,5924760.000,1759600.000,5924040.000,1759600.000,5926200.000,1759600.000,5923320.000,1759600.000,5922600.000,1764400.000,5919720.000,1764400.000,5920440.000,1764400.000,5919000.000,1764400.000,5918280.000,1764400.000,5917560.000,1764400.000,5916840.000,1764400.000,5916120.000,1764400.000,5915400.000,1764400.000,5914680.000,1764400.000,5913960.000,1764400.000,5913240.000,1764400.000,5912520.000,1764400.000,5911800.000,1760080.000,5924760.000,1760080.000,5925480.000,1760080.000,5924040.000,1760080.000,5923320.000,1760080.000,5922600.000,1760080.000,5921880.000,1764880.000,5916120.000,1764880.000,5915400.000,1764880.000,5914680.000,1764880.000,5913960.000,1764880.000,5916840.000,1764880.000,5913240.000,1764880.000,5917560.000,1764880.000,5918280.000,1764880.000,5919000.000,1764880.000,5912520.000,1764880.000,5911800.000,1764880.000,5919720.000,1764880.000,5920440.000,1758160.000,5930520.000,1765360.000,5916120.000,1765360.000,5915400.000,1765360.000,5914680.000,1765360.000,5913960.000,1765360.000,5913240.000,1765360.000,5916840.000,1765360.000,5912520.000,1765360.000,5911800.000,1765360.000,5917560.000,1765360.000,5918280.000,1765360.000,5919000.000,1765360.000,5919720.000,1765360.000,5920440.000,1765840.000,5919720.000,1765840.000,5920440.000,1765840.000,5919000.000,1765840.000,5918280.000,1765840.000,5917560.000,1765840.000,5916840.000,1765840.000,5916120.000,1765840.000,5915400.000,1765840.000,5914680.000,1765840.000,5913960.000,1765840.000,5913240.000,1765840.000,5912520.000,1765840.000,5911800.000,1760560.000,5923320.000,1760560.000,5922600.000,1760560.000,5921880.000,1760560.000,5924040.000,1760560.000,5924760.000,1766320.000,5914680.000,1766320.000,5913960.000,1766320.000,5913240.000,1766320.000,5915400.000,1766320.000,5916120.000,1766320.000,5916840.000,1766320.000,5917560.000,1766320.000,5918280.000,1766320.000,5912520.000,1766320.000,5919000.000,1766320.000,5919720.000,1766320.000,5920440.000,1766320.000,5911800.000,1766800.000,5916840.000,1766800.000,5917560.000,1766800.000,5918280.000,1766800.000,5919000.000,1766800.000,5919720.000,1766800.000,5916120.000,1766800.000,5920440.000,1767280.000,5919000.000,1767280.000,5919720.000,1767280.000,5920440.000,1767280.000,5918280.000,1767280.000,5917560.000,1767280.000,5916840.000,1761040.000,5922600.000,1761040.000,5923320.000,1761040.000,5924040.000,1762960.000,5921160.000,1762480.000,5921160.000,1766320.000,5921160.000,1761520.000,5923320.000,1761520.000,5922600.000,1766800.000,5913960.000,1766800.000,5913240.000,1766800.000,5912520.000,1766800.000,5911800.000,1767280.000,5913960.000,1767280.000,5913240.000,1767280.000,5912520.000,1767280.000,5911800.000,1767760.000,5917560.000,1767760.000,5918280.000,1767760.000,5919000.000,1767760.000,5919720.000,1768240.000,5917560.000,1768240.000,5918280.000,1768720.000,5917560.000,1767280.000,5914680.000,1767280.000,5915400.000,1767760.000,5913240.000,1767760.000,5912520.000,1767760.000,5913960.000,1767760.000,5914680.000,1767760.000,5911800.000,1767760.000,5915400.000,1768240.000,5915400.000,1768240.000,5914680.000,1768240.000,5913960.000,1768240.000,5913240.000,1768240.000,5912520.000,1768240.000,5911800.000,1768720.000,5913960.000,1768720.000,5913240.000,1768720.000,5914680.000,1768720.000,5915400.000,1768720.000,5912520.000,1768720.000,5911800.000,1769200.000,5913960.000,1769200.000,5914680.000,1769200.000,5913240.000,1769200.000,5912520.000,1769200.000,5915400.000,1769200.000,5911800.000,1769680.000,5913240.000,1769680.000,5912520.000,1769680.000,5913960.000,1769680.000,5914680.000,1769680.000,5915400.000,1769680.000,5911800.000,1770160.000,5913240.000,1770160.000,5913960.000,1770160.000,5914680.000,1770160.000,5915400.000,1770160.000,5912520.000,1770160.000,5911800.000,1769200.000,5916120.000,1768720.000,5916840.000,1769680.000,5916120.000,1770160.000,5916120.000,1769200.000,5916840.000,1769680.000,5916840.000,1770160.000,5916840.000,1770640.000,5916840.000,1770640.000,5916120.000,1770640.000,5915400.000,1770640.000,5914680.000,1770640.000,5913960.000,1770640.000,5913240.000,1770640.000,5912520.000,1770640.000,5911800.000,1771120.000,5916120.000,1771120.000,5916840.000,1771120.000,5915400.000,1771120.000,5914680.000,1771120.000,5913960.000,1771120.000,5913240.000,1771120.000,5912520.000,1771120.000,5911800.000,1771600.000,5915400.000,1771600.000,5914680.000,1771600.000,5913960.000,1771600.000,5916120.000,1771600.000,5916840.000,1771600.000,5913240.000,1771600.000,5912520.000,1771600.000,5911800.000,1772080.000,5915400.000,1772080.000,5916120.000,1772080.000,5916840.000,1772080.000,5914680.000,1772080.000,5913960.000,1772080.000,5913240.000,1772080.000,5912520.000,1772080.000,5911800.000,1772560.000,5912520.000,1772560.000,5913240.000,1772560.000,5913960.000,1772560.000,5914680.000,1772560.000,5915400.000,1772560.000,5916120.000,1772560.000,5911800.000,1770640.000,5917560.000,1770160.000,5917560.000,1769680.000,5917560.000,1770160.000,5918280.000,1769680.000,5918280.000,1769200.000,5918280.000,1773040.000,5913240.000,1773040.000,5912520.000,1773040.000,5913960.000,1773040.000,5914680.000,1773040.000,5915400.000,1773040.000,5916120.000,1773520.000,5913240.000,1773520.000,5912520.000,1773520.000,5913960.000,1773520.000,5914680.000,1773520.000,5915400.000,1769680.000,5919000.000,1770160.000,5919000.000,1769200.000,5919000.000,1774000.000,5913960.000,1774000.000,5914680.000,1774000.000,5913240.000,1774000.000,5915400.000,1769680.000,5919720.000,1769200.000,5919720.000,1770160.000,5919720.000,1769200.000,5920440.000,1769680.000,5920440.000,1758640.000,5911080.000,1759120.000,5911080.000,1759600.000,5911080.000,1760080.000,5911080.000,1760560.000,5911080.000,1761040.000,5911080.000,1761520.000,5911080.000,1762000.000,5911080.000,1762480.000,5911080.000,1762960.000,5911080.000,1763440.000,5911080.000,1763920.000,5911080.000,1764400.000,5911080.000,1764880.000,5911080.000,1765360.000,5911080.000,1765840.000,5911080.000,1766320.000,5911080.000,1766800.000,5911080.000,1767280.000,5911080.000,1767760.000,5911080.000,1768240.000,5911080.000,1768720.000,5911080.000,1769200.000,5911080.000,1769680.000,5911080.000,1770160.000,5911080.000,1770640.000,5911080.000,1771120.000,5911080.000,1771600.000,5911080.000,1758640.000,5910360.000,1759120.000,5910360.000,1759600.000,5910360.000,1760080.000,5910360.000,1758160.000,5910360.000,1757680.000,5910360.000,1757200.000,5910360.000,1762960.000,5910360.000,1763440.000,5910360.000,1763920.000,5910360.000,1764400.000,5910360.000,1764880.000,5910360.000,1765360.000,5910360.000,1765840.000,5910360.000,1766320.000,5910360.000,1766800.000,5910360.000,1767280.000,5910360.000,1767760.000,5910360.000,1768240.000,5910360.000,1768720.000,5910360.000,1769200.000,5910360.000,1769680.000,5910360.000,1770160.000,5910360.000,1770640.000,5910360.000,1771120.000,5910360.000,1771600.000,5910360.000,1744720.000,5909640.000,1745200.000,5909640.000,1745680.000,5909640.000,1746160.000,5909640.000,1746640.000,5909640.000,1747120.000,5909640.000,1747600.000,5909640.000,1748080.000,5909640.000,1748560.000,5909640.000,1744240.000,5909640.000,1744240.000,5908920.000,1744720.000,5908920.000,1745200.000,5908920.000,1745680.000,5908920.000,1746160.000,5908920.000,1746640.000,5908920.000,1747120.000,5908920.000,1747600.000,5908920.000,1748080.000,5908920.000,1744240.000,5908200.000,1744720.000,5908200.000,1745200.000,5908200.000,1745680.000,5908200.000,1746160.000,5908200.000,1746640.000,5908200.000,1747120.000,5908200.000,1744720.000,5907480.000,1745200.000,5907480.000,1745680.000,5907480.000,1746160.000,5907480.000,1746640.000,5907480.000,1747120.000,5907480.000,1745200.000,5906760.000,1745680.000,5906760.000,1746160.000,5906760.000,1745200.000,5906040.000,1757200.000,5909640.000,1757680.000,5909640.000,1758160.000,5909640.000,1758640.000,5909640.000,1759120.000,5909640.000,1759600.000,5909640.000,1760080.000,5909640.000,1756720.000,5909640.000,1760560.000,5909640.000,1761040.000,5909640.000,1761520.000,5909640.000,1762000.000,5909640.000,1762480.000,5909640.000,1762960.000,5909640.000,1763440.000,5909640.000,1763920.000,5909640.000,1764400.000,5909640.000,1764880.000,5909640.000,1765360.000,5909640.000,1765840.000,5909640.000,1766320.000,5909640.000,1766800.000,5909640.000,1767280.000,5909640.000,1767760.000,5909640.000,1768240.000,5909640.000,1768720.000,5909640.000,1769200.000,5909640.000,1769680.000,5909640.000,1770160.000,5909640.000,1770640.000,5909640.000,1771120.000,5909640.000,1771600.000,5909640.000,1757680.000,5908920.000,1758160.000,5908920.000,1758640.000,5908920.000,1759120.000,5908920.000,1759600.000,5908920.000,1760080.000,5908920.000,1760560.000,5908920.000,1761040.000,5908920.000,1761520.000,5908920.000,1762000.000,5908920.000,1762480.000,5908920.000,1762960.000,5908920.000,1763440.000,5908920.000,1763920.000,5908920.000,1764400.000,5908920.000,1764880.000,5908920.000,1765360.000,5908920.000,1765840.000,5908920.000,1766320.000,5908920.000,1766800.000,5908920.000,1767280.000,5908920.000,1767760.000,5908920.000,1768240.000,5908920.000,1768720.000,5908920.000,1769200.000,5908920.000,1769680.000,5908920.000,1770160.000,5908920.000,1770640.000,5908920.000,1771120.000,5908920.000,1771600.000,5908920.000,1772080.000,5908920.000,1758160.000,5908200.000,1758640.000,5908200.000,1759120.000,5908200.000,1759600.000,5908200.000,1760080.000,5908200.000,1760560.000,5908200.000,1761040.000,5908200.000,1761520.000,5908200.000,1762000.000,5908200.000,1762480.000,5908200.000,1762960.000,5908200.000,1763440.000,5908200.000,1763920.000,5908200.000,1764400.000,5908200.000,1764880.000,5908200.000,1765360.000,5908200.000,1765840.000,5908200.000,1766320.000,5908200.000,1766800.000,5908200.000,1767280.000,5908200.000,1767760.000,5908200.000,1768240.000,5908200.000,1768720.000,5908200.000,1769200.000,5908200.000,1769680.000,5908200.000,1770160.000,5908200.000,1770640.000,5908200.000,1771120.000,5908200.000,1771600.000,5908200.000,1772080.000,5908200.000,1772560.000,5908200.000,1758160.000,5907480.000,1758640.000,5907480.000,1759120.000,5907480.000,1759600.000,5907480.000,1760080.000,5907480.000,1760560.000,5907480.000,1761040.000,5907480.000,1761520.000,5907480.000,1762000.000,5907480.000,1762480.000,5907480.000,1762960.000,5907480.000,1763440.000,5907480.000,1763920.000,5907480.000,1764400.000,5907480.000,1764880.000,5907480.000,1765360.000,5907480.000,1765840.000,5907480.000,1766320.000,5907480.000,1766800.000,5907480.000,1767280.000,5907480.000,1767760.000,5907480.000,1768240.000,5907480.000,1768720.000,5907480.000,1769200.000,5907480.000,1769680.000,5907480.000,1770160.000,5907480.000,1770640.000,5907480.000,1771120.000,5907480.000,1771600.000,5907480.000,1772080.000,5907480.000,1772560.000,5907480.000,1757680.000,5907480.000,1773040.000,5907480.000,1757680.000,5906760.000,1758160.000,5906760.000,1758640.000,5906760.000,1759120.000,5906760.000,1759600.000,5906760.000,1760080.000,5906760.000,1760560.000,5906760.000,1761040.000,5906760.000,1761520.000,5906760.000,1762000.000,5906760.000,1762480.000,5906760.000,1762960.000,5906760.000,1763440.000,5906760.000,1763920.000,5906760.000,1764400.000,5906760.000,1764880.000,5906760.000,1765360.000,5906760.000,1765840.000,5906760.000,1766320.000,5906760.000,1766800.000,5906760.000,1767280.000,5906760.000,1767760.000,5906760.000,1768240.000,5906760.000,1768720.000,5906760.000,1769200.000,5906760.000,1769680.000,5906760.000,1770160.000,5906760.000,1770640.000,5906760.000,1771120.000,5906760.000,1771600.000,5906760.000,1772080.000,5906760.000,1772560.000,5906760.000,1757200.000,5906760.000,1757200.000,5906040.000,1757680.000,5906040.000,1758160.000,5906040.000,1758640.000,5906040.000,1759120.000,5906040.000,1759600.000,5906040.000,1760080.000,5906040.000,1760560.000,5906040.000,1761040.000,5906040.000,1761520.000,5906040.000,1762000.000,5906040.000,1762480.000,5906040.000,1762960.000,5906040.000,1763440.000,5906040.000,1763920.000,5906040.000,1764400.000,5906040.000,1764880.000,5906040.000,1765360.000,5906040.000,1765840.000,5906040.000,1766320.000,5906040.000,1766800.000,5906040.000,1767280.000,5906040.000,1767760.000,5906040.000,1768240.000,5906040.000,1768720.000,5906040.000,1769200.000,5906040.000,1769680.000,5906040.000,1770160.000,5906040.000,1770640.000,5906040.000,1771120.000,5906040.000,1771600.000,5906040.000,1772080.000,5906040.000,1772560.000,5906040.000,1756720.000,5906040.000,1756720.000,5905320.000,1757200.000,5905320.000,1757680.000,5905320.000,1758160.000,5905320.000,1758640.000,5905320.000,1759120.000,5905320.000,1759600.000,5905320.000,1760080.000,5905320.000,1760560.000,5905320.000,1756240.000,5905320.000,1761520.000,5905320.000,1762000.000,5905320.000,1762480.000,5905320.000,1762960.000,5905320.000,1763440.000,5905320.000,1763920.000,5905320.000,1764400.000,5905320.000,1764880.000,5905320.000,1765360.000,5905320.000,1765840.000,5905320.000,1766320.000,5905320.000,1766800.000,5905320.000,1767280.000,5905320.000,1767760.000,5905320.000,1768240.000,5905320.000,1768720.000,5905320.000,1769200.000,5905320.000,1769680.000,5905320.000,1770160.000,5905320.000,1770640.000,5905320.000,1771120.000,5905320.000,1771600.000,5905320.000,1772080.000,5905320.000,1772560.000,5905320.000,1773040.000,5905320.000,1756240.000,5904600.000,1756720.000,5904600.000,1757200.000,5904600.000,1757680.000,5904600.000,1758160.000,5904600.000,1758640.000,5904600.000,1759120.000,5904600.000,1759600.000,5904600.000,1760080.000,5904600.000,1760560.000,5904600.000,1755760.000,5904600.000,1755760.000,5903880.000,1756240.000,5903880.000,1756720.000,5903880.000,1757200.000,5903880.000,1757680.000,5903880.000,1758160.000,5903880.000,1758640.000,5903880.000,1759120.000,5903880.000,1759600.000,5903880.000,1760080.000,5903880.000,1760560.000,5903880.000,1763920.000,5904600.000,1764400.000,5904600.000,1764880.000,5904600.000,1765360.000,5904600.000,1765840.000,5904600.000,1766320.000,5904600.000,1766800.000,5904600.000,1767280.000,5904600.000,1767760.000,5904600.000,1768240.000,5904600.000,1768720.000,5904600.000,1769200.000,5904600.000,1769680.000,5904600.000,1770160.000,5904600.000,1770640.000,5904600.000,1771120.000,5904600.000,1771600.000,5904600.000,1772080.000,5904600.000,1772560.000,5904600.000,1773040.000,5904600.000,1763440.000,5904600.000,1762960.000,5904600.000,1762480.000,5904600.000,1762000.000,5904600.000,1761520.000,5904600.000,1761040.000,5903880.000,1761520.000,5903880.000,1762000.000,5903880.000,1762480.000,5903880.000,1762960.000,5903880.000,1763440.000,5903880.000,1763920.000,5903880.000,1764400.000,5903880.000,1764880.000,5903880.000,1765360.000,5903880.000,1765840.000,5903880.000,1766320.000,5903880.000,1766800.000,5903880.000,1767280.000,5903880.000,1767760.000,5903880.000,1768240.000,5903880.000,1768720.000,5903880.000,1769200.000,5903880.000,1769680.000,5903880.000,1771600.000,5903880.000,1772080.000,5903880.000,1756240.000,5903160.000,1756720.000,5903160.000,1757200.000,5903160.000,1757680.000,5903160.000,1758160.000,5903160.000,1758640.000,5903160.000,1759120.000,5903160.000,1759600.000,5903160.000,1760080.000,5903160.000,1760560.000,5903160.000,1761040.000,5903160.000,1761520.000,5903160.000,1762000.000,5903160.000,1762480.000,5903160.000,1762960.000,5903160.000,1763440.000,5903160.000,1763920.000,5903160.000,1764400.000,5903160.000,1764880.000,5903160.000,1765360.000,5903160.000,1765840.000,5903160.000,1766320.000,5903160.000,1766800.000,5903160.000,1767280.000,5903160.000,1767760.000,5903160.000,1768240.000,5903160.000,1768720.000,5903160.000,1769200.000,5903160.000,1769680.000,5903160.000,1770160.000,5903160.000,1770640.000,5903160.000,1771120.000,5903160.000,1771600.000,5903160.000,1757200.000,5902440.000,1757680.000,5902440.000,1758160.000,5902440.000,1758640.000,5902440.000,1759120.000,5902440.000,1759600.000,5902440.000,1760080.000,5902440.000,1760560.000,5902440.000,1761040.000,5902440.000,1761520.000,5902440.000,1762000.000,5902440.000,1762480.000,5902440.000,1762960.000,5902440.000,1763440.000,5902440.000,1763920.000,5902440.000,1764400.000,5902440.000,1764880.000,5902440.000,1765360.000,5902440.000,1765840.000,5902440.000,1766320.000,5902440.000,1766800.000,5902440.000,1767280.000,5902440.000,1767760.000,5902440.000,1768240.000,5902440.000,1768720.000,5902440.000,1769200.000,5902440.000,1769680.000,5902440.000,1770160.000,5902440.000,1770640.000,5902440.000,1771120.000,5902440.000,1757200.000,5901720.000,1757680.000,5901720.000,1758160.000,5901720.000,1758640.000,5901720.000,1759120.000,5901720.000,1760080.000,5901720.000,1760560.000,5901720.000,1761040.000,5901720.000,1761520.000,5901720.000,1762480.000,5901720.000,1762960.000,5901720.000,1763440.000,5901720.000,1763920.000,5901720.000,1764400.000,5901720.000,1764880.000,5901720.000,1765360.000,5901720.000,1765840.000,5901720.000,1766320.000,5901720.000,1766800.000,5901720.000,1767280.000,5901720.000,1767760.000,5901720.000,1768240.000,5901720.000,1768720.000,5901720.000,1769200.000,5901720.000,1769680.000,5901720.000,1770160.000,5901720.000,1770640.000,5901720.000,1771120.000,5901720.000,1763440.000,5901000.000,1763920.000,5901000.000,1764400.000,5901000.000,1764880.000,5901000.000,1765360.000,5901000.000,1765840.000,5901000.000,1766320.000,5901000.000,1766800.000,5901000.000,1767280.000,5901000.000,1767760.000,5901000.000,1768240.000,5901000.000,1768720.000,5901000.000,1769200.000,5901000.000,1769680.000,5901000.000,1770160.000,5901000.000,1770640.000,5901000.000,1771120.000,5901000.000,1763920.000,5900280.000,1764400.000,5900280.000,1764880.000,5900280.000,1765360.000,5900280.000,1765840.000,5900280.000,1766320.000,5900280.000,1766800.000,5900280.000,1767280.000,5900280.000,1767760.000,5900280.000,1768240.000,5900280.000,1768720.000,5900280.000,1769200.000,5900280.000,1769680.000,5900280.000,1770160.000,5900280.000,1770640.000,5900280.000,1771120.000,5900280.000,1771600.000,5900280.000,1764880.000,5899560.000,1765360.000,5899560.000,1765840.000,5899560.000,1766320.000,5899560.000,1766800.000,5899560.000,1767280.000,5899560.000,1767760.000,5899560.000,1768240.000,5899560.000,1768720.000,5899560.000,1769200.000,5899560.000,1769680.000,5899560.000,1770160.000,5899560.000,1770640.000,5899560.000,1771120.000,5899560.000,1771600.000,5899560.000,1772080.000,5899560.000,1772560.000,5899560.000,1773040.000,5899560.000,1764880.000,5898840.000,1765360.000,5898840.000,1765840.000,5898840.000,1766320.000,5898840.000,1766800.000,5898840.000,1767280.000,5898840.000,1767760.000,5898840.000,1768240.000,5898840.000,1768720.000,5898840.000,1769200.000,5898840.000,1769680.000,5898840.000,1770160.000,5898840.000,1770640.000,5898840.000,1771120.000,5898840.000,1771600.000,5898840.000,1772080.000,5898840.000,1772560.000,5898840.000,1773040.000,5898840.000,1773520.000,5898840.000,1764880.000,5898120.000,1765360.000,5898120.000,1765840.000,5898120.000,1766320.000,5898120.000,1766800.000,5898120.000,1767280.000,5898120.000,1767760.000,5898120.000,1768240.000,5898120.000,1768720.000,5898120.000,1769200.000,5898120.000,1769680.000,5898120.000,1770160.000,5898120.000,1770640.000,5898120.000,1771120.000,5898120.000,1771600.000,5898120.000,1772080.000,5898120.000,1772560.000,5898120.000,1773040.000,5898120.000,1773520.000,5898120.000,1774000.000,5898120.000,1774480.000,5898120.000,1774960.000,5898120.000,1775440.000,5898120.000,1765360.000,5897400.000,1765840.000,5897400.000,1766320.000,5897400.000,1766800.000,5897400.000,1767280.000,5897400.000,1767760.000,5897400.000,1768240.000,5897400.000,1769200.000,5897400.000,1769680.000,5897400.000,1770160.000,5897400.000,1770640.000,5897400.000,1771120.000,5897400.000,1771600.000,5897400.000,1772080.000,5897400.000,1772560.000,5897400.000,1773040.000,5897400.000,1773520.000,5897400.000,1774000.000,5897400.000,1774480.000,5897400.000,1774960.000,5897400.000,1775440.000,5897400.000,1767760.000,5896680.000,1769200.000,5896680.000,1769680.000,5896680.000,1770160.000,5896680.000,1770640.000,5896680.000,1771120.000,5896680.000,1771600.000,5896680.000,1772080.000,5896680.000,1772560.000,5896680.000,1773040.000,5896680.000,1773520.000,5896680.000,1774000.000,5896680.000,1774480.000,5896680.000,1774960.000,5896680.000,1775440.000,5896680.000,1775920.000,5896680.000,1770160.000,5895960.000,1770640.000,5895960.000,1771120.000,5895960.000,1771600.000,5895960.000,1772080.000,5895960.000,1772560.000,5895960.000,1773040.000,5895960.000,1773520.000,5895960.000,1774000.000,5895960.000,1774480.000,5895960.000,1774960.000,5895960.000,1775440.000,5895960.000,1775920.000,5895960.000,1769680.000,5895960.000,1769200.000,5895960.000,1770160.000,5895240.000,1770640.000,5895240.000,1771120.000,5895240.000,1771600.000,5895240.000,1772080.000,5895240.000,1772560.000,5895240.000,1773040.000,5895240.000,1773520.000,5895240.000,1774000.000,5895240.000,1774480.000,5895240.000,1774960.000,5895240.000,1775440.000,5895240.000,1775920.000,5895240.000,1769680.000,5895240.000,1769200.000,5895240.000,1776400.000,5895240.000,1770160.000,5894520.000,1770640.000,5894520.000,1771120.000,5894520.000,1771600.000,5894520.000,1772080.000,5894520.000,1772560.000,5894520.000,1773040.000,5894520.000,1773520.000,5894520.000,1774000.000,5894520.000,1774480.000,5894520.000,1774960.000,5894520.000,1775440.000,5894520.000,1775920.000,5894520.000,1769680.000,5894520.000,1769200.000,5894520.000,1770640.000,5893800.000,1771120.000,5893800.000,1771600.000,5893800.000,1772080.000,5893800.000,1772560.000,5893800.000,1773040.000,5893800.000,1770160.000,5893800.000,1769680.000,5893800.000,1769200.000,5893800.000,1772560.000,5893080.000,1773040.000,5893080.000,1772080.000,5893080.000,1771600.000,5893080.000,1771120.000,5893080.000,1771600.000,5892360.000,1772080.000,5892360.000,1772560.000,5892360.000,1773040.000,5892360.000,1771120.000,5892360.000,1771120.000,5891640.000,1771600.000,5891640.000,1772080.000,5891640.000,1772560.000,5891640.000,1773040.000,5891640.000,1770640.000,5891640.000,1770640.000,5892360.000,1773520.000,5891640.000,1773520.000,5892360.000,1773520.000,5893080.000,1770640.000,5890920.000,1771120.000,5890920.000,1771600.000,5890920.000,1772080.000,5890920.000,1772560.000,5890920.000,1773040.000,5890920.000,1773520.000,5890920.000,1774000.000,5890920.000,1774000.000,5891640.000,1774000.000,5892360.000,1774480.000,5890920.000,1774480.000,5891640.000,1774480.000,5892360.000,1770640.000,5890200.000,1771120.000,5890200.000,1771600.000,5890200.000,1772080.000,5890200.000,1772560.000,5890200.000,1773040.000,5890200.000,1773520.000,5890200.000,1774000.000,5890200.000,1774480.000,5890200.000,1774960.000,5890200.000,1774960.000,5890920.000,1774960.000,5891640.000,1770640.000,5889480.000,1771120.000,5889480.000,1771600.000,5889480.000,1772080.000,5889480.000,1772560.000,5889480.000,1773040.000,5889480.000,1773520.000,5889480.000,1774000.000,5889480.000,1774480.000,5889480.000,1774960.000,5889480.000,1775440.000,5889480.000,1775440.000,5890200.000,1775440.000,5890920.000,1770640.000,5888760.000,1771120.000,5888760.000,1771600.000,5888760.000,1772080.000,5888760.000,1772560.000,5888760.000,1773040.000,5888760.000,1773520.000,5888760.000,1774000.000,5888760.000,1774480.000,5888760.000,1774960.000,5888760.000,1775440.000,5888760.000,1775920.000,5888760.000,1775920.000,5889480.000,1775920.000,5890200.000,1775920.000,5890920.000,1774480.000,5888040.000,1774960.000,5888040.000,1775440.000,5888040.000,1775920.000,5888040.000,1774960.000,5887320.000,1768720.000,5894520.000,1768720.000,5893800.000,1776400.000,5888760.000,1771600.000,5888040.000,1771120.000,5888040.000,1757680.000,5924040.000,1768240.000,5916120.000,1768720.000,5916120.000,1757680.000,5923320.000,1758160.000,5922600.000<BR><B>FONT_SIZE</B> = 10<BR><B>FONT_COLOR</B> = RGB(0,0,0)<BR><B>FONT_CHARS</B> = 1<BR><B>FONT_WEIGH</B> = 400<BR><B>PERIMETER</B> = 253.46 km<BR><B>ENCLOSED_AREA</B> = 771.38 sq km]]></description>
      <name>BA31_0850,BA31_0950,BA31_0949,BA31_1049,BA31_1050,BA31_1048,BA31_1047,BA31_1147,BA31_1148,BA31_1149,BA31_1150,BA31_1146,BA31_1145,BA31_1245,BA31_1246,BA31_1247,BA31_1248,BA31_1249,BA31_1250,BA31_1345,BA31_1346,BA31_1347,BA31_1348,BA31_1349,BA31_1350,BA31_1445,BA31_1446,BA31_1447,BA31_1448,BA31_1449,BA31_1450,BA31_1444,BA31_1443,BA31_1543,BA31_1544,BA31_1545,BA31_1546,BA31_1547,BA31_1548,BA31_1549,BA31_1550,BA31_1542,BA31_1541,BA31_1641,BA31_1642,BA31_1643,BA31_1644,BA31_1645,BA31_1646,BA31_1647,BA31_1648,BA31_1649,BA31_1650,BA31_1640,BA31_1639,BA31_1638,BA31_1739,BA31_1740,BA31_1741,BA31_1742,BA31_1743,BA31_1744,BA31_1745,BA31_1746,BA31_1747,BA31_1748,BA31_1749,BA31_1750,BA31_1839,BA31_1840,BA31_1841,BA31_1842,BA31_1843,BA31_1844,BA31_1845,BA31_1846,BA31_1847,BA31_1848,BA31_1849,BA31_1850,BA31_1939,BA31_1940,BA31_1941,BA31_1942,BA31_1943,BA31_1944,BA31_1945,BA31_1946,BA31_1947,BA31_1948,BA31_1949,BA31_1950,BA31_1938,BA31_2038,BA31_2039,BA31_2040,BA31_2041,BA31_2042,BA31_2043,BA31_2044,BA31_2045,BA31_2046,BA31_2047,BA31_2048,BA31_2049,BA31_2050,BA31_2138,BA31_2139,BA31_2140,BA31_2141,BA31_2142,BA31_2143,BA31_2144,BA31_2145,BA31_2146,BA31_2147,BA31_2148,BA31_2149,BA31_2150,BA31_2137,BA31_2237,BA31_2238,BA31_2239,BA31_2240,BA31_2241,BA31_2242,BA31_2243,BA31_2244,BA31_2245,BA31_2246,BA31_2247,BA31_2248,BA31_2249,BA31_2250,BA31_2337,BA31_2338,BA31_2339,BA31_2340,BA31_2341,BA31_2342,BA31_2343,BA31_2344,BA31_2345,BA31_2346,BA31_2347,BA31_2348,BA31_2349,BA31_2350,BA31_2336,BA31_2335,BA31_2435,BA31_2436,BA31_2437,BA31_2438,BA31_2439,BA31_2440,BA31_2441,BA31_2442,BA31_2443,BA31_2444,BA31_2445,BA31_2446,BA31_2447,BA31_2448,BA31_2449,BA31_2450,BA31_2535,BA31_2536,BA31_2537,BA31_2538,BA31_2539,BA31_2540,BA31_2541,BA31_2542,BA31_2543,BA31_2544,BA31_2545,BA31_2546,BA31_2547,BA31_2548,BA31_2549,BA31_2550,BA31_2635,BA31_2636,BA31_2637,BA31_2638,BA31_2639,BA31_2640,BA31_2641,BA31_2642,BA31_2643,BA31_2644,BA31_2645,BA31_2646,BA31_2647,BA31_2648,BA31_2649,BA31_2650,BA31_2634,BA31_2633,BA31_2733,BA31_2734,BA31_2735,BA31_2736,BA31_2737,BA31_2738,BA31_2739,BA31_2740,BA31_2741,BA31_2742,BA31_2743,BA31_2744,BA31_2745,BA31_2746,BA31_2747,BA31_2748,BA31_2749,BA31_2750,BA31_2732,BA31_2731,BA31_2730,BA31_2830,BA31_2831,BA31_2832,BA31_2833,BA31_2834,BA31_2835,BA31_2836,BA31_2837,BA31_2838,BA31_2839,BA31_2840,BA31_2841,BA31_2842,BA31_2843,BA31_2844,BA31_2845,BA31_2846,BA31_2847,BA31_2848,BA31_2849,BA31_2850,BA31_2829,BA31_2828,BA31_2827,BA31_2727,BA31_2726,BA31_2826,BA31_2626,BA31_2625,BA31_2725,BA31_2825,BA31_2624,BA31_2724,BA31_2824,BA31_2823,BA31_2723,BA31_2623,BA31_2622,BA31_2722,BA31_2822,BA31_2821,BA31_2721,BA31_2921,BA31_2922,BA31_2923,BA31_2924,BA31_2925,BA31_2926,BA31_2927,BA31_2928,BA31_2929,BA31_2930,BA31_2931,BA31_2932,BA31_2933,BA31_2934,BA31_2935,BA31_2936,BA31_2939,BA31_2940,BA31_2941,BA31_2942,BA31_2943,BA31_2944,BA31_2945,BA31_2946,BA31_2947,BA31_2948,BA31_2949,BA31_2950,BA31_3021,BA31_3022,BA31_3023,BA31_3024,BA31_3025,BA31_3026,BA31_3027,BA31_3028,BA31_3029,BA31_3030,BA31_3031,BA31_3020,BA31_3039,BA31_3040,BA31_3041,BA31_3042,BA31_3043,BA31_3044,BA31_3045,BA31_3046,BA31_3047,BA31_3048,BA31_3049,BA31_3050,BA31_3120,BA31_3121,BA31_3122,BA31_3123,BA31_3124,BA31_3125,BA31_3126,BA31_3127,BA31_3128,BA31_3129,BA31_3130,BA31_3131,BA31_3119,BA31_3140,BA31_3141,BA31_3142,BA31_3143,BA31_3144,BA31_3145,BA31_3146,BA31_3147,BA31_3148,BA31_3149,BA31_3150,BA31_3219,BA31_3220,BA31_3221,BA31_3222,BA31_3223,BA31_3224,BA31_3225,BA31_3226,BA31_3227,BA31_3228,BA31_3229,BA31_3230,BA31_3231,BA31_3218,BA31_3232,BA31_3233,BA31_3241,BA31_3242,BA31_3243,BA31_3244,BA31_3245,BA31_3246,BA31_3247,BA31_3248,BA31_3249,BA31_3250,BA31_3318,BA31_3319,BA31_3320,BA31_3321,BA31_3322,BA31_3323,BA31_3324,BA31_3325,BA31_3326,BA31_3327,BA31_3328,BA31_3329,BA31_3330,BA31_3331,BA31_3332,BA31_3333,BA31_3334,BA31_3350,BA31_3419,BA31_3420,BA31_3421,BA31_3422,BA31_3423,BA31_3424,BA31_3425,BA31_3426,BA31_3427,BA31_3428,BA31_3429,BA31_3430,BA31_3431,BA31_3432,BA31_3433,BA31_3434,BA31_3450,BA31_3449,BA31_3522,BA31_3523,BA31_3524,BA31_3525,BA31_3526,BA31_3527,BA31_3528,BA31_3529,BA31_3530,BA31_3531,BA31_3532,BA31_3533,BA31_3534,BA31_3549,BA31_3550,BA31_3548,BA31_3547,BA31_3546,BA31_3622,BA31_3623,BA31_3624,BA31_3625,BA31_3626,BA31_3627,BA31_3628,BA31_3629,BA31_3630,BA31_3631,BA31_3632,BA31_3633,BA31_3634,BA31_3621,BA31_3646,BA31_3647,BA31_3648,BA31_3649,BA31_3650,BA31_3645,BA31_3644,BA31_3643,BA31_3642,BA31_3721,BA31_3722,BA31_3723,BA31_3724,BA31_3725,BA31_3726,BA31_3727,BA31_3728,BA31_3729,BA31_3730,BA31_3731,BA31_3732,BA31_3733,BA31_3720,BA31_3719,BA31_3718,BA31_3742,BA31_3743,BA31_3744,BA31_3745,BA31_3746,BA31_3747,BA31_3748,BA31_3749,BA31_3750,BA31_3741,BA31_3818,BA31_3819,BA31_3820,BA31_3821,BA31_3822,BA31_3823,BA31_3824,BA31_3825,BA31_3826,BA31_3827,BA31_3828,BA31_3829,BA31_3830,BA31_3831,BA31_3832,BA31_3833,BA31_3817,BA31_3816,BA31_3841,BA31_3842,BA31_3843,BA31_3844,BA31_3845,BA31_3846,BA31_3847,BA31_3848,BA31_3849,BA31_3850,BA31_3917,BA31_3918,BA31_3919,BA31_3920,BA31_3921,BA31_3922,BA31_3923,BA31_3924,BA31_3925,BA31_3926,BA31_3927,BA31_3928,BA31_3929,BA31_3930,BA31_3931,BA31_3932,BA31_3933,BA31_3934,BA31_3935,BA31_3835,BA31_3936,BA31_3937,BA31_3941,BA31_3942,BA31_3943,BA31_3944,BA31_3945,BA31_3946,BA31_3947,BA31_3948,BA31_3949,BA31_3950,BA31_3940,BA31_4021,BA31_4022,BA31_4023,BA31_4024,BA31_4025,BA31_4026,BA31_4027,BA31_4028,BA31_4029,BA31_4030,BA31_4031,BA31_4032,BA31_4033,BA31_4034,BA31_4035,BA31_4036,BA31_4037,BA31_4040,BA31_4041,BA31_4042,BA31_4043,BA31_4044,BA31_4045,BA31_4046,BA31_4047,BA31_4048,BA31_4049,BA31_4050,BA31_4122,BA31_4123,BA31_4124,BA31_4125,BA31_4126,BA31_4127,BA31_4128,BA31_4129,BA31_4130,BA31_4131,BA31_4132,BA31_4133,BA31_4134,BA31_4135,BA31_4136,BA31_4137,BA31_4138,BA31_4139,BA31_4140,BA31_4141,BA31_4142,BA31_4143,BA31_4144,BA31_4145,BA31_4146,BA31_4147,BA31_4148,BA31_4149,BA31_4150,BA31_4223,BA31_4224,BA31_4225,BA31_4226,BA31_4227,BA31_4228,BA31_4229,BA31_4230,BA31_4231,BA31_4232,BA31_4233,BA31_4234,BA31_4235,BA31_4236,BA31_4237,BA31_4238,BA31_4239,BA31_4240,BA31_4241,BA31_4242,BA31_4243,BA31_4244,BA31_4245,BA31_4246,BA31_4247,BA31_4248,BA31_4249,BA31_4250,BA31_4323,BA31_4324,BA31_4325,BA31_4326,BA31_4327,BA31_4328,BA31_4329,BA31_4330,BA31_4331,BA31_4332,BA31_4333,BA31_4334,BA31_4335,BA31_4336,BA31_4337,BA31_4338,BA31_4339,BA31_4340,BA31_4341,BA31_4342,BA31_4343,BA31_4344,BA31_4345,BA31_4346,BA31_4347,BA31_4348,BA31_4349,BA31_4350,BA31_4425,BA31_4426,BA31_4427,BA31_4428,BA31_4429,BA31_4430,BA31_4431,BA31_4432,BA31_4433,BA31_4434,BA31_4435,BA31_4436,BA31_4437,BA31_4438,BA31_4439,BA31_4440,BA31_4441,BA31_4442,BA31_4443,BA31_4444,BA31_4445,BA31_4446,BA31_4447,BA31_4448,BA31_4449,BA31_4450,BA31_4526,BA31_4527,BA31_4528,BA31_4529,BA31_4530,BA31_4531,BA31_4532,BA31_4533,BA31_4534,BA31_4535,BA31_4536,BA31_4537,BA31_4538,BA31_4539,BA31_4540,BA31_4541,BA31_4542,BA31_4543,BA31_4544,BA31_4545,BA31_4546,BA31_4547,BA31_4548,BA31_4549,BA31_4550,BA31_4626,BA31_4627,BA31_4628,BA31_4629,BA31_4630,BA31_4631,BA31_4632,BA31_4633,BA31_4634,BA31_4635,BA31_4636,BA31_4637,BA31_4638,BA31_4639,BA31_4640,BA31_4641,BA31_4642,BA31_4643,BA31_4644,BA31_4645,BA31_4646,BA31_4647,BA31_4648,BA31_4649,BA31_4650,BA31_4728,BA31_4729,BA31_4730,BA31_4731,BA31_4732,BA31_4733,BA31_4734,BA31_4735,BA31_4736,BA31_4737,BA31_4738,BA31_4739,BA31_4740,BA31_4741,BA31_4742,BA31_4743,BA31_4744,BA31_4745,BA31_4746,BA31_4747,BA31_4748,BA31_4749,BA31_4750,BA31_4829,BA31_4830,BA31_4831,BA31_4832,BA31_4833,BA31_4834,BA31_4835,BA31_4836,BA31_4837,BA31_4838,BA31_4839,BA31_4840,BA31_4841,BA31_4842,BA31_4843,BA31_4844,BA31_4845,BA31_4846,BA31_4847,BA31_4848,BA31_4849,BA31_4850,BA31_4929,BA31_4930,BA31_4931,BA31_4932,BA31_4933,BA31_4934,BA31_4935,BA31_4936,BA31_4937,BA31_4938,BA31_4939,BA31_4940,BA31_4941,BA31_4928,BA31_4943,BA31_4944,BA31_4945,BA31_4946,BA31_4947,BA31_4948,BA31_4949,BA31_4950,BA31_5028,BA31_5029,BA31_5030,BA31_5031,BA31_5032,BA31_5033,BA31_5034,BA31_5035,BA31_5036,BA31_5027,BA31_5045,BA31_5046,BA31_5047,BA32_0801,BA32_0901,BA32_1001,BA32_1101,BA32_1201,BA32_1301,BA32_1401,BA32_1501,BA32_1601,BA32_1701,BA32_1801,BA32_1901,BA32_2001,BA32_2101,BA32_2201,BA32_2301,BA32_2401,BA32_2501,BA32_2601,BA32_2701,BA32_2801,BA32_2901,BA32_3001,BA32_3101,BA32_3201,BA32_3301,BA32_3401,BA32_3501,BA32_3601,BA32_3701,BA32_3801,BA32_3901,BA32_4001,BA32_4101,BA32_4201,BA32_4301,BA32_4401,BA32_4501,BA32_4601,BA32_4701,BA32_4801,BA32_4901,BA32_2402,BA32_2502,BA32_2602,BA32_2702,BA32_2802,BA32_2902,BA32_3002,BA32_3102,BA32_2302,BA32_2202,BA32_2102,BA32_2002,BA32_1902,BA32_1802,BA32_1702,BA32_1602,BA32_1502,BA32_1402,BA32_1302,BA32_1202,BA32_1102,BA32_2603,BA32_2703,BA32_2803,BA32_2903,BA32_2503,BA32_2403,BA32_2303,BA32_2203,BA32_2103,BA32_2003,BA32_1903,BA32_2904,BA32_2804,BA32_2704,BA32_2604,BA32_2504,BA32_2404,BA32_2304,BA32_2204,BA32_2104,BA32_2004,BA32_1303,BA32_1203,BA32_3402,BA32_3502,BA32_3602,BA32_3702,BA32_3802,BA32_3902,BA32_4002,BA32_4102,BA32_4202,BA32_4302,BA32_4402,BA32_4502,BA32_4602,BA32_4702,BA32_4802,BA32_4902,BA32_3503,BA32_3603,BA32_3703,BA32_3803,BA32_3903,BA32_4003,BA32_4103,BA32_4203,BA32_4303,BA32_4403,BA32_4503,BA32_4603,BA32_4703,BA32_4803,BA32_3504,BA32_3604,BA32_3704,BA32_3804,BA32_3904,BA32_4004,BA32_4104,BA32_4204,BA32_4304,BA32_4404,BA32_4504,BA32_4604,BA32_4704,BA32_4804,BA32_3605,BA32_3705,BA32_3805,BA32_3905,BA32_4005,BA32_4105,BA32_4205,BA32_4305,BA32_4405,BA32_4505,BA32_4605,BA32_4705,BA32_3505,BA32_4805,BA32_3706,BA32_3806,BA32_3906,BA32_4006,BA32_4106,BA32_4206,BA32_4306,BA32_4406,BA32_4506,BA32_4606,BA32_3606,BA32_3506,BA32_4706,BA32_4806,BA32_3507,BA32_3607,BA32_3707,BA32_3807,BA32_3907,BA32_4007,BA32_4107,BA32_4207,BA32_4307,BA32_4407,BA32_4507,BA32_4607,BA32_4707,BA32_4807,BA32_3508,BA32_3608,BA32_3708,BA32_3808,BA32_3908,BA32_4008,BA32_4108,BA32_4208,BA32_4308,BA32_4408,BA32_4508,BA32_4608,BA32_4708,BA32_4808,BA32_3809,BA32_3909,BA32_4009,BA32_4109,BA32_4209,BA32_4309,BA32_4409,BA32_4509,BA32_3709,BA32_3609,BA32_4609,BA32_4709,BA32_4809,BA32_3910,BA32_4010,BA32_4110,BA32_4210,BA32_4310,BA32_4410,BA32_4510,BA32_4610,BA32_4710,BA32_3810,BA32_3710,BA32_4810,BA32_3811,BA32_3911,BA32_4011,BA32_4111,BA32_4211,BA32_4311,BA32_4411,BA32_4511,BA32_4611,BA32_4711,BA32_3711,BA32_4811,BA32_3912,BA32_3812,BA32_4012,BA32_4112,BA32_4212,BA32_4312,BA32_4412,BA32_3712,BA32_4512,BA32_4612,BA32_4712,BA32_4812,BA32_4013,BA32_4113,BA32_4213,BA32_4313,BA32_3913,BA32_3813,BA32_4413,BA32_4513,BA32_4613,BA32_4713,BA32_3713,BA32_4813,BA32_3613,BA32_3612,BA32_3611,BA32_4014,BA32_4114,BA32_4214,BA32_4314,BA32_4414,BA32_3914,BA32_3814,BA32_3714,BA32_3614,BA32_4514,BA32_4614,BA32_4714,BA32_4814,BA32_2505,BA32_2405,BA32_2605,BA32_2705,BA32_2805,BA32_2905,BA32_3407,BA32_2806,BA32_2706,BA32_2906,BA32_2606,BA32_2506,BA32_2406,BA32_4115,BA32_4215,BA32_4315,BA32_4415,BA32_4515,BA32_4015,BA32_3915,BA32_3815,BA32_3715,BA32_3615,BA32_4615,BA32_4715,BA32_4815,BA32_4116,BA32_4216,BA32_4316,BA32_4416,BA32_4516,BA32_4616,BA32_4016,BA32_3916,BA32_3816,BA32_3716,BA32_3616,BA32_4716,BA32_4816,BA32_3005,BA32_3006,BA32_3105,BA32_3106,BA32_3206,BA32_3205,BA32_3306,BA32_3307,BA32_3207,BA32_3107,BA32_3007,BA32_2907,BA32_2807,BA32_2707,BA32_4217,BA32_4317,BA32_4117,BA32_4417,BA32_4517,BA32_4617,BA32_4717,BA32_4017,BA32_3917,BA32_3817,BA32_3717,BA32_3617,BA32_4817,BA32_2908,BA32_3008,BA32_3108,BA32_2808,BA32_3208,BA32_3308,BA32_3718,BA32_3618,BA32_3818,BA32_3918,BA32_4018,BA32_4118,BA32_4218,BA32_4318,BA32_4418,BA32_4518,BA32_4618,BA32_4718,BA32_4818,BA32_3009,BA32_2909,BA32_3109,BA32_3209,BA32_3309,BA32_3409,BA32_4219,BA32_4319,BA32_4419,BA32_4519,BA32_4119,BA32_4619,BA32_4019,BA32_3919,BA32_3819,BA32_4719,BA32_4819,BA32_3719,BA32_3619,BA32_2205,BA32_4220,BA32_4320,BA32_4420,BA32_4520,BA32_4620,BA32_4120,BA32_4720,BA32_4820,BA32_4020,BA32_3920,BA32_3820,BA32_3720,BA32_3620,BA32_3721,BA32_3621,BA32_3821,BA32_3921,BA32_4021,BA32_4121,BA32_4221,BA32_4321,BA32_4421,BA32_4521,BA32_4621,BA32_4721,BA32_4821,BA32_3210,BA32_3310,BA32_3410,BA32_3110,BA32_3010,BA32_4422,BA32_4522,BA32_4622,BA32_4322,BA32_4222,BA32_4122,BA32_4022,BA32_3922,BA32_4722,BA32_3822,BA32_3722,BA32_3622,BA32_4822,BA32_4123,BA32_4023,BA32_3923,BA32_3823,BA32_3723,BA32_4223,BA32_3623,BA32_3824,BA32_3724,BA32_3624,BA32_3924,BA32_4024,BA32_4124,BA32_3311,BA32_3211,BA32_3111,BA32_3515,BA32_3514,BA32_3522,BA32_3212,BA32_3312,BA32_4523,BA32_4623,BA32_4723,BA32_4823,BA32_4524,BA32_4624,BA32_4724,BA32_4824,BA32_4025,BA32_3925,BA32_3825,BA32_3725,BA32_4026,BA32_3926,BA32_4027,BA32_4424,BA32_4324,BA32_4625,BA32_4725,BA32_4525,BA32_4425,BA32_4825,BA32_4325,BA32_4326,BA32_4426,BA32_4526,BA32_4626,BA32_4726,BA32_4826,BA32_4527,BA32_4627,BA32_4427,BA32_4327,BA32_4727,BA32_4827,BA32_4528,BA32_4428,BA32_4628,BA32_4728,BA32_4328,BA32_4828,BA32_4629,BA32_4729,BA32_4529,BA32_4429,BA32_4329,BA32_4829,BA32_4630,BA32_4530,BA32_4430,BA32_4330,BA32_4730,BA32_4830,BA32_4228,BA32_4127,BA32_4229,BA32_4230,BA32_4128,BA32_4129,BA32_4130,BA32_4131,BA32_4231,BA32_4331,BA32_4431,BA32_4531,BA32_4631,BA32_4731,BA32_4831,BA32_4232,BA32_4132,BA32_4332,BA32_4432,BA32_4532,BA32_4632,BA32_4732,BA32_4832,BA32_4333,BA32_4433,BA32_4533,BA32_4233,BA32_4133,BA32_4633,BA32_4733,BA32_4833,BA32_4334,BA32_4234,BA32_4134,BA32_4434,BA32_4534,BA32_4634,BA32_4734,BA32_4834,BA32_4735,BA32_4635,BA32_4535,BA32_4435,BA32_4335,BA32_4235,BA32_4835,BA32_4031,BA32_4030,BA32_4029,BA32_3930,BA32_3929,BA32_3928,BA32_4636,BA32_4736,BA32_4536,BA32_4436,BA32_4336,BA32_4236,BA32_4637,BA32_4737,BA32_4537,BA32_4437,BA32_4337,BA32_3829,BA32_3830,BA32_3828,BA32_4538,BA32_4438,BA32_4638,BA32_4338,BA32_3729,BA32_3728,BA32_3730,BA32_3628,BA32_3629,BA32_4906,BA32_4907,BA32_4908,BA32_4909,BA32_4910,BA32_4911,BA32_4912,BA32_4913,BA32_4914,BA32_4915,BA32_4916,BA32_4917,BA32_4918,BA32_4919,BA32_4920,BA32_4921,BA32_4922,BA32_4923,BA32_4924,BA32_4925,BA32_4926,BA32_4927,BA32_4928,BA32_4929,BA32_4930,BA32_4931,BA32_4932,BA32_4933,BA32_5006,BA32_5007,BA32_5008,BA32_5009,BA32_5005,BA32_5004,BA32_5003,BA32_5015,BA32_5016,BA32_5017,BA32_5018,BA32_5019,BA32_5020,BA32_5021,BA32_5022,BA32_5023,BA32_5024,BA32_5025,BA32_5026,BA32_5027,BA32_5028,BA32_5029,BA32_5030,BA32_5031,BA32_5032,BA32_5033,BB31_0127,BB31_0128,BB31_0129,BB31_0130,BB31_0131,BB31_0132,BB31_0133,BB31_0134,BB31_0135,BB31_0126,BB31_0226,BB31_0227,BB31_0228,BB31_0229,BB31_0230,BB31_0231,BB31_0232,BB31_0233,BB31_0234,BB31_0326,BB31_0327,BB31_0328,BB31_0329,BB31_0330,BB31_0331,BB31_0332,BB31_0427,BB31_0428,BB31_0429,BB31_0430,BB31_0431,BB31_0432,BB31_0528,BB31_0529,BB31_0530,BB31_0628,BB32_0103,BB32_0104,BB32_0105,BB32_0106,BB32_0107,BB32_0108,BB32_0109,BB32_0102,BB32_0110,BB32_0111,BB32_0112,BB32_0113,BB32_0114,BB32_0115,BB32_0116,BB32_0117,BB32_0118,BB32_0119,BB32_0120,BB32_0121,BB32_0122,BB32_0123,BB32_0124,BB32_0125,BB32_0126,BB32_0127,BB32_0128,BB32_0129,BB32_0130,BB32_0131,BB32_0132,BB32_0133,BB32_0204,BB32_0205,BB32_0206,BB32_0207,BB32_0208,BB32_0209,BB32_0210,BB32_0211,BB32_0212,BB32_0213,BB32_0214,BB32_0215,BB32_0216,BB32_0217,BB32_0218,BB32_0219,BB32_0220,BB32_0221,BB32_0222,BB32_0223,BB32_0224,BB32_0225,BB32_0226,BB32_0227,BB32_0228,BB32_0229,BB32_0230,BB32_0231,BB32_0232,BB32_0233,BB32_0234,BB32_0305,BB32_0306,BB32_0307,BB32_0308,BB32_0309,BB32_0310,BB32_0311,BB32_0312,BB32_0313,BB32_0314,BB32_0315,BB32_0316,BB32_0317,BB32_0318,BB32_0319,BB32_0320,BB32_0321,BB32_0322,BB32_0323,BB32_0324,BB32_0325,BB32_0326,BB32_0327,BB32_0328,BB32_0329,BB32_0330,BB32_0331,BB32_0332,BB32_0333,BB32_0334,BB32_0335,BB32_0405,BB32_0406,BB32_0407,BB32_0408,BB32_0409,BB32_0410,BB32_0411,BB32_0412,BB32_0413,BB32_0414,BB32_0415,BB32_0416,BB32_0417,BB32_0418,BB32_0419,BB32_0420,BB32_0421,BB32_0422,BB32_0423,BB32_0424,BB32_0425,BB32_0426,BB32_0427,BB32_0428,BB32_0429,BB32_0430,BB32_0431,BB32_0432,BB32_0433,BB32_0434,BB32_0435,BB32_0404,BB32_0436,BB32_0504,BB32_0505,BB32_0506,BB32_0507,BB32_0508,BB32_0509,BB32_0510,BB32_0511,BB32_0512,BB32_0513,BB32_0514,BB32_0515,BB32_0516,BB32_0517,BB32_0518,BB32_0519,BB32_0520,BB32_0521,BB32_0522,BB32_0523,BB32_0524,BB32_0525,BB32_0526,BB32_0527,BB32_0528,BB32_0529,BB32_0530,BB32_0531,BB32_0532,BB32_0533,BB32_0534,BB32_0535,BB32_0503,BB32_0603,BB32_0604,BB32_0605,BB32_0606,BB32_0607,BB32_0608,BB32_0609,BB32_0610,BB32_0611,BB32_0612,BB32_0613,BB32_0614,BB32_0615,BB32_0616,BB32_0617,BB32_0618,BB32_0619,BB32_0620,BB32_0621,BB32_0622,BB32_0623,BB32_0624,BB32_0625,BB32_0626,BB32_0627,BB32_0628,BB32_0629,BB32_0630,BB32_0631,BB32_0632,BB32_0633,BB32_0634,BB32_0635,BB32_0602,BB32_0702,BB32_0703,BB32_0704,BB32_0705,BB32_0706,BB32_0707,BB32_0708,BB32_0709,BB32_0710,BB32_0701,BB32_0712,BB32_0713,BB32_0714,BB32_0715,BB32_0716,BB32_0717,BB32_0718,BB32_0719,BB32_0720,BB32_0721,BB32_0722,BB32_0723,BB32_0724,BB32_0725,BB32_0726,BB32_0727,BB32_0728,BB32_0729,BB32_0730,BB32_0731,BB32_0732,BB32_0733,BB32_0734,BB32_0735,BB32_0736,BB32_0801,BB32_0802,BB32_0803,BB32_0804,BB32_0805,BB32_0806,BB32_0807,BB32_0808,BB32_0809,BB32_0810,BB31_0850,BB31_0950,BB32_0901,BB32_0902,BB32_0903,BB32_0904,BB32_0905,BB32_0906,BB32_0907,BB32_0908,BB32_0909,BB32_0910,BB32_0817,BB32_0818,BB32_0819,BB32_0820,BB32_0821,BB32_0822,BB32_0823,BB32_0824,BB32_0825,BB32_0826,BB32_0827,BB32_0828,BB32_0829,BB32_0830,BB32_0831,BB32_0832,BB32_0833,BB32_0834,BB32_0835,BB32_0836,BB32_0816,BB32_0815,BB32_0814,BB32_0813,BB32_0812,BB32_0911,BB32_0912,BB32_0913,BB32_0914,BB32_0915,BB32_0916,BB32_0917,BB32_0918,BB32_0919,BB32_0920,BB32_0921,BB32_0922,BB32_0923,BB32_0924,BB32_0925,BB32_0926,BB32_0927,BB32_0928,BB32_0929,BB32_0933,BB32_0934,BB32_1001,BB32_1002,BB32_1003,BB32_1004,BB32_1005,BB32_1006,BB32_1007,BB32_1008,BB32_1009,BB32_1010,BB32_1011,BB32_1012,BB32_1013,BB32_1014,BB32_1015,BB32_1016,BB32_1017,BB32_1018,BB32_1019,BB32_1020,BB32_1021,BB32_1022,BB32_1023,BB32_1024,BB32_1025,BB32_1026,BB32_1027,BB32_1028,BB32_1029,BB32_1030,BB32_1031,BB32_1032,BB32_1033,BB32_1103,BB32_1104,BB32_1105,BB32_1106,BB32_1107,BB32_1108,BB32_1109,BB32_1110,BB32_1111,BB32_1112,BB32_1113,BB32_1114,BB32_1115,BB32_1116,BB32_1117,BB32_1118,BB32_1119,BB32_1120,BB32_1121,BB32_1122,BB32_1123,BB32_1124,BB32_1125,BB32_1126,BB32_1127,BB32_1128,BB32_1129,BB32_1130,BB32_1131,BB32_1132,BB32_1203,BB32_1204,BB32_1205,BB32_1206,BB32_1207,BB32_1209,BB32_1210,BB32_1211,BB32_1212,BB32_1214,BB32_1215,BB32_1216,BB32_1217,BB32_1218,BB32_1219,BB32_1220,BB32_1221,BB32_1222,BB32_1223,BB32_1224,BB32_1225,BB32_1226,BB32_1227,BB32_1228,BB32_1229,BB32_1230,BB32_1231,BB32_1232,BB32_1316,BB32_1317,BB32_1318,BB32_1319,BB32_1320,BB32_1321,BB32_1322,BB32_1323,BB32_1324,BB32_1325,BB32_1326,BB32_1327,BB32_1328,BB32_1329,BB32_1330,BB32_1331,BB32_1332,BB32_1417,BB32_1418,BB32_1419,BB32_1420,BB32_1421,BB32_1422,BB32_1423,BB32_1424,BB32_1425,BB32_1426,BB32_1427,BB32_1428,BB32_1429,BB32_1430,BB32_1431,BB32_1432,BB32_1433,BB32_1519,BB32_1520,BB32_1521,BB32_1522,BB32_1523,BB32_1524,BB32_1525,BB32_1526,BB32_1527,BB32_1528,BB32_1529,BB32_1530,BB32_1531,BB32_1532,BB32_1533,BB32_1534,BB32_1535,BB32_1536,BB32_1619,BB32_1620,BB32_1621,BB32_1622,BB32_1623,BB32_1624,BB32_1625,BB32_1626,BB32_1627,BB32_1628,BB32_1629,BB32_1630,BB32_1631,BB32_1632,BB32_1633,BB32_1634,BB32_1635,BB32_1636,BB32_1637,BB32_1719,BB32_1720,BB32_1721,BB32_1722,BB32_1723,BB32_1724,BB32_1725,BB32_1726,BB32_1727,BB32_1728,BB32_1729,BB32_1730,BB32_1731,BB32_1732,BB32_1733,BB32_1734,BB32_1735,BB32_1736,BB32_1737,BB32_1738,BB32_1739,BB32_1740,BB32_1741,BB32_1820,BB32_1821,BB32_1822,BB32_1823,BB32_1824,BB32_1825,BB32_1826,BB32_1828,BB32_1829,BB32_1830,BB32_1831,BB32_1832,BB32_1833,BB32_1834,BB32_1835,BB32_1836,BB32_1837,BB32_1838,BB32_1839,BB32_1840,BB32_1841,BB32_1925,BB32_1928,BB32_1929,BB32_1930,BB32_1931,BB32_1932,BB32_1933,BB32_1934,BB32_1935,BB32_1936,BB32_1937,BB32_1938,BB32_1939,BB32_1940,BB32_1941,BB32_1942,BB32_2030,BB32_2031,BB32_2032,BB32_2033,BB32_2034,BB32_2035,BB32_2036,BB32_2037,BB32_2038,BB32_2039,BB32_2040,BB32_2041,BB32_2042,BB32_2029,BB32_2028,BB32_2130,BB32_2131,BB32_2132,BB32_2133,BB32_2134,BB32_2135,BB32_2136,BB32_2137,BB32_2138,BB32_2139,BB32_2140,BB32_2141,BB32_2142,BB32_2129,BB32_2128,BB32_2143,BB32_2230,BB32_2231,BB32_2232,BB32_2233,BB32_2234,BB32_2235,BB32_2236,BB32_2237,BB32_2238,BB32_2239,BB32_2240,BB32_2241,BB32_2242,BB32_2229,BB32_2228,BB32_2331,BB32_2332,BB32_2333,BB32_2334,BB32_2335,BB32_2336,BB32_2330,BB32_2329,BB32_2328,BB32_2435,BB32_2436,BB32_2434,BB32_2433,BB32_2432,BB32_2533,BB32_2534,BB32_2535,BB32_2536,BB32_2532,BB32_2632,BB32_2633,BB32_2634,BB32_2635,BB32_2636,BB32_2631,BB32_2531,BB32_2637,BB32_2537,BB32_2437,BB32_2731,BB32_2732,BB32_2733,BB32_2734,BB32_2735,BB32_2736,BB32_2737,BB32_2738,BB32_2638,BB32_2538,BB32_2739,BB32_2639,BB32_2539,BB32_2831,BB32_2832,BB32_2833,BB32_2834,BB32_2835,BB32_2836,BB32_2837,BB32_2838,BB32_2839,BB32_2840,BB32_2740,BB32_2640,BB32_2931,BB32_2932,BB32_2933,BB32_2934,BB32_2935,BB32_2936,BB32_2937,BB32_2938,BB32_2939,BB32_2940,BB32_2941,BB32_2841,BB32_2741,BB32_3031,BB32_3032,BB32_3033,BB32_3034,BB32_3035,BB32_3036,BB32_3037,BB32_3038,BB32_3039,BB32_3040,BB32_3041,BB32_3042,BB32_2942,BB32_2842,BB32_2742,BB32_3139,BB32_3140,BB32_3141,BB32_3142,BB32_3240,BB32_2227,BB32_2327,BB32_3043,BB32_3133,BB32_3132,BA32_3104,BA32_4226,BA32_4227,BA32_3204,BA32_3305</name>
      <styleUrl>#area1</styleUrl>
      <Polygon>
        <outerBoundaryIs>
          <LinearRing>
            <coordinates>
              174.9009891573,-36.8694764692,0
              174.9011499673,-36.8759634158,0
              174.8957669557,-36.8760494361,0
              174.9001160109,-37.0511946264,0
              174.9007635185,-37.0771415839,0
              174.9010875835,-37.0901150164,0
              174.9226798334,-37.0897667929,0
              174.9228437822,-37.0962534161,0
              174.9174452950,-37.0963408607,0
              174.9180997754,-37.1222873580,0
              174.9184273302,-37.1352605603,0
              174.9238285782,-37.1351729929,0
              174.9239928949,-37.1416595619,0
              174.9347962419,-37.1414836483,0
              174.9346310040,-37.1349971204,0
              174.9562355728,-37.1346424243,0
              174.9616366558,-37.1345531355,0
              174.9618041967,-37.1410395596,0
              174.9672057164,-37.1409500040,0
              174.9673737717,-37.1474363994,0
              174.9727757282,-37.1473465769,0
              174.9726072122,-37.1408602024,0
              174.9834101317,-37.1406798614,0
              174.9832407485,-37.1341935213,0
              174.9886417116,-37.1341030030,0
              174.9884719223,-37.1276166764,0
              174.9830714196,-37.1277071735,0
              174.9825637579,-37.1082480833,0
              174.9717654410,-37.1084282137,0
              174.9715972484,-37.1019417926,0
              174.9661985139,-37.1020314683,0
              174.9660308348,-37.0955450185,0
              174.9552342135,-37.0957235913,0
              174.9550675073,-37.0892370920,0
              174.9496696205,-37.0893259893,0
              174.9495034271,-37.0828394614,0
              174.9818876339,-37.0823025209,0
              174.9817187382,-37.0758161109,0
              174.9871155630,-37.0757257829,0
              174.9869462623,-37.0692393862,0
              174.9815498965,-37.0693296931,0
              174.9812123753,-37.0563568342,0
              174.9758169032,-37.0564468536,0
              174.9754805152,-37.0434739215,0
              174.9539020568,-37.0438313798,0
              174.9537357770,-37.0373448184,0
              174.9483415615,-37.0374335495,0
              174.9481757931,-37.0309469597,0
              174.9319943800,-37.0312116205,0
              174.9318300391,-37.0247249610,0
              174.9264366460,-37.0248126708,0
              174.9259453122,-37.0053525843,0
              174.9313373318,-37.0052649361,0
              174.9311732012,-36.9987782457,0
              174.9365647399,-36.9986903733,0
              174.9364002044,-36.9922036957,0
              174.9471822968,-36.9920272580,0
              174.9468515552,-36.9790539622,0
              174.9414614351,-36.9791422620,0
              174.9411318189,-36.9661688939,0
              174.9465210253,-36.9660806355,0
              174.9463558397,-36.9595939605,0
              174.9409670899,-36.9596821983,0
              174.9408024136,-36.9531954949,0
              174.9354140969,-36.9532834677,0
              174.9352499297,-36.9467967360,0
              174.9298620459,-36.9468844439,0
              174.9293712277,-36.9274241408,0
              174.9401442355,-36.9272486041,0
              174.9399798226,-36.9207618620,0
              174.9507518252,-36.9205853903,0
              174.9505865537,-36.9140986819,0
              174.9559720642,-36.9140101007,0
              174.9553096859,-36.8880632727,0
              174.9445422834,-36.8882400252,0
              174.9443777310,-36.8817532575,0
              174.9336111446,-36.8819289939,0
              174.9334475544,-36.8754421772,0
              174.9172988647,-36.8757038929,0
              174.9171366907,-36.8692170071,0
              174.9117542025,-36.8693037381,0
              174.9009891573,-36.8694764692,0
            </coordinates>
          </LinearRing>
        </outerBoundaryIs>
        <innerBoundaryIs>
          <LinearRing>
            <coordinates>
              174.9256180184,-36.9923791547,0
              174.9257816391,-36.9988658734,0
              174.9096068134,-36.9991272881,0
              174.9094445649,-36.9926405082,0
              174.9202268904,-36.9924665172,0
              174.9256180184,-36.9923791547,0
            </coordinates>
          </LinearRing>
        </innerBoundaryIs>
      </Polygon>
    </Placemark>
    <Placemark>
      <description><![CDATA[Unknown Area Type<BR><BR><B>LAYER</B> = Unknown Area Type<BR><B>MAP_NAME</B> = Auckland2026_1K_Tiles<BR><B>NAME</B> = BA31_0850,BA31_0950,BA31_0949,BA31_1049,BA31_1050,BA31_1048,BA31_1047,BA31_1147,BA31_1148,BA31_1149,BA31_1150,BA31_1146,BA31_1145,BA31_1245,BA31_1246,BA31_1247,BA31_1248,BA31_1249,BA31_1250,BA31_1345,BA31_1346,BA31_1347,BA31_1348,BA31_1349,BA31_1350,BA31_1445,BA31_1446,BA31_1447,BA31_1448,BA31_1449,BA31_1450,BA31_1444,BA31_1443,BA31_1543,BA31_1544,BA31_1545,BA31_1546,BA31_1547,BA31_1548,BA31_1549,BA31_1550,BA31_1542,BA31_1541,BA31_1641,BA31_1642,BA31_1643,BA31_1644,BA31_1645,BA31_1646,BA31_1647,BA31_1648,BA31_1649,BA31_1650,BA31_1640,BA31_1639,BA31_1638,BA31_1739,BA31_1740,BA31_1741,BA31_1742,BA31_1743,BA31_1744,BA31_1745,BA31_1746,BA31_1747,BA31_1748,BA31_1749,BA31_1750,BA31_1839,BA31_1840,BA31_1841,BA31_1842,BA31_1843,BA31_1844,BA31_1845,BA31_1846,BA31_1847,BA31_1848,BA31_1849,BA31_1850,BA31_1939,BA31_1940,BA31_1941,BA31_1942,BA31_1943,BA31_1944,BA31_1945,BA31_1946,BA31_1947,BA31_1948,BA31_1949,BA31_1950,BA31_1938,BA31_2038,BA31_2039,BA31_2040,BA31_2041,BA31_2042,BA31_2043,BA31_2044,BA31_2045,BA31_2046,BA31_2047,BA31_2048,BA31_2049,BA31_2050,BA31_2138,BA31_2139,BA31_2140,BA31_2141,BA31_2142,BA31_2143,BA31_2144,BA31_2145,BA31_2146,BA31_2147,BA31_2148,BA31_2149,BA31_2150,BA31_2137,BA31_2237,BA31_2238,BA31_2239,BA31_2240,BA31_2241,BA31_2242,BA31_2243,BA31_2244,BA31_2245,BA31_2246,BA31_2247,BA31_2248,BA31_2249,BA31_2250,BA31_2337,BA31_2338,BA31_2339,BA31_2340,BA31_2341,BA31_2342,BA31_2343,BA31_2344,BA31_2345,BA31_2346,BA31_2347,BA31_2348,BA31_2349,BA31_2350,BA31_2336,BA31_2335,BA31_2435,BA31_2436,BA31_2437,BA31_2438,BA31_2439,BA31_2440,BA31_2441,BA31_2442,BA31_2443,BA31_2444,BA31_2445,BA31_2446,BA31_2447,BA31_2448,BA31_2449,BA31_2450,BA31_2535,BA31_2536,BA31_2537,BA31_2538,BA31_2539,BA31_2540,BA31_2541,BA31_2542,BA31_2543,BA31_2544,BA31_2545,BA31_2546,BA31_2547,BA31_2548,BA31_2549,BA31_2550,BA31_2635,BA31_2636,BA31_2637,BA31_2638,BA31_2639,BA31_2640,BA31_2641,BA31_2642,BA31_2643,BA31_2644,BA31_2645,BA31_2646,BA31_2647,BA31_2648,BA31_2649,BA31_2650,BA31_2634,BA31_2633,BA31_2733,BA31_2734,BA31_2735,BA31_2736,BA31_2737,BA31_2738,BA31_2739,BA31_2740,BA31_2741,BA31_2742,BA31_2743,BA31_2744,BA31_2745,BA31_2746,BA31_2747,BA31_2748,BA31_2749,BA31_2750,BA31_2732,BA31_2731,BA31_2730,BA31_2830,BA31_2831,BA31_2832,BA31_2833,BA31_2834,BA31_2835,BA31_2836,BA31_2837,BA31_2838,BA31_2839,BA31_2840,BA31_2841,BA31_2842,BA31_2843,BA31_2844,BA31_2845,BA31_2846,BA31_2847,BA31_2848,BA31_2849,BA31_2850,BA31_2829,BA31_2828,BA31_2827,BA31_2727,BA31_2726,BA31_2826,BA31_2626,BA31_2625,BA31_2725,BA31_2825,BA31_2624,BA31_2724,BA31_2824,BA31_2823,BA31_2723,BA31_2623,BA31_2622,BA31_2722,BA31_2822,BA31_2821,BA31_2721,BA31_2921,BA31_2922,BA31_2923,BA31_2924,BA31_2925,BA31_2926,BA31_2927,BA31_2928,BA31_2929,BA31_2930,BA31_2931,BA31_2932,BA31_2933,BA31_2934,BA31_2935,BA31_2936,BA31_2939,BA31_2940,BA31_2941,BA31_2942,BA31_2943,BA31_2944,BA31_2945,BA31_2946,BA31_2947,BA31_2948,BA31_2949,BA31_2950,BA31_3021,BA31_3022,BA31_3023,BA31_3024,BA31_3025,BA31_3026,BA31_3027,BA31_3028,BA31_3029,BA31_3030,BA31_3031,BA31_3020,BA31_3039,BA31_3040,BA31_3041,BA31_3042,BA31_3043,BA31_3044,BA31_3045,BA31_3046,BA31_3047,BA31_3048,BA31_3049,BA31_3050,BA31_3120,BA31_3121,BA31_3122,BA31_3123,BA31_3124,BA31_3125,BA31_3126,BA31_3127,BA31_3128,BA31_3129,BA31_3130,BA31_3131,BA31_3119,BA31_3140,BA31_3141,BA31_3142,BA31_3143,BA31_3144,BA31_3145,BA31_3146,BA31_3147,BA31_3148,BA31_3149,BA31_3150,BA31_3219,BA31_3220,BA31_3221,BA31_3222,BA31_3223,BA31_3224,BA31_3225,BA31_3226,BA31_3227,BA31_3228,BA31_3229,BA31_3230,BA31_3231,BA31_3218,BA31_3232,BA31_3233,BA31_3241,BA31_3242,BA31_3243,BA31_3244,BA31_3245,BA31_3246,BA31_3247,BA31_3248,BA31_3249,BA31_3250,BA31_3318,BA31_3319,BA31_3320,BA31_3321,BA31_3322,BA31_3323,BA31_3324,BA31_3325,BA31_3326,BA31_3327,BA31_3328,BA31_3329,BA31_3330,BA31_3331,BA31_3332,BA31_3333,BA31_3334,BA31_3350,BA31_3419,BA31_3420,BA31_3421,BA31_3422,BA31_3423,BA31_3424,BA31_3425,BA31_3426,BA31_3427,BA31_3428,BA31_3429,BA31_3430,BA31_3431,BA31_3432,BA31_3433,BA31_3434,BA31_3450,BA31_3449,BA31_3522,BA31_3523,BA31_3524,BA31_3525,BA31_3526,BA31_3527,BA31_3528,BA31_3529,BA31_3530,BA31_3531,BA31_3532,BA31_3533,BA31_3534,BA31_3549,BA31_3550,BA31_3548,BA31_3547,BA31_3546,BA31_3622,BA31_3623,BA31_3624,BA31_3625,BA31_3626,BA31_3627,BA31_3628,BA31_3629,BA31_3630,BA31_3631,BA31_3632,BA31_3633,BA31_3634,BA31_3621,BA31_3646,BA31_3647,BA31_3648,BA31_3649,BA31_3650,BA31_3645,BA31_3644,BA31_3643,BA31_3642,BA31_3721,BA31_3722,BA31_3723,BA31_3724,BA31_3725,BA31_3726,BA31_3727,BA31_3728,BA31_3729,BA31_3730,BA31_3731,BA31_3732,BA31_3733,BA31_3720,BA31_3719,BA31_3718,BA31_3742,BA31_3743,BA31_3744,BA31_3745,BA31_3746,BA31_3747,BA31_3748,BA31_3749,BA31_3750,BA31_3741,BA31_3818,BA31_3819,BA31_3820,BA31_3821,BA31_3822,BA31_3823,BA31_3824,BA31_3825,BA31_3826,BA31_3827,BA31_3828,BA31_3829,BA31_3830,BA31_3831,BA31_3832,BA31_3833,BA31_3817,BA31_3816,BA31_3841,BA31_3842,BA31_3843,BA31_3844,BA31_3845,BA31_3846,BA31_3847,BA31_3848,BA31_3849,BA31_3850,BA31_3917,BA31_3918,BA31_3919,BA31_3920,BA31_3921,BA31_3922,BA31_3923,BA31_3924,BA31_3925,BA31_3926,BA31_3927,BA31_3928,BA31_3929,BA31_3930,BA31_3931,BA31_3932,BA31_3933,BA31_3934,BA31_3935,BA31_3835,BA31_3936,BA31_3937,BA31_3941,BA31_3942,BA31_3943,BA31_3944,BA31_3945,BA31_3946,BA31_3947,BA31_3948,BA31_3949,BA31_3950,BA31_3940,BA31_4021,BA31_4022,BA31_4023,BA31_4024,BA31_4025,BA31_4026,BA31_4027,BA31_4028,BA31_4029,BA31_4030,BA31_4031,BA31_4032,BA31_4033,BA31_4034,BA31_4035,BA31_4036,BA31_4037,BA31_4040,BA31_4041,BA31_4042,BA31_4043,BA31_4044,BA31_4045,BA31_4046,BA31_4047,BA31_4048,BA31_4049,BA31_4050,BA31_4122,BA31_4123,BA31_4124,BA31_4125,BA31_4126,BA31_4127,BA31_4128,BA31_4129,BA31_4130,BA31_4131,BA31_4132,BA31_4133,BA31_4134,BA31_4135,BA31_4136,BA31_4137,BA31_4138,BA31_4139,BA31_4140,BA31_4141,BA31_4142,BA31_4143,BA31_4144,BA31_4145,BA31_4146,BA31_4147,BA31_4148,BA31_4149,BA31_4150,BA31_4223,BA31_4224,BA31_4225,BA31_4226,BA31_4227,BA31_4228,BA31_4229,BA31_4230,BA31_4231,BA31_4232,BA31_4233,BA31_4234,BA31_4235,BA31_4236,BA31_4237,BA31_4238,BA31_4239,BA31_4240,BA31_4241,BA31_4242,BA31_4243,BA31_4244,BA31_4245,BA31_4246,BA31_4247,BA31_4248,BA31_4249,BA31_4250,BA31_4323,BA31_4324,BA31_4325,BA31_4326,BA31_4327,BA31_4328,BA31_4329,BA31_4330,BA31_4331,BA31_4332,BA31_4333,BA31_4334,BA31_4335,BA31_4336,BA31_4337,BA31_4338,BA31_4339,BA31_4340,BA31_4341,BA31_4342,BA31_4343,BA31_4344,BA31_4345,BA31_4346,BA31_4347,BA31_4348,BA31_4349,BA31_4350,BA31_4425,BA31_4426,BA31_4427,BA31_4428,BA31_4429,BA31_4430,BA31_4431,BA31_4432,BA31_4433,BA31_4434,BA31_4435,BA31_4436,BA31_4437,BA31_4438,BA31_4439,BA31_4440,BA31_4441,BA31_4442,BA31_4443,BA31_4444,BA31_4445,BA31_4446,BA31_4447,BA31_4448,BA31_4449,BA31_4450,BA31_4526,BA31_4527,BA31_4528,BA31_4529,BA31_4530,BA31_4531,BA31_4532,BA31_4533,BA31_4534,BA31_4535,BA31_4536,BA31_4537,BA31_4538,BA31_4539,BA31_4540,BA31_4541,BA31_4542,BA31_4543,BA31_4544,BA31_4545,BA31_4546,BA31_4547,BA31_4548,BA31_4549,BA31_4550,BA31_4626,BA31_4627,BA31_4628,BA31_4629,BA31_4630,BA31_4631,BA31_4632,BA31_4633,BA31_4634,BA31_4635,BA31_4636,BA31_4637,BA31_4638,BA31_4639,BA31_4640,BA31_4641,BA31_4642,BA31_4643,BA31_4644,BA31_4645,BA31_4646,BA31_4647,BA31_4648,BA31_4649,BA31_4650,BA31_4728,BA31_4729,BA31_4730,BA31_4731,BA31_4732,BA31_4733,BA31_4734,BA31_4735,BA31_4736,BA31_4737,BA31_4738,BA31_4739,BA31_4740,BA31_4741,BA31_4742,BA31_4743,BA31_4744,BA31_4745,BA31_4746,BA31_4747,BA31_4748,BA31_4749,BA31_4750,BA31_4829,BA31_4830,BA31_4831,BA31_4832,BA31_4833,BA31_4834,BA31_4835,BA31_4836,BA31_4837,BA31_4838,BA31_4839,BA31_4840,BA31_4841,BA31_4842,BA31_4843,BA31_4844,BA31_4845,BA31_4846,BA31_4847,BA31_4848,BA31_4849,BA31_4850,BA31_4929,BA31_4930,BA31_4931,BA31_4932,BA31_4933,BA31_4934,BA31_4935,BA31_4936,BA31_4937,BA31_4938,BA31_4939,BA31_4940,BA31_4941,BA31_4928,BA31_4943,BA31_4944,BA31_4945,BA31_4946,BA31_4947,BA31_4948,BA31_4949,BA31_4950,BA31_5028,BA31_5029,BA31_5030,BA31_5031,BA31_5032,BA31_5033,BA31_5034,BA31_5035,BA31_5036,BA31_5027,BA31_5045,BA31_5046,BA31_5047,BA32_0801,BA32_0901,BA32_1001,BA32_1101,BA32_1201,BA32_1301,BA32_1401,BA32_1501,BA32_1601,BA32_1701,BA32_1801,BA32_1901,BA32_2001,BA32_2101,BA32_2201,BA32_2301,BA32_2401,BA32_2501,BA32_2601,BA32_2701,BA32_2801,BA32_2901,BA32_3001,BA32_3101,BA32_3201,BA32_3301,BA32_3401,BA32_3501,BA32_3601,BA32_3701,BA32_3801,BA32_3901,BA32_4001,BA32_4101,BA32_4201,BA32_4301,BA32_4401,BA32_4501,BA32_4601,BA32_4701,BA32_4801,BA32_4901,BA32_2402,BA32_2502,BA32_2602,BA32_2702,BA32_2802,BA32_2902,BA32_3002,BA32_3102,BA32_2302,BA32_2202,BA32_2102,BA32_2002,BA32_1902,BA32_1802,BA32_1702,BA32_1602,BA32_1502,BA32_1402,BA32_1302,BA32_1202,BA32_1102,BA32_2603,BA32_2703,BA32_2803,BA32_2903,BA32_2503,BA32_2403,BA32_2303,BA32_2203,BA32_2103,BA32_2003,BA32_1903,BA32_2904,BA32_2804,BA32_2704,BA32_2604,BA32_2504,BA32_2404,BA32_2304,BA32_2204,BA32_2104,BA32_2004,BA32_1303,BA32_1203,BA32_3402,BA32_3502,BA32_3602,BA32_3702,BA32_3802,BA32_3902,BA32_4002,BA32_4102,BA32_4202,BA32_4302,BA32_4402,BA32_4502,BA32_4602,BA32_4702,BA32_4802,BA32_4902,BA32_3503,BA32_3603,BA32_3703,BA32_3803,BA32_3903,BA32_4003,BA32_4103,BA32_4203,BA32_4303,BA32_4403,BA32_4503,BA32_4603,BA32_4703,BA32_4803,BA32_3504,BA32_3604,BA32_3704,BA32_3804,BA32_3904,BA32_4004,BA32_4104,BA32_4204,BA32_4304,BA32_4404,BA32_4504,BA32_4604,BA32_4704,BA32_4804,BA32_3605,BA32_3705,BA32_3805,BA32_3905,BA32_4005,BA32_4105,BA32_4205,BA32_4305,BA32_4405,BA32_4505,BA32_4605,BA32_4705,BA32_3505,BA32_4805,BA32_3706,BA32_3806,BA32_3906,BA32_4006,BA32_4106,BA32_4206,BA32_4306,BA32_4406,BA32_4506,BA32_4606,BA32_3606,BA32_3506,BA32_4706,BA32_4806,BA32_3507,BA32_3607,BA32_3707,BA32_3807,BA32_3907,BA32_4007,BA32_4107,BA32_4207,BA32_4307,BA32_4407,BA32_4507,BA32_4607,BA32_4707,BA32_4807,BA32_3508,BA32_3608,BA32_3708,BA32_3808,BA32_3908,BA32_4008,BA32_4108,BA32_4208,BA32_4308,BA32_4408,BA32_4508,BA32_4608,BA32_4708,BA32_4808,BA32_3809,BA32_3909,BA32_4009,BA32_4109,BA32_4209,BA32_4309,BA32_4409,BA32_4509,BA32_3709,BA32_3609,BA32_4609,BA32_4709,BA32_4809,BA32_3910,BA32_4010,BA32_4110,BA32_4210,BA32_4310,BA32_4410,BA32_4510,BA32_4610,BA32_4710,BA32_3810,BA32_3710,BA32_4810,BA32_3811,BA32_3911,BA32_4011,BA32_4111,BA32_4211,BA32_4311,BA32_4411,BA32_4511,BA32_4611,BA32_4711,BA32_3711,BA32_4811,BA32_3912,BA32_3812,BA32_4012,BA32_4112,BA32_4212,BA32_4312,BA32_4412,BA32_3712,BA32_4512,BA32_4612,BA32_4712,BA32_4812,BA32_4013,BA32_4113,BA32_4213,BA32_4313,BA32_3913,BA32_3813,BA32_4413,BA32_4513,BA32_4613,BA32_4713,BA32_3713,BA32_4813,BA32_3613,BA32_3612,BA32_3611,BA32_4014,BA32_4114,BA32_4214,BA32_4314,BA32_4414,BA32_3914,BA32_3814,BA32_3714,BA32_3614,BA32_4514,BA32_4614,BA32_4714,BA32_4814,BA32_2505,BA32_2405,BA32_2605,BA32_2705,BA32_2805,BA32_2905,BA32_3407,BA32_2806,BA32_2706,BA32_2906,BA32_2606,BA32_2506,BA32_2406,BA32_4115,BA32_4215,BA32_4315,BA32_4415,BA32_4515,BA32_4015,BA32_3915,BA32_3815,BA32_3715,BA32_3615,BA32_4615,BA32_4715,BA32_4815,BA32_4116,BA32_4216,BA32_4316,BA32_4416,BA32_4516,BA32_4616,BA32_4016,BA32_3916,BA32_3816,BA32_3716,BA32_3616,BA32_4716,BA32_4816,BA32_3005,BA32_3006,BA32_3105,BA32_3106,BA32_3206,BA32_3205,BA32_3306,BA32_3307,BA32_3207,BA32_3107,BA32_3007,BA32_2907,BA32_2807,BA32_2707,BA32_4217,BA32_4317,BA32_4117,BA32_4417,BA32_4517,BA32_4617,BA32_4717,BA32_4017,BA32_3917,BA32_3817,BA32_3717,BA32_3617,BA32_4817,BA32_2908,BA32_3008,BA32_3108,BA32_2808,BA32_3208,BA32_3308,BA32_3718,BA32_3618,BA32_3818,BA32_3918,BA32_4018,BA32_4118,BA32_4218,BA32_4318,BA32_4418,BA32_4518,BA32_4618,BA32_4718,BA32_4818,BA32_3009,BA32_2909,BA32_3109,BA32_3209,BA32_3309,BA32_3409,BA32_4219,BA32_4319,BA32_4419,BA32_4519,BA32_4119,BA32_4619,BA32_4019,BA32_3919,BA32_3819,BA32_4719,BA32_4819,BA32_3719,BA32_3619,BA32_2205,BA32_4220,BA32_4320,BA32_4420,BA32_4520,BA32_4620,BA32_4120,BA32_4720,BA32_4820,BA32_4020,BA32_3920,BA32_3820,BA32_3720,BA32_3620,BA32_3721,BA32_3621,BA32_3821,BA32_3921,BA32_4021,BA32_4121,BA32_4221,BA32_4321,BA32_4421,BA32_4521,BA32_4621,BA32_4721,BA32_4821,BA32_3210,BA32_3310,BA32_3410,BA32_3110,BA32_3010,BA32_4422,BA32_4522,BA32_4622,BA32_4322,BA32_4222,BA32_4122,BA32_4022,BA32_3922,BA32_4722,BA32_3822,BA32_3722,BA32_3622,BA32_4822,BA32_4123,BA32_4023,BA32_3923,BA32_3823,BA32_3723,BA32_4223,BA32_3623,BA32_3824,BA32_3724,BA32_3624,BA32_3924,BA32_4024,BA32_4124,BA32_3311,BA32_3211,BA32_3111,BA32_3515,BA32_3514,BA32_3522,BA32_3212,BA32_3312,BA32_4523,BA32_4623,BA32_4723,BA32_4823,BA32_4524,BA32_4624,BA32_4724,BA32_4824,BA32_4025,BA32_3925,BA32_3825,BA32_3725,BA32_4026,BA32_3926,BA32_4027,BA32_4424,BA32_4324,BA32_4625,BA32_4725,BA32_4525,BA32_4425,BA32_4825,BA32_4325,BA32_4326,BA32_4426,BA32_4526,BA32_4626,BA32_4726,BA32_4826,BA32_4527,BA32_4627,BA32_4427,BA32_4327,BA32_4727,BA32_4827,BA32_4528,BA32_4428,BA32_4628,BA32_4728,BA32_4328,BA32_4828,BA32_4629,BA32_4729,BA32_4529,BA32_4429,BA32_4329,BA32_4829,BA32_4630,BA32_4530,BA32_4430,BA32_4330,BA32_4730,BA32_4830,BA32_4228,BA32_4127,BA32_4229,BA32_4230,BA32_4128,BA32_4129,BA32_4130,BA32_4131,BA32_4231,BA32_4331,BA32_4431,BA32_4531,BA32_4631,BA32_4731,BA32_4831,BA32_4232,BA32_4132,BA32_4332,BA32_4432,BA32_4532,BA32_4632,BA32_4732,BA32_4832,BA32_4333,BA32_4433,BA32_4533,BA32_4233,BA32_4133,BA32_4633,BA32_4733,BA32_4833,BA32_4334,BA32_4234,BA32_4134,BA32_4434,BA32_4534,BA32_4634,BA32_4734,BA32_4834,BA32_4735,BA32_4635,BA32_4535,BA32_4435,BA32_4335,BA32_4235,BA32_4835,BA32_4031,BA32_4030,BA32_4029,BA32_3930,BA32_3929,BA32_3928,BA32_4636,BA32_4736,BA32_4536,BA32_4436,BA32_4336,BA32_4236,BA32_4637,BA32_4737,BA32_4537,BA32_4437,BA32_4337,BA32_3829,BA32_3830,BA32_3828,BA32_4538,BA32_4438,BA32_4638,BA32_4338,BA32_3729,BA32_3728,BA32_3730,BA32_3628,BA32_3629,BA32_4906,BA32_4907,BA32_4908,BA32_4909,BA32_4910,BA32_4911,BA32_4912,BA32_4913,BA32_4914,BA32_4915,BA32_4916,BA32_4917,BA32_4918,BA32_4919,BA32_4920,BA32_4921,BA32_4922,BA32_4923,BA32_4924,BA32_4925,BA32_4926,BA32_4927,BA32_4928,BA32_4929,BA32_4930,BA32_4931,BA32_4932,BA32_4933,BA32_5006,BA32_5007,BA32_5008,BA32_5009,BA32_5005,BA32_5004,BA32_5003,BA32_5015,BA32_5016,BA32_5017,BA32_5018,BA32_5019,BA32_5020,BA32_5021,BA32_5022,BA32_5023,BA32_5024,BA32_5025,BA32_5026,BA32_5027,BA32_5028,BA32_5029,BA32_5030,BA32_5031,BA32_5032,BA32_5033,BB31_0127,BB31_0128,BB31_0129,BB31_0130,BB31_0131,BB31_0132,BB31_0133,BB31_0134,BB31_0135,BB31_0126,BB31_0226,BB31_0227,BB31_0228,BB31_0229,BB31_0230,BB31_0231,BB31_0232,BB31_0233,BB31_0234,BB31_0326,BB31_0327,BB31_0328,BB31_0329,BB31_0330,BB31_0331,BB31_0332,BB31_0427,BB31_0428,BB31_0429,BB31_0430,BB31_0431,BB31_0432,BB31_0528,BB31_0529,BB31_0530,BB31_0628,BB32_0103,BB32_0104,BB32_0105,BB32_0106,BB32_0107,BB32_0108,BB32_0109,BB32_0102,BB32_0110,BB32_0111,BB32_0112,BB32_0113,BB32_0114,BB32_0115,BB32_0116,BB32_0117,BB32_0118,BB32_0119,BB32_0120,BB32_0121,BB32_0122,BB32_0123,BB32_0124,BB32_0125,BB32_0126,BB32_0127,BB32_0128,BB32_0129,BB32_0130,BB32_0131,BB32_0132,BB32_0133,BB32_0204,BB32_0205,BB32_0206,BB32_0207,BB32_0208,BB32_0209,BB32_0210,BB32_0211,BB32_0212,BB32_0213,BB32_0214,BB32_0215,BB32_0216,BB32_0217,BB32_0218,BB32_0219,BB32_0220,BB32_0221,BB32_0222,BB32_0223,BB32_0224,BB32_0225,BB32_0226,BB32_0227,BB32_0228,BB32_0229,BB32_0230,BB32_0231,BB32_0232,BB32_0233,BB32_0234,BB32_0305,BB32_0306,BB32_0307,BB32_0308,BB32_0309,BB32_0310,BB32_0311,BB32_0312,BB32_0313,BB32_0314,BB32_0315,BB32_0316,BB32_0317,BB32_0318,BB32_0319,BB32_0320,BB32_0321,BB32_0322,BB32_0323,BB32_0324,BB32_0325,BB32_0326,BB32_0327,BB32_0328,BB32_0329,BB32_0330,BB32_0331,BB32_0332,BB32_0333,BB32_0334,BB32_0335,BB32_0405,BB32_0406,BB32_0407,BB32_0408,BB32_0409,BB32_0410,BB32_0411,BB32_0412,BB32_0413,BB32_0414,BB32_0415,BB32_0416,BB32_0417,BB32_0418,BB32_0419,BB32_0420,BB32_0421,BB32_0422,BB32_0423,BB32_0424,BB32_0425,BB32_0426,BB32_0427,BB32_0428,BB32_0429,BB32_0430,BB32_0431,BB32_0432,BB32_0433,BB32_0434,BB32_0435,BB32_0404,BB32_0436,BB32_0504,BB32_0505,BB32_0506,BB32_0507,BB32_0508,BB32_0509,BB32_0510,BB32_0511,BB32_0512,BB32_0513,BB32_0514,BB32_0515,BB32_0516,BB32_0517,BB32_0518,BB32_0519,BB32_0520,BB32_0521,BB32_0522,BB32_0523,BB32_0524,BB32_0525,BB32_0526,BB32_0527,BB32_0528,BB32_0529,BB32_0530,BB32_0531,BB32_0532,BB32_0533,BB32_0534,BB32_0535,BB32_0503,BB32_0603,BB32_0604,BB32_0605,BB32_0606,BB32_0607,BB32_0608,BB32_0609,BB32_0610,BB32_0611,BB32_0612,BB32_0613,BB32_0614,BB32_0615,BB32_0616,BB32_0617,BB32_0618,BB32_0619,BB32_0620,BB32_0621,BB32_0622,BB32_0623,BB32_0624,BB32_0625,BB32_0626,BB32_0627,BB32_0628,BB32_0629,BB32_0630,BB32_0631,BB32_0632,BB32_0633,BB32_0634,BB32_0635,BB32_0602,BB32_0702,BB32_0703,BB32_0704,BB32_0705,BB32_0706,BB32_0707,BB32_0708,BB32_0709,BB32_0710,BB32_0701,BB32_0712,BB32_0713,BB32_0714,BB32_0715,BB32_0716,BB32_0717,BB32_0718,BB32_0719,BB32_0720,BB32_0721,BB32_0722,BB32_0723,BB32_0724,BB32_0725,BB32_0726,BB32_0727,BB32_0728,BB32_0729,BB32_0730,BB32_0731,BB32_0732,BB32_0733,BB32_0734,BB32_0735,BB32_0736,BB32_0801,BB32_0802,BB32_0803,BB32_0804,BB32_0805,BB32_0806,BB32_0807,BB32_0808,BB32_0809,BB32_0810,BB31_0850,BB31_0950,BB32_0901,BB32_0902,BB32_0903,BB32_0904,BB32_0905,BB32_0906,BB32_0907,BB32_0908,BB32_0909,BB32_0910,BB32_0817,BB32_0818,BB32_0819,BB32_0820,BB32_0821,BB32_0822,BB32_0823,BB32_0824,BB32_0825,BB32_0826,BB32_0827,BB32_0828,BB32_0829,BB32_0830,BB32_0831,BB32_0832,BB32_0833,BB32_0834,BB32_0835,BB32_0836,BB32_0816,BB32_0815,BB32_0814,BB32_0813,BB32_0812,BB32_0911,BB32_0912,BB32_0913,BB32_0914,BB32_0915,BB32_0916,BB32_0917,BB32_0918,BB32_0919,BB32_0920,BB32_0921,BB32_0922,BB32_0923,BB32_0924,BB32_0925,BB32_0926,BB32_0927,BB32_0928,BB32_0929,BB32_0933,BB32_0934,BB32_1001,BB32_1002,BB32_1003,BB32_1004,BB32_1005,BB32_1006,BB32_1007,BB32_1008,BB32_1009,BB32_1010,BB32_1011,BB32_1012,BB32_1013,BB32_1014,BB32_1015,BB32_1016,BB32_1017,BB32_1018,BB32_1019,BB32_1020,BB32_1021,BB32_1022,BB32_1023,BB32_1024,BB32_1025,BB32_1026,BB32_1027,BB32_1028,BB32_1029,BB32_1030,BB32_1031,BB32_1032,BB32_1033,BB32_1103,BB32_1104,BB32_1105,BB32_1106,BB32_1107,BB32_1108,BB32_1109,BB32_1110,BB32_1111,BB32_1112,BB32_1113,BB32_1114,BB32_1115,BB32_1116,BB32_1117,BB32_1118,BB32_1119,BB32_1120,BB32_1121,BB32_1122,BB32_1123,BB32_1124,BB32_1125,BB32_1126,BB32_1127,BB32_1128,BB32_1129,BB32_1130,BB32_1131,BB32_1132,BB32_1203,BB32_1204,BB32_1205,BB32_1206,BB32_1207,BB32_1209,BB32_1210,BB32_1211,BB32_1212,BB32_1214,BB32_1215,BB32_1216,BB32_1217,BB32_1218,BB32_1219,BB32_1220,BB32_1221,BB32_1222,BB32_1223,BB32_1224,BB32_1225,BB32_1226,BB32_1227,BB32_1228,BB32_1229,BB32_1230,BB32_1231,BB32_1232,BB32_1316,BB32_1317,BB32_1318,BB32_1319,BB32_1320,BB32_1321,BB32_1322,BB32_1323,BB32_1324,BB32_1325,BB32_1326,BB32_1327,BB32_1328,BB32_1329,BB32_1330,BB32_1331,BB32_1332,BB32_1417,BB32_1418,BB32_1419,BB32_1420,BB32_1421,BB32_1422,BB32_1423,BB32_1424,BB32_1425,BB32_1426,BB32_1427,BB32_1428,BB32_1429,BB32_1430,BB32_1431,BB32_1432,BB32_1433,BB32_1519,BB32_1520,BB32_1521,BB32_1522,BB32_1523,BB32_1524,BB32_1525,BB32_1526,BB32_1527,BB32_1528,BB32_1529,BB32_1530,BB32_1531,BB32_1532,BB32_1533,BB32_1534,BB32_1535,BB32_1536,BB32_1619,BB32_1620,BB32_1621,BB32_1622,BB32_1623,BB32_1624,BB32_1625,BB32_1626,BB32_1627,BB32_1628,BB32_1629,BB32_1630,BB32_1631,BB32_1632,BB32_1633,BB32_1634,BB32_1635,BB32_1636,BB32_1637,BB32_1719,BB32_1720,BB32_1721,BB32_1722,BB32_1723,BB32_1724,BB32_1725,BB32_1726,BB32_1727,BB32_1728,BB32_1729,BB32_1730,BB32_1731,BB32_1732,BB32_1733,BB32_1734,BB32_1735,BB32_1736,BB32_1737,BB32_1738,BB32_1739,BB32_1740,BB32_1741,BB32_1820,BB32_1821,BB32_1822,BB32_1823,BB32_1824,BB32_1825,BB32_1826,BB32_1828,BB32_1829,BB32_1830,BB32_1831,BB32_1832,BB32_1833,BB32_1834,BB32_1835,BB32_1836,BB32_1837,BB32_1838,BB32_1839,BB32_1840,BB32_1841,BB32_1925,BB32_1928,BB32_1929,BB32_1930,BB32_1931,BB32_1932,BB32_1933,BB32_1934,BB32_1935,BB32_1936,BB32_1937,BB32_1938,BB32_1939,BB32_1940,BB32_1941,BB32_1942,BB32_2030,BB32_2031,BB32_2032,BB32_2033,BB32_2034,BB32_2035,BB32_2036,BB32_2037,BB32_2038,BB32_2039,BB32_2040,BB32_2041,BB32_2042,BB32_2029,BB32_2028,BB32_2130,BB32_2131,BB32_2132,BB32_2133,BB32_2134,BB32_2135,BB32_2136,BB32_2137,BB32_2138,BB32_2139,BB32_2140,BB32_2141,BB32_2142,BB32_2129,BB32_2128,BB32_2143,BB32_2230,BB32_2231,BB32_2232,BB32_2233,BB32_2234,BB32_2235,BB32_2236,BB32_2237,BB32_2238,BB32_2239,BB32_2240,BB32_2241,BB32_2242,BB32_2229,BB32_2228,BB32_2331,BB32_2332,BB32_2333,BB32_2334,BB32_2335,BB32_2336,BB32_2330,BB32_2329,BB32_2328,BB32_2435,BB32_2436,BB32_2434,BB32_2433,BB32_2432,BB32_2533,BB32_2534,BB32_2535,BB32_2536,BB32_2532,BB32_2632,BB32_2633,BB32_2634,BB32_2635,BB32_2636,BB32_2631,BB32_2531,BB32_2637,BB32_2537,BB32_2437,BB32_2731,BB32_2732,BB32_2733,BB32_2734,BB32_2735,BB32_2736,BB32_2737,BB32_2738,BB32_2638,BB32_2538,BB32_2739,BB32_2639,BB32_2539,BB32_2831,BB32_2832,BB32_2833,BB32_2834,BB32_2835,BB32_2836,BB32_2837,BB32_2838,BB32_2839,BB32_2840,BB32_2740,BB32_2640,BB32_2931,BB32_2932,BB32_2933,BB32_2934,BB32_2935,BB32_2936,BB32_2937,BB32_2938,BB32_2939,BB32_2940,BB32_2941,BB32_2841,BB32_2741,BB32_3031,BB32_3032,BB32_3033,BB32_3034,BB32_3035,BB32_3036,BB32_3037,BB32_3038,BB32_3039,BB32_3040,BB32_3041,BB32_3042,BB32_2942,BB32_2842,BB32_2742,BB32_3139,BB32_3140,BB32_3141,BB32_3142,BB32_3240,BB32_2227,BB32_2327,BB32_3043,BB32_3133,BB32_3132,BA32_3104,BA32_4226,BA32_4227,BA32_3204,BA32_3305<BR><B>SHEET</B> = BA31,BA32,BB31,BB32<BR><B>SCALE</B> = 1000<BR><B>CLOSED</B> = YES<BR><B>BORDER_STY</B> = Solid<BR><B>BORDER_COL</B> = RGB(0,0,0)<BR><B>BORDER_WID</B> = 1<BR><B>FILL_STYLE</B> = No Fill<BR><B>LABEL_POS</B> = 1755760.000,5940600.000,1755760.000,5939880.000,1755280.000,5939880.000,1755280.000,5939160.000,1755760.000,5939160.000,1754800.000,5939160.000,1754320.000,5939160.000,1754320.000,5938440.000,1754800.000,5938440.000,1755280.000,5938440.000,1755760.000,5938440.000,1753840.000,5938440.000,1753360.000,5938440.000,1753360.000,5937720.000,1753840.000,5937720.000,1754320.000,5937720.000,1754800.000,5937720.000,1755280.000,5937720.000,1755760.000,5937720.000,1753360.000,5937000.000,1753840.000,5937000.000,1754320.000,5937000.000,1754800.000,5937000.000,1755280.000,5937000.000,1755760.000,5937000.000,1753360.000,5936280.000,1753840.000,5936280.000,1754320.000,5936280.000,1754800.000,5936280.000,1755280.000,5936280.000,1755760.000,5936280.000,1752880.000,5936280.000,1752400.000,5936280.000,1752400.000,5935560.000,1752880.000,5935560.000,1753360.000,5935560.000,1753840.000,5935560.000,1754320.000,5935560.000,1754800.000,5935560.000,1755280.000,5935560.000,1755760.000,5935560.000,1751920.000,5935560.000,1751440.000,5935560.000,1751440.000,5934840.000,1751920.000,5934840.000,1752400.000,5934840.000,1752880.000,5934840.000,1753360.000,5934840.000,1753840.000,5934840.000,1754320.000,5934840.000,1754800.000,5934840.000,1755280.000,5934840.000,1755760.000,5934840.000,1750960.000,5934840.000,1750480.000,5934840.000,1750000.000,5934840.000,1750480.000,5934120.000,1750960.000,5934120.000,1751440.000,5934120.000,1751920.000,5934120.000,1752400.000,5934120.000,1752880.000,5934120.000,1753360.000,5934120.000,1753840.000,5934120.000,1754320.000,5934120.000,1754800.000,5934120.000,1755280.000,5934120.000,1755760.000,5934120.000,1750480.000,5933400.000,1750960.000,5933400.000,1751440.000,5933400.000,1751920.000,5933400.000,1752400.000,5933400.000,1752880.000,5933400.000,1753360.000,5933400.000,1753840.000,5933400.000,1754320.000,5933400.000,1754800.000,5933400.000,1755280.000,5933400.000,1755760.000,5933400.000,1750480.000,5932680.000,1750960.000,5932680.000,1751440.000,5932680.000,1751920.000,5932680.000,1752400.000,5932680.000,1752880.000,5932680.000,1753360.000,5932680.000,1753840.000,5932680.000,1754320.000,5932680.000,1754800.000,5932680.000,1755280.000,5932680.000,1755760.000,5932680.000,1750000.000,5932680.000,1750000.000,5931960.000,1750480.000,5931960.000,1750960.000,5931960.000,1751440.000,5931960.000,1751920.000,5931960.000,1752400.000,5931960.000,1752880.000,5931960.000,1753360.000,5931960.000,1753840.000,5931960.000,1754320.000,5931960.000,1754800.000,5931960.000,1755280.000,5931960.000,1755760.000,5931960.000,1750000.000,5931240.000,1750480.000,5931240.000,1750960.000,5931240.000,1751440.000,5931240.000,1751920.000,5931240.000,1752400.000,5931240.000,1752880.000,5931240.000,1753360.000,5931240.000,1753840.000,5931240.000,1754320.000,5931240.000,1754800.000,5931240.000,1755280.000,5931240.000,1755760.000,5931240.000,1749520.000,5931240.000,1749520.000,5930520.000,1750000.000,5930520.000,1750480.000,5930520.000,1750960.000,5930520.000,1751440.000,5930520.000,1751920.000,5930520.000,1752400.000,5930520.000,1752880.000,5930520.000,1753360.000,5930520.000,1753840.000,5930520.000,1754320.000,5930520.000,1754800.000,5930520.000,1755280.000,5930520.000,1755760.000,5930520.000,1749520.000,5929800.000,1750000.000,5929800.000,1750480.000,5929800.000,1750960.000,5929800.000,1751440.000,5929800.000,1751920.000,5929800.000,1752400.000,5929800.000,1752880.000,5929800.000,1753360.000,5929800.000,1753840.000,5929800.000,1754320.000,5929800.000,1754800.000,5929800.000,1755280.000,5929800.000,1755760.000,5929800.000,1749040.000,5929800.000,1748560.000,5929800.000,1748560.000,5929080.000,1749040.000,5929080.000,1749520.000,5929080.000,1750000.000,5929080.000,1750480.000,5929080.000,1750960.000,5929080.000,1751440.000,5929080.000,1751920.000,5929080.000,1752400.000,5929080.000,1752880.000,5929080.000,1753360.000,5929080.000,1753840.000,5929080.000,1754320.000,5929080.000,1754800.000,5929080.000,1755280.000,5929080.000,1755760.000,5929080.000,1748560.000,5928360.000,1749040.000,5928360.000,1749520.000,5928360.000,1750000.000,5928360.000,1750480.000,5928360.000,1750960.000,5928360.000,1751440.000,5928360.000,1751920.000,5928360.000,1752400.000,5928360.000,1752880.000,5928360.000,1753360.000,5928360.000,1753840.000,5928360.000,1754320.000,5928360.000,1754800.000,5928360.000,1755280.000,5928360.000,1755760.000,5928360.000,1748560.000,5927640.000,1749040.000,5927640.000,1749520.000,5927640.000,1750000.000,5927640.000,1750480.000,5927640.000,1750960.000,5927640.000,1751440.000,5927640.000,1751920.000,5927640.000,1752400.000,5927640.000,1752880.000,5927640.000,1753360.000,5927640.000,1753840.000,5927640.000,1754320.000,5927640.000,1754800.000,5927640.000,1755280.000,5927640.000,1755760.000,5927640.000,1748080.000,5927640.000,1747600.000,5927640.000,1747600.000,5926920.000,1748080.000,5926920.000,1748560.000,5926920.000,1749040.000,5926920.000,1749520.000,5926920.000,1750000.000,5926920.000,1750480.000,5926920.000,1750960.000,5926920.000,1751440.000,5926920.000,1751920.000,5926920.000,1752400.000,5926920.000,1752880.000,5926920.000,1753360.000,5926920.000,1753840.000,5926920.000,1754320.000,5926920.000,1754800.000,5926920.000,1755280.000,5926920.000,1755760.000,5926920.000,1747120.000,5926920.000,1746640.000,5926920.000,1746160.000,5926920.000,1746160.000,5926200.000,1746640.000,5926200.000,1747120.000,5926200.000,1747600.000,5926200.000,1748080.000,5926200.000,1748560.000,5926200.000,1749040.000,5926200.000,1749520.000,5926200.000,1750000.000,5926200.000,1750480.000,5926200.000,1750960.000,5926200.000,1751440.000,5926200.000,1751920.000,5926200.000,1752400.000,5926200.000,1752880.000,5926200.000,1753360.000,5926200.000,1753840.000,5926200.000,1754320.000,5926200.000,1754800.000,5926200.000,1755280.000,5926200.000,1755760.000,5926200.000,1745680.000,5926200.000,1745200.000,5926200.000,1744720.000,5926200.000,1744720.000,5926920.000,1744240.000,5926920.000,1744240.000,5926200.000,1744240.000,5927640.000,1743760.000,5927640.000,1743760.000,5926920.000,1743760.000,5926200.000,1743280.000,5927640.000,1743280.000,5926920.000,1743280.000,5926200.000,1742800.000,5926200.000,1742800.000,5926920.000,1742800.000,5927640.000,1742320.000,5927640.000,1742320.000,5926920.000,1742320.000,5926200.000,1741840.000,5926200.000,1741840.000,5926920.000,1741840.000,5925480.000,1742320.000,5925480.000,1742800.000,5925480.000,1743280.000,5925480.000,1743760.000,5925480.000,1744240.000,5925480.000,1744720.000,5925480.000,1745200.000,5925480.000,1745680.000,5925480.000,1746160.000,5925480.000,1746640.000,5925480.000,1747120.000,5925480.000,1747600.000,5925480.000,1748080.000,5925480.000,1748560.000,5925480.000,1749040.000,5925480.000,1750480.000,5925480.000,1750960.000,5925480.000,1751440.000,5925480.000,1751920.000,5925480.000,1752400.000,5925480.000,1752880.000,5925480.000,1753360.000,5925480.000,1753840.000,5925480.000,1754320.000,5925480.000,1754800.000,5925480.000,1755280.000,5925480.000,1755760.000,5925480.000,1741840.000,5924760.000,1742320.000,5924760.000,1742800.000,5924760.000,1743280.000,5924760.000,1743760.000,5924760.000,1744240.000,5924760.000,1744720.000,5924760.000,1745200.000,5924760.000,1745680.000,5924760.000,1746160.000,5924760.000,1746640.000,5924760.000,1741360.000,5924760.000,1750480.000,5924760.000,1750960.000,5924760.000,1751440.000,5924760.000,1751920.000,5924760.000,1752400.000,5924760.000,1752880.000,5924760.000,1753360.000,5924760.000,1753840.000,5924760.000,1754320.000,5924760.000,1754800.000,5924760.000,1755280.000,5924760.000,1755760.000,5924760.000,1741360.000,5924040.000,1741840.000,5924040.000,1742320.000,5924040.000,1742800.000,5924040.000,1743280.000,5924040.000,1743760.000,5924040.000,1744240.000,5924040.000,1744720.000,5924040.000,1745200.000,5924040.000,1745680.000,5924040.000,1746160.000,5924040.000,1746640.000,5924040.000,1740880.000,5924040.000,1750960.000,5924040.000,1751440.000,5924040.000,1751920.000,5924040.000,1752400.000,5924040.000,1752880.000,5924040.000,1753360.000,5924040.000,1753840.000,5924040.000,1754320.000,5924040.000,1754800.000,5924040.000,1755280.000,5924040.000,1755760.000,5924040.000,1740880.000,5923320.000,1741360.000,5923320.000,1741840.000,5923320.000,1742320.000,5923320.000,1742800.000,5923320.000,1743280.000,5923320.000,1743760.000,5923320.000,1744240.000,5923320.000,1744720.000,5923320.000,1745200.000,5923320.000,1745680.000,5923320.000,1746160.000,5923320.000,1746640.000,5923320.000,1740400.000,5923320.000,1747120.000,5923320.000,1747600.000,5923320.000,1751440.000,5923320.000,1751920.000,5923320.000,1752400.000,5923320.000,1752880.000,5923320.000,1753360.000,5923320.000,1753840.000,5923320.000,1754320.000,5923320.000,1754800.000,5923320.000,1755280.000,5923320.000,1755760.000,5923320.000,1740400.000,5922600.000,1740880.000,5922600.000,1741360.000,5922600.000,1741840.000,5922600.000,1742320.000,5922600.000,1742800.000,5922600.000,1743280.000,5922600.000,1743760.000,5922600.000,1744240.000,5922600.000,1744720.000,5922600.000,1745200.000,5922600.000,1745680.000,5922600.000,1746160.000,5922600.000,1746640.000,5922600.000,1747120.000,5922600.000,1747600.000,5922600.000,1748080.000,5922600.000,1755760.000,5922600.000,1740880.000,5921880.000,1741360.000,5921880.000,1741840.000,5921880.000,1742320.000,5921880.000,1742800.000,5921880.000,1743280.000,5921880.000,1743760.000,5921880.000,1744240.000,5921880.000,1744720.000,5921880.000,1745200.000,5921880.000,1745680.000,5921880.000,1746160.000,5921880.000,1746640.000,5921880.000,1747120.000,5921880.000,1747600.000,5921880.000,1748080.000,5921880.000,1755760.000,5921880.000,1755280.000,5921880.000,1742320.000,5921160.000,1742800.000,5921160.000,1743280.000,5921160.000,1743760.000,5921160.000,1744240.000,5921160.000,1744720.000,5921160.000,1745200.000,5921160.000,1745680.000,5921160.000,1746160.000,5921160.000,1746640.000,5921160.000,1747120.000,5921160.000,1747600.000,5921160.000,1748080.000,5921160.000,1755280.000,5921160.000,1755760.000,5921160.000,1754800.000,5921160.000,1754320.000,5921160.000,1753840.000,5921160.000,1742320.000,5920440.000,1742800.000,5920440.000,1743280.000,5920440.000,1743760.000,5920440.000,1744240.000,5920440.000,1744720.000,5920440.000,1745200.000,5920440.000,1745680.000,5920440.000,1746160.000,5920440.000,1746640.000,5920440.000,1747120.000,5920440.000,1747600.000,5920440.000,1748080.000,5920440.000,1741840.000,5920440.000,1753840.000,5920440.000,1754320.000,5920440.000,1754800.000,5920440.000,1755280.000,5920440.000,1755760.000,5920440.000,1753360.000,5920440.000,1752880.000,5920440.000,1752400.000,5920440.000,1751920.000,5920440.000,1741840.000,5919720.000,1742320.000,5919720.000,1742800.000,5919720.000,1743280.000,5919720.000,1743760.000,5919720.000,1744240.000,5919720.000,1744720.000,5919720.000,1745200.000,5919720.000,1745680.000,5919720.000,1746160.000,5919720.000,1746640.000,5919720.000,1747120.000,5919720.000,1747600.000,5919720.000,1741360.000,5919720.000,1740880.000,5919720.000,1740400.000,5919720.000,1751920.000,5919720.000,1752400.000,5919720.000,1752880.000,5919720.000,1753360.000,5919720.000,1753840.000,5919720.000,1754320.000,5919720.000,1754800.000,5919720.000,1755280.000,5919720.000,1755760.000,5919720.000,1751440.000,5919720.000,1740400.000,5919000.000,1740880.000,5919000.000,1741360.000,5919000.000,1741840.000,5919000.000,1742320.000,5919000.000,1742800.000,5919000.000,1743280.000,5919000.000,1743760.000,5919000.000,1744240.000,5919000.000,1744720.000,5919000.000,1745200.000,5919000.000,1745680.000,5919000.000,1746160.000,5919000.000,1746640.000,5919000.000,1747120.000,5919000.000,1747600.000,5919000.000,1739920.000,5919000.000,1739440.000,5919000.000,1751440.000,5919000.000,1751920.000,5919000.000,1752400.000,5919000.000,1752880.000,5919000.000,1753360.000,5919000.000,1753840.000,5919000.000,1754320.000,5919000.000,1754800.000,5919000.000,1755280.000,5919000.000,1755760.000,5919000.000,1739920.000,5918280.000,1740400.000,5918280.000,1740880.000,5918280.000,1741360.000,5918280.000,1741840.000,5918280.000,1742320.000,5918280.000,1742800.000,5918280.000,1743280.000,5918280.000,1743760.000,5918280.000,1744240.000,5918280.000,1744720.000,5918280.000,1745200.000,5918280.000,1745680.000,5918280.000,1746160.000,5918280.000,1746640.000,5918280.000,1747120.000,5918280.000,1747600.000,5918280.000,1748080.000,5918280.000,1748560.000,5918280.000,1748560.000,5919000.000,1749040.000,5918280.000,1749520.000,5918280.000,1751440.000,5918280.000,1751920.000,5918280.000,1752400.000,5918280.000,1752880.000,5918280.000,1753360.000,5918280.000,1753840.000,5918280.000,1754320.000,5918280.000,1754800.000,5918280.000,1755280.000,5918280.000,1755760.000,5918280.000,1750960.000,5918280.000,1741840.000,5917560.000,1742320.000,5917560.000,1742800.000,5917560.000,1743280.000,5917560.000,1743760.000,5917560.000,1744240.000,5917560.000,1744720.000,5917560.000,1745200.000,5917560.000,1745680.000,5917560.000,1746160.000,5917560.000,1746640.000,5917560.000,1747120.000,5917560.000,1747600.000,5917560.000,1748080.000,5917560.000,1748560.000,5917560.000,1749040.000,5917560.000,1749520.000,5917560.000,1750960.000,5917560.000,1751440.000,5917560.000,1751920.000,5917560.000,1752400.000,5917560.000,1752880.000,5917560.000,1753360.000,5917560.000,1753840.000,5917560.000,1754320.000,5917560.000,1754800.000,5917560.000,1755280.000,5917560.000,1755760.000,5917560.000,1742320.000,5916840.000,1742800.000,5916840.000,1743280.000,5916840.000,1743760.000,5916840.000,1744240.000,5916840.000,1744720.000,5916840.000,1745200.000,5916840.000,1745680.000,5916840.000,1746160.000,5916840.000,1746640.000,5916840.000,1747120.000,5916840.000,1747600.000,5916840.000,1748080.000,5916840.000,1748560.000,5916840.000,1749040.000,5916840.000,1749520.000,5916840.000,1750000.000,5916840.000,1750480.000,5916840.000,1750960.000,5916840.000,1751440.000,5916840.000,1751920.000,5916840.000,1752400.000,5916840.000,1752880.000,5916840.000,1753360.000,5916840.000,1753840.000,5916840.000,1754320.000,5916840.000,1754800.000,5916840.000,1755280.000,5916840.000,1755760.000,5916840.000,1742800.000,5916120.000,1743280.000,5916120.000,1743760.000,5916120.000,1744240.000,5916120.000,1744720.000,5916120.000,1745200.000,5916120.000,1745680.000,5916120.000,1746160.000,5916120.000,1746640.000,5916120.000,1747120.000,5916120.000,1747600.000,5916120.000,1748080.000,5916120.000,1748560.000,5916120.000,1749040.000,5916120.000,1749520.000,5916120.000,1750000.000,5916120.000,1750480.000,5916120.000,1750960.000,5916120.000,1751440.000,5916120.000,1751920.000,5916120.000,1752400.000,5916120.000,1752880.000,5916120.000,1753360.000,5916120.000,1753840.000,5916120.000,1754320.000,5916120.000,1754800.000,5916120.000,1755280.000,5916120.000,1755760.000,5916120.000,1742800.000,5915400.000,1743280.000,5915400.000,1743760.000,5915400.000,1744240.000,5915400.000,1744720.000,5915400.000,1745200.000,5915400.000,1745680.000,5915400.000,1746160.000,5915400.000,1746640.000,5915400.000,1747120.000,5915400.000,1747600.000,5915400.000,1748080.000,5915400.000,1748560.000,5915400.000,1749040.000,5915400.000,1749520.000,5915400.000,1750000.000,5915400.000,1750480.000,5915400.000,1750960.000,5915400.000,1751440.000,5915400.000,1751920.000,5915400.000,1752400.000,5915400.000,1752880.000,5915400.000,1753360.000,5915400.000,1753840.000,5915400.000,1754320.000,5915400.000,1754800.000,5915400.000,1755280.000,5915400.000,1755760.000,5915400.000,1743760.000,5914680.000,1744240.000,5914680.000,1744720.000,5914680.000,1745200.000,5914680.000,1745680.000,5914680.000,1746160.000,5914680.000,1746640.000,5914680.000,1747120.000,5914680.000,1747600.000,5914680.000,1748080.000,5914680.000,1748560.000,5914680.000,1749040.000,5914680.000,1749520.000,5914680.000,1750000.000,5914680.000,1750480.000,5914680.000,1750960.000,5914680.000,1751440.000,5914680.000,1751920.000,5914680.000,1752400.000,5914680.000,1752880.000,5914680.000,1753360.000,5914680.000,1753840.000,5914680.000,1754320.000,5914680.000,1754800.000,5914680.000,1755280.000,5914680.000,1755760.000,5914680.000,1744240.000,5913960.000,1744720.000,5913960.000,1745200.000,5913960.000,1745680.000,5913960.000,1746160.000,5913960.000,1746640.000,5913960.000,1747120.000,5913960.000,1747600.000,5913960.000,1748080.000,5913960.000,1748560.000,5913960.000,1749040.000,5913960.000,1749520.000,5913960.000,1750000.000,5913960.000,1750480.000,5913960.000,1750960.000,5913960.000,1751440.000,5913960.000,1751920.000,5913960.000,1752400.000,5913960.000,1752880.000,5913960.000,1753360.000,5913960.000,1753840.000,5913960.000,1754320.000,5913960.000,1754800.000,5913960.000,1755280.000,5913960.000,1755760.000,5913960.000,1744240.000,5913240.000,1744720.000,5913240.000,1745200.000,5913240.000,1745680.000,5913240.000,1746160.000,5913240.000,1746640.000,5913240.000,1747120.000,5913240.000,1747600.000,5913240.000,1748080.000,5913240.000,1748560.000,5913240.000,1749040.000,5913240.000,1749520.000,5913240.000,1750000.000,5913240.000,1750480.000,5913240.000,1750960.000,5913240.000,1751440.000,5913240.000,1751920.000,5913240.000,1752400.000,5913240.000,1752880.000,5913240.000,1753360.000,5913240.000,1753840.000,5913240.000,1754320.000,5913240.000,1754800.000,5913240.000,1755280.000,5913240.000,1755760.000,5913240.000,1745200.000,5912520.000,1745680.000,5912520.000,1746160.000,5912520.000,1746640.000,5912520.000,1747120.000,5912520.000,1747600.000,5912520.000,1748080.000,5912520.000,1748560.000,5912520.000,1749040.000,5912520.000,1749520.000,5912520.000,1750000.000,5912520.000,1750480.000,5912520.000,1750960.000,5912520.000,1751440.000,5912520.000,1751920.000,5912520.000,1752400.000,5912520.000,1752880.000,5912520.000,1753360.000,5912520.000,1753840.000,5912520.000,1754320.000,5912520.000,1754800.000,5912520.000,1755280.000,5912520.000,1755760.000,5912520.000,1745680.000,5911800.000,1746160.000,5911800.000,1746640.000,5911800.000,1747120.000,5911800.000,1747600.000,5911800.000,1748080.000,5911800.000,1748560.000,5911800.000,1749040.000,5911800.000,1749520.000,5911800.000,1750000.000,5911800.000,1750480.000,5911800.000,1750960.000,5911800.000,1751440.000,5911800.000,1751920.000,5911800.000,1752400.000,5911800.000,1752880.000,5911800.000,1753360.000,5911800.000,1753840.000,5911800.000,1754320.000,5911800.000,1754800.000,5911800.000,1755280.000,5911800.000,1755760.000,5911800.000,1745680.000,5911080.000,1746160.000,5911080.000,1746640.000,5911080.000,1747120.000,5911080.000,1747600.000,5911080.000,1748080.000,5911080.000,1748560.000,5911080.000,1749040.000,5911080.000,1749520.000,5911080.000,1750000.000,5911080.000,1750480.000,5911080.000,1750960.000,5911080.000,1751440.000,5911080.000,1745200.000,5911080.000,1752400.000,5911080.000,1752880.000,5911080.000,1753360.000,5911080.000,1753840.000,5911080.000,1754320.000,5911080.000,1754800.000,5911080.000,1755280.000,5911080.000,1755760.000,5911080.000,1745200.000,5910360.000,1745680.000,5910360.000,1746160.000,5910360.000,1746640.000,5910360.000,1747120.000,5910360.000,1747600.000,5910360.000,1748080.000,5910360.000,1748560.000,5910360.000,1749040.000,5910360.000,1744720.000,5910360.000,1753360.000,5910360.000,1753840.000,5910360.000,1754320.000,5910360.000,1756240.000,5940600.000,1756240.000,5939880.000,1756240.000,5939160.000,1756240.000,5938440.000,1756240.000,5937720.000,1756240.000,5937000.000,1756240.000,5936280.000,1756240.000,5935560.000,1756240.000,5934840.000,1756240.000,5934120.000,1756240.000,5933400.000,1756240.000,5932680.000,1756240.000,5931960.000,1756240.000,5931240.000,1756240.000,5930520.000,1756240.000,5929800.000,1756240.000,5929080.000,1756240.000,5928360.000,1756240.000,5927640.000,1756240.000,5926920.000,1756240.000,5926200.000,1756240.000,5925480.000,1756240.000,5924760.000,1756240.000,5924040.000,1756240.000,5923320.000,1756240.000,5922600.000,1756240.000,5921880.000,1756240.000,5921160.000,1756240.000,5920440.000,1756240.000,5919720.000,1756240.000,5919000.000,1756240.000,5918280.000,1756240.000,5917560.000,1756240.000,5916840.000,1756240.000,5916120.000,1756240.000,5915400.000,1756240.000,5914680.000,1756240.000,5913960.000,1756240.000,5913240.000,1756240.000,5912520.000,1756240.000,5911800.000,1756240.000,5911080.000,1756720.000,5929080.000,1756720.000,5928360.000,1756720.000,5927640.000,1756720.000,5926920.000,1756720.000,5926200.000,1756720.000,5925480.000,1756720.000,5924760.000,1756720.000,5924040.000,1756720.000,5929800.000,1756720.000,5930520.000,1756720.000,5931240.000,1756720.000,5931960.000,1756720.000,5932680.000,1756720.000,5933400.000,1756720.000,5934120.000,1756720.000,5934840.000,1756720.000,5935560.000,1756720.000,5936280.000,1756720.000,5937000.000,1756720.000,5937720.000,1756720.000,5938440.000,1757200.000,5927640.000,1757200.000,5926920.000,1757200.000,5926200.000,1757200.000,5925480.000,1757200.000,5928360.000,1757200.000,5929080.000,1757200.000,5929800.000,1757200.000,5930520.000,1757200.000,5931240.000,1757200.000,5931960.000,1757200.000,5932680.000,1757680.000,5925480.000,1757680.000,5926200.000,1757680.000,5926920.000,1757680.000,5927640.000,1757680.000,5928360.000,1757680.000,5929080.000,1757680.000,5929800.000,1757680.000,5930520.000,1757680.000,5931240.000,1757680.000,5931960.000,1757200.000,5937000.000,1757200.000,5937720.000,1756720.000,5921880.000,1756720.000,5921160.000,1756720.000,5920440.000,1756720.000,5919720.000,1756720.000,5919000.000,1756720.000,5918280.000,1756720.000,5917560.000,1756720.000,5916840.000,1756720.000,5916120.000,1756720.000,5915400.000,1756720.000,5914680.000,1756720.000,5913960.000,1756720.000,5913240.000,1756720.000,5912520.000,1756720.000,5911800.000,1756720.000,5911080.000,1757200.000,5921160.000,1757200.000,5920440.000,1757200.000,5919720.000,1757200.000,5919000.000,1757200.000,5918280.000,1757200.000,5917560.000,1757200.000,5916840.000,1757200.000,5916120.000,1757200.000,5915400.000,1757200.000,5914680.000,1757200.000,5913960.000,1757200.000,5913240.000,1757200.000,5912520.000,1757200.000,5911800.000,1757680.000,5921160.000,1757680.000,5920440.000,1757680.000,5919720.000,1757680.000,5919000.000,1757680.000,5918280.000,1757680.000,5917560.000,1757680.000,5916840.000,1757680.000,5916120.000,1757680.000,5915400.000,1757680.000,5914680.000,1757680.000,5913960.000,1757680.000,5913240.000,1757680.000,5912520.000,1757680.000,5911800.000,1758160.000,5920440.000,1758160.000,5919720.000,1758160.000,5919000.000,1758160.000,5918280.000,1758160.000,5917560.000,1758160.000,5916840.000,1758160.000,5916120.000,1758160.000,5915400.000,1758160.000,5914680.000,1758160.000,5913960.000,1758160.000,5913240.000,1758160.000,5912520.000,1758160.000,5921160.000,1758160.000,5911800.000,1758640.000,5919720.000,1758640.000,5919000.000,1758640.000,5918280.000,1758640.000,5917560.000,1758640.000,5916840.000,1758640.000,5916120.000,1758640.000,5915400.000,1758640.000,5914680.000,1758640.000,5913960.000,1758640.000,5913240.000,1758640.000,5920440.000,1758640.000,5921160.000,1758640.000,5912520.000,1758640.000,5911800.000,1759120.000,5921160.000,1759120.000,5920440.000,1759120.000,5919720.000,1759120.000,5919000.000,1759120.000,5918280.000,1759120.000,5917560.000,1759120.000,5916840.000,1759120.000,5916120.000,1759120.000,5915400.000,1759120.000,5914680.000,1759120.000,5913960.000,1759120.000,5913240.000,1759120.000,5912520.000,1759120.000,5911800.000,1759600.000,5921160.000,1759600.000,5920440.000,1759600.000,5919720.000,1759600.000,5919000.000,1759600.000,5918280.000,1759600.000,5917560.000,1759600.000,5916840.000,1759600.000,5916120.000,1759600.000,5915400.000,1759600.000,5914680.000,1759600.000,5913960.000,1759600.000,5913240.000,1759600.000,5912520.000,1759600.000,5911800.000,1760080.000,5919000.000,1760080.000,5918280.000,1760080.000,5917560.000,1760080.000,5916840.000,1760080.000,5916120.000,1760080.000,5915400.000,1760080.000,5914680.000,1760080.000,5913960.000,1760080.000,5919720.000,1760080.000,5920440.000,1760080.000,5913240.000,1760080.000,5912520.000,1760080.000,5911800.000,1760560.000,5918280.000,1760560.000,5917560.000,1760560.000,5916840.000,1760560.000,5916120.000,1760560.000,5915400.000,1760560.000,5914680.000,1760560.000,5913960.000,1760560.000,5913240.000,1760560.000,5912520.000,1760560.000,5919000.000,1760560.000,5919720.000,1760560.000,5911800.000,1761040.000,5919000.000,1761040.000,5918280.000,1761040.000,5917560.000,1761040.000,5916840.000,1761040.000,5916120.000,1761040.000,5915400.000,1761040.000,5914680.000,1761040.000,5913960.000,1761040.000,5913240.000,1761040.000,5912520.000,1761040.000,5919720.000,1761040.000,5911800.000,1761520.000,5918280.000,1761520.000,5919000.000,1761520.000,5917560.000,1761520.000,5916840.000,1761520.000,5916120.000,1761520.000,5915400.000,1761520.000,5914680.000,1761520.000,5919720.000,1761520.000,5913960.000,1761520.000,5913240.000,1761520.000,5912520.000,1761520.000,5911800.000,1762000.000,5917560.000,1762000.000,5916840.000,1762000.000,5916120.000,1762000.000,5915400.000,1762000.000,5918280.000,1762000.000,5919000.000,1762000.000,5914680.000,1762000.000,5913960.000,1762000.000,5913240.000,1762000.000,5912520.000,1762000.000,5919720.000,1762000.000,5911800.000,1762000.000,5920440.000,1761520.000,5920440.000,1761040.000,5920440.000,1762480.000,5917560.000,1762480.000,5916840.000,1762480.000,5916120.000,1762480.000,5915400.000,1762480.000,5914680.000,1762480.000,5918280.000,1762480.000,5919000.000,1762480.000,5919720.000,1762480.000,5920440.000,1762480.000,5913960.000,1762480.000,5913240.000,1762480.000,5912520.000,1762480.000,5911800.000,1758160.000,5928360.000,1758160.000,5929080.000,1758160.000,5927640.000,1758160.000,5926920.000,1758160.000,5926200.000,1758160.000,5925480.000,1759120.000,5921880.000,1758640.000,5926200.000,1758640.000,5926920.000,1758640.000,5925480.000,1758640.000,5927640.000,1758640.000,5928360.000,1758640.000,5929080.000,1762960.000,5916840.000,1762960.000,5916120.000,1762960.000,5915400.000,1762960.000,5914680.000,1762960.000,5913960.000,1762960.000,5917560.000,1762960.000,5918280.000,1762960.000,5919000.000,1762960.000,5919720.000,1762960.000,5920440.000,1762960.000,5913240.000,1762960.000,5912520.000,1762960.000,5911800.000,1763440.000,5916840.000,1763440.000,5916120.000,1763440.000,5915400.000,1763440.000,5914680.000,1763440.000,5913960.000,1763440.000,5913240.000,1763440.000,5917560.000,1763440.000,5918280.000,1763440.000,5919000.000,1763440.000,5919720.000,1763440.000,5920440.000,1763440.000,5912520.000,1763440.000,5911800.000,1758160.000,5924760.000,1758640.000,5924760.000,1758160.000,5924040.000,1758640.000,5924040.000,1758640.000,5923320.000,1758160.000,5923320.000,1758640.000,5922600.000,1759120.000,5922600.000,1759120.000,5923320.000,1759120.000,5924040.000,1759120.000,5924760.000,1759120.000,5925480.000,1759120.000,5926200.000,1759120.000,5926920.000,1763920.000,5916120.000,1763920.000,5915400.000,1763920.000,5916840.000,1763920.000,5914680.000,1763920.000,5913960.000,1763920.000,5913240.000,1763920.000,5912520.000,1763920.000,5917560.000,1763920.000,5918280.000,1763920.000,5919000.000,1763920.000,5919720.000,1763920.000,5920440.000,1763920.000,5911800.000,1759600.000,5925480.000,1759600.000,5924760.000,1759600.000,5924040.000,1759600.000,5926200.000,1759600.000,5923320.000,1759600.000,5922600.000,1764400.000,5919720.000,1764400.000,5920440.000,1764400.000,5919000.000,1764400.000,5918280.000,1764400.000,5917560.000,1764400.000,5916840.000,1764400.000,5916120.000,1764400.000,5915400.000,1764400.000,5914680.000,1764400.000,5913960.000,1764400.000,5913240.000,1764400.000,5912520.000,1764400.000,5911800.000,1760080.000,5924760.000,1760080.000,5925480.000,1760080.000,5924040.000,1760080.000,5923320.000,1760080.000,5922600.000,1760080.000,5921880.000,1764880.000,5916120.000,1764880.000,5915400.000,1764880.000,5914680.000,1764880.000,5913960.000,1764880.000,5916840.000,1764880.000,5913240.000,1764880.000,5917560.000,1764880.000,5918280.000,1764880.000,5919000.000,1764880.000,5912520.000,1764880.000,5911800.000,1764880.000,5919720.000,1764880.000,5920440.000,1758160.000,5930520.000,1765360.000,5916120.000,1765360.000,5915400.000,1765360.000,5914680.000,1765360.000,5913960.000,1765360.000,5913240.000,1765360.000,5916840.000,1765360.000,5912520.000,1765360.000,5911800.000,1765360.000,5917560.000,1765360.000,5918280.000,1765360.000,5919000.000,1765360.000,5919720.000,1765360.000,5920440.000,1765840.000,5919720.000,1765840.000,5920440.000,1765840.000,5919000.000,1765840.000,5918280.000,1765840.000,5917560.000,1765840.000,5916840.000,1765840.000,5916120.000,1765840.000,5915400.000,1765840.000,5914680.000,1765840.000,5913960.000,1765840.000,5913240.000,1765840.000,5912520.000,1765840.000,5911800.000,1760560.000,5923320.000,1760560.000,5922600.000,1760560.000,5921880.000,1760560.000,5924040.000,1760560.000,5924760.000,1766320.000,5914680.000,1766320.000,5913960.000,1766320.000,5913240.000,1766320.000,5915400.000,1766320.000,5916120.000,1766320.000,5916840.000,1766320.000,5917560.000,1766320.000,5918280.000,1766320.000,5912520.000,1766320.000,5919000.000,1766320.000,5919720.000,1766320.000,5920440.000,1766320.000,5911800.000,1766800.000,5916840.000,1766800.000,5917560.000,1766800.000,5918280.000,1766800.000,5919000.000,1766800.000,5919720.000,1766800.000,5916120.000,1766800.000,5920440.000,1767280.000,5919000.000,1767280.000,5919720.000,1767280.000,5920440.000,1767280.000,5918280.000,1767280.000,5917560.000,1767280.000,5916840.000,1761040.000,5922600.000,1761040.000,5923320.000,1761040.000,5924040.000,1762960.000,5921160.000,1762480.000,5921160.000,1766320.000,5921160.000,1761520.000,5923320.000,1761520.000,5922600.000,1766800.000,5913960.000,1766800.000,5913240.000,1766800.000,5912520.000,1766800.000,5911800.000,1767280.000,5913960.000,1767280.000,5913240.000,1767280.000,5912520.000,1767280.000,5911800.000,1767760.000,5917560.000,1767760.000,5918280.000,1767760.000,5919000.000,1767760.000,5919720.000,1768240.000,5917560.000,1768240.000,5918280.000,1768720.000,5917560.000,1767280.000,5914680.000,1767280.000,5915400.000,1767760.000,5913240.000,1767760.000,5912520.000,1767760.000,5913960.000,1767760.000,5914680.000,1767760.000,5911800.000,1767760.000,5915400.000,1768240.000,5915400.000,1768240.000,5914680.000,1768240.000,5913960.000,1768240.000,5913240.000,1768240.000,5912520.000,1768240.000,5911800.000,1768720.000,5913960.000,1768720.000,5913240.000,1768720.000,5914680.000,1768720.000,5915400.000,1768720.000,5912520.000,1768720.000,5911800.000,1769200.000,5913960.000,1769200.000,5914680.000,1769200.000,5913240.000,1769200.000,5912520.000,1769200.000,5915400.000,1769200.000,5911800.000,1769680.000,5913240.000,1769680.000,5912520.000,1769680.000,5913960.000,1769680.000,5914680.000,1769680.000,5915400.000,1769680.000,5911800.000,1770160.000,5913240.000,1770160.000,5913960.000,1770160.000,5914680.000,1770160.000,5915400.000,1770160.000,5912520.000,1770160.000,5911800.000,1769200.000,5916120.000,1768720.000,5916840.000,1769680.000,5916120.000,1770160.000,5916120.000,1769200.000,5916840.000,1769680.000,5916840.000,1770160.000,5916840.000,1770640.000,5916840.000,1770640.000,5916120.000,1770640.000,5915400.000,1770640.000,5914680.000,1770640.000,5913960.000,1770640.000,5913240.000,1770640.000,5912520.000,1770640.000,5911800.000,1771120.000,5916120.000,1771120.000,5916840.000,1771120.000,5915400.000,1771120.000,5914680.000,1771120.000,5913960.000,1771120.000,5913240.000,1771120.000,5912520.000,1771120.000,5911800.000,1771600.000,5915400.000,1771600.000,5914680.000,1771600.000,5913960.000,1771600.000,5916120.000,1771600.000,5916840.000,1771600.000,5913240.000,1771600.000,5912520.000,1771600.000,5911800.000,1772080.000,5915400.000,1772080.000,5916120.000,1772080.000,5916840.000,1772080.000,5914680.000,1772080.000,5913960.000,1772080.000,5913240.000,1772080.000,5912520.000,1772080.000,5911800.000,1772560.000,5912520.000,1772560.000,5913240.000,1772560.000,5913960.000,1772560.000,5914680.000,1772560.000,5915400.000,1772560.000,5916120.000,1772560.000,5911800.000,1770640.000,5917560.000,1770160.000,5917560.000,1769680.000,5917560.000,1770160.000,5918280.000,1769680.000,5918280.000,1769200.000,5918280.000,1773040.000,5913240.000,1773040.000,5912520.000,1773040.000,5913960.000,1773040.000,5914680.000,1773040.000,5915400.000,1773040.000,5916120.000,1773520.000,5913240.000,1773520.000,5912520.000,1773520.000,5913960.000,1773520.000,5914680.000,1773520.000,5915400.000,1769680.000,5919000.000,1770160.000,5919000.000,1769200.000,5919000.000,1774000.000,5913960.000,1774000.000,5914680.000,1774000.000,5913240.000,1774000.000,5915400.000,1769680.000,5919720.000,1769200.000,5919720.000,1770160.000,5919720.000,1769200.000,5920440.000,1769680.000,5920440.000,1758640.000,5911080.000,1759120.000,5911080.000,1759600.000,5911080.000,1760080.000,5911080.000,1760560.000,5911080.000,1761040.000,5911080.000,1761520.000,5911080.000,1762000.000,5911080.000,1762480.000,5911080.000,1762960.000,5911080.000,1763440.000,5911080.000,1763920.000,5911080.000,1764400.000,5911080.000,1764880.000,5911080.000,1765360.000,5911080.000,1765840.000,5911080.000,1766320.000,5911080.000,1766800.000,5911080.000,1767280.000,5911080.000,1767760.000,5911080.000,1768240.000,5911080.000,1768720.000,5911080.000,1769200.000,5911080.000,1769680.000,5911080.000,1770160.000,5911080.000,1770640.000,5911080.000,1771120.000,5911080.000,1771600.000,5911080.000,1758640.000,5910360.000,1759120.000,5910360.000,1759600.000,5910360.000,1760080.000,5910360.000,1758160.000,5910360.000,1757680.000,5910360.000,1757200.000,5910360.000,1762960.000,5910360.000,1763440.000,5910360.000,1763920.000,5910360.000,1764400.000,5910360.000,1764880.000,5910360.000,1765360.000,5910360.000,1765840.000,5910360.000,1766320.000,5910360.000,1766800.000,5910360.000,1767280.000,5910360.000,1767760.000,5910360.000,1768240.000,5910360.000,1768720.000,5910360.000,1769200.000,5910360.000,1769680.000,5910360.000,1770160.000,5910360.000,1770640.000,5910360.000,1771120.000,5910360.000,1771600.000,5910360.000,1744720.000,5909640.000,1745200.000,5909640.000,1745680.000,5909640.000,1746160.000,5909640.000,1746640.000,5909640.000,1747120.000,5909640.000,1747600.000,5909640.000,1748080.000,5909640.000,1748560.000,5909640.000,1744240.000,5909640.000,1744240.000,5908920.000,1744720.000,5908920.000,1745200.000,5908920.000,1745680.000,5908920.000,1746160.000,5908920.000,1746640.000,5908920.000,1747120.000,5908920.000,1747600.000,5908920.000,1748080.000,5908920.000,1744240.000,5908200.000,1744720.000,5908200.000,1745200.000,5908200.000,1745680.000,5908200.000,1746160.000,5908200.000,1746640.000,5908200.000,1747120.000,5908200.000,1744720.000,5907480.000,1745200.000,5907480.000,1745680.000,5907480.000,1746160.000,5907480.000,1746640.000,5907480.000,1747120.000,5907480.000,1745200.000,5906760.000,1745680.000,5906760.000,1746160.000,5906760.000,1745200.000,5906040.000,1757200.000,5909640.000,1757680.000,5909640.000,1758160.000,5909640.000,1758640.000,5909640.000,1759120.000,5909640.000,1759600.000,5909640.000,1760080.000,5909640.000,1756720.000,5909640.000,1760560.000,5909640.000,1761040.000,5909640.000,1761520.000,5909640.000,1762000.000,5909640.000,1762480.000,5909640.000,1762960.000,5909640.000,1763440.000,5909640.000,1763920.000,5909640.000,1764400.000,5909640.000,1764880.000,5909640.000,1765360.000,5909640.000,1765840.000,5909640.000,1766320.000,5909640.000,1766800.000,5909640.000,1767280.000,5909640.000,1767760.000,5909640.000,1768240.000,5909640.000,1768720.000,5909640.000,1769200.000,5909640.000,1769680.000,5909640.000,1770160.000,5909640.000,1770640.000,5909640.000,1771120.000,5909640.000,1771600.000,5909640.000,1757680.000,5908920.000,1758160.000,5908920.000,1758640.000,5908920.000,1759120.000,5908920.000,1759600.000,5908920.000,1760080.000,5908920.000,1760560.000,5908920.000,1761040.000,5908920.000,1761520.000,5908920.000,1762000.000,5908920.000,1762480.000,5908920.000,1762960.000,5908920.000,1763440.000,5908920.000,1763920.000,5908920.000,1764400.000,5908920.000,1764880.000,5908920.000,1765360.000,5908920.000,1765840.000,5908920.000,1766320.000,5908920.000,1766800.000,5908920.000,1767280.000,5908920.000,1767760.000,5908920.000,1768240.000,5908920.000,1768720.000,5908920.000,1769200.000,5908920.000,1769680.000,5908920.000,1770160.000,5908920.000,1770640.000,5908920.000,1771120.000,5908920.000,1771600.000,5908920.000,1772080.000,5908920.000,1758160.000,5908200.000,1758640.000,5908200.000,1759120.000,5908200.000,1759600.000,5908200.000,1760080.000,5908200.000,1760560.000,5908200.000,1761040.000,5908200.000,1761520.000,5908200.000,1762000.000,5908200.000,1762480.000,5908200.000,1762960.000,5908200.000,1763440.000,5908200.000,1763920.000,5908200.000,1764400.000,5908200.000,1764880.000,5908200.000,1765360.000,5908200.000,1765840.000,5908200.000,1766320.000,5908200.000,1766800.000,5908200.000,1767280.000,5908200.000,1767760.000,5908200.000,1768240.000,5908200.000,1768720.000,5908200.000,1769200.000,5908200.000,1769680.000,5908200.000,1770160.000,5908200.000,1770640.000,5908200.000,1771120.000,5908200.000,1771600.000,5908200.000,1772080.000,5908200.000,1772560.000,5908200.000,1758160.000,5907480.000,1758640.000,5907480.000,1759120.000,5907480.000,1759600.000,5907480.000,1760080.000,5907480.000,1760560.000,5907480.000,1761040.000,5907480.000,1761520.000,5907480.000,1762000.000,5907480.000,1762480.000,5907480.000,1762960.000,5907480.000,1763440.000,5907480.000,1763920.000,5907480.000,1764400.000,5907480.000,1764880.000,5907480.000,1765360.000,5907480.000,1765840.000,5907480.000,1766320.000,5907480.000,1766800.000,5907480.000,1767280.000,5907480.000,1767760.000,5907480.000,1768240.000,5907480.000,1768720.000,5907480.000,1769200.000,5907480.000,1769680.000,5907480.000,1770160.000,5907480.000,1770640.000,5907480.000,1771120.000,5907480.000,1771600.000,5907480.000,1772080.000,5907480.000,1772560.000,5907480.000,1757680.000,5907480.000,1773040.000,5907480.000,1757680.000,5906760.000,1758160.000,5906760.000,1758640.000,5906760.000,1759120.000,5906760.000,1759600.000,5906760.000,1760080.000,5906760.000,1760560.000,5906760.000,1761040.000,5906760.000,1761520.000,5906760.000,1762000.000,5906760.000,1762480.000,5906760.000,1762960.000,5906760.000,1763440.000,5906760.000,1763920.000,5906760.000,1764400.000,5906760.000,1764880.000,5906760.000,1765360.000,5906760.000,1765840.000,5906760.000,1766320.000,5906760.000,1766800.000,5906760.000,1767280.000,5906760.000,1767760.000,5906760.000,1768240.000,5906760.000,1768720.000,5906760.000,1769200.000,5906760.000,1769680.000,5906760.000,1770160.000,5906760.000,1770640.000,5906760.000,1771120.000,5906760.000,1771600.000,5906760.000,1772080.000,5906760.000,1772560.000,5906760.000,1757200.000,5906760.000,1757200.000,5906040.000,1757680.000,5906040.000,1758160.000,5906040.000,1758640.000,5906040.000,1759120.000,5906040.000,1759600.000,5906040.000,1760080.000,5906040.000,1760560.000,5906040.000,1761040.000,5906040.000,1761520.000,5906040.000,1762000.000,5906040.000,1762480.000,5906040.000,1762960.000,5906040.000,1763440.000,5906040.000,1763920.000,5906040.000,1764400.000,5906040.000,1764880.000,5906040.000,1765360.000,5906040.000,1765840.000,5906040.000,1766320.000,5906040.000,1766800.000,5906040.000,1767280.000,5906040.000,1767760.000,5906040.000,1768240.000,5906040.000,1768720.000,5906040.000,1769200.000,5906040.000,1769680.000,5906040.000,1770160.000,5906040.000,1770640.000,5906040.000,1771120.000,5906040.000,1771600.000,5906040.000,1772080.000,5906040.000,1772560.000,5906040.000,1756720.000,5906040.000,1756720.000,5905320.000,1757200.000,5905320.000,1757680.000,5905320.000,1758160.000,5905320.000,1758640.000,5905320.000,1759120.000,5905320.000,1759600.000,5905320.000,1760080.000,5905320.000,1760560.000,5905320.000,1756240.000,5905320.000,1761520.000,5905320.000,1762000.000,5905320.000,1762480.000,5905320.000,1762960.000,5905320.000,1763440.000,5905320.000,1763920.000,5905320.000,1764400.000,5905320.000,1764880.000,5905320.000,1765360.000,5905320.000,1765840.000,5905320.000,1766320.000,5905320.000,1766800.000,5905320.000,1767280.000,5905320.000,1767760.000,5905320.000,1768240.000,5905320.000,1768720.000,5905320.000,1769200.000,5905320.000,1769680.000,5905320.000,1770160.000,5905320.000,1770640.000,5905320.000,1771120.000,5905320.000,1771600.000,5905320.000,1772080.000,5905320.000,1772560.000,5905320.000,1773040.000,5905320.000,1756240.000,5904600.000,1756720.000,5904600.000,1757200.000,5904600.000,1757680.000,5904600.000,1758160.000,5904600.000,1758640.000,5904600.000,1759120.000,5904600.000,1759600.000,5904600.000,1760080.000,5904600.000,1760560.000,5904600.000,1755760.000,5904600.000,1755760.000,5903880.000,1756240.000,5903880.000,1756720.000,5903880.000,1757200.000,5903880.000,1757680.000,5903880.000,1758160.000,5903880.000,1758640.000,5903880.000,1759120.000,5903880.000,1759600.000,5903880.000,1760080.000,5903880.000,1760560.000,5903880.000,1763920.000,5904600.000,1764400.000,5904600.000,1764880.000,5904600.000,1765360.000,5904600.000,1765840.000,5904600.000,1766320.000,5904600.000,1766800.000,5904600.000,1767280.000,5904600.000,1767760.000,5904600.000,1768240.000,5904600.000,1768720.000,5904600.000,1769200.000,5904600.000,1769680.000,5904600.000,1770160.000,5904600.000,1770640.000,5904600.000,1771120.000,5904600.000,1771600.000,5904600.000,1772080.000,5904600.000,1772560.000,5904600.000,1773040.000,5904600.000,1763440.000,5904600.000,1762960.000,5904600.000,1762480.000,5904600.000,1762000.000,5904600.000,1761520.000,5904600.000,1761040.000,5903880.000,1761520.000,5903880.000,1762000.000,5903880.000,1762480.000,5903880.000,1762960.000,5903880.000,1763440.000,5903880.000,1763920.000,5903880.000,1764400.000,5903880.000,1764880.000,5903880.000,1765360.000,5903880.000,1765840.000,5903880.000,1766320.000,5903880.000,1766800.000,5903880.000,1767280.000,5903880.000,1767760.000,5903880.000,1768240.000,5903880.000,1768720.000,5903880.000,1769200.000,5903880.000,1769680.000,5903880.000,1771600.000,5903880.000,1772080.000,5903880.000,1756240.000,5903160.000,1756720.000,5903160.000,1757200.000,5903160.000,1757680.000,5903160.000,1758160.000,5903160.000,1758640.000,5903160.000,1759120.000,5903160.000,1759600.000,5903160.000,1760080.000,5903160.000,1760560.000,5903160.000,1761040.000,5903160.000,1761520.000,5903160.000,1762000.000,5903160.000,1762480.000,5903160.000,1762960.000,5903160.000,1763440.000,5903160.000,1763920.000,5903160.000,1764400.000,5903160.000,1764880.000,5903160.000,1765360.000,5903160.000,1765840.000,5903160.000,1766320.000,5903160.000,1766800.000,5903160.000,1767280.000,5903160.000,1767760.000,5903160.000,1768240.000,5903160.000,1768720.000,5903160.000,1769200.000,5903160.000,1769680.000,5903160.000,1770160.000,5903160.000,1770640.000,5903160.000,1771120.000,5903160.000,1771600.000,5903160.000,1757200.000,5902440.000,1757680.000,5902440.000,1758160.000,5902440.000,1758640.000,5902440.000,1759120.000,5902440.000,1759600.000,5902440.000,1760080.000,5902440.000,1760560.000,5902440.000,1761040.000,5902440.000,1761520.000,5902440.000,1762000.000,5902440.000,1762480.000,5902440.000,1762960.000,5902440.000,1763440.000,5902440.000,1763920.000,5902440.000,1764400.000,5902440.000,1764880.000,5902440.000,1765360.000,5902440.000,1765840.000,5902440.000,1766320.000,5902440.000,1766800.000,5902440.000,1767280.000,5902440.000,1767760.000,5902440.000,1768240.000,5902440.000,1768720.000,5902440.000,1769200.000,5902440.000,1769680.000,5902440.000,1770160.000,5902440.000,1770640.000,5902440.000,1771120.000,5902440.000,1757200.000,5901720.000,1757680.000,5901720.000,1758160.000,5901720.000,1758640.000,5901720.000,1759120.000,5901720.000,1760080.000,5901720.000,1760560.000,5901720.000,1761040.000,5901720.000,1761520.000,5901720.000,1762480.000,5901720.000,1762960.000,5901720.000,1763440.000,5901720.000,1763920.000,5901720.000,1764400.000,5901720.000,1764880.000,5901720.000,1765360.000,5901720.000,1765840.000,5901720.000,1766320.000,5901720.000,1766800.000,5901720.000,1767280.000,5901720.000,1767760.000,5901720.000,1768240.000,5901720.000,1768720.000,5901720.000,1769200.000,5901720.000,1769680.000,5901720.000,1770160.000,5901720.000,1770640.000,5901720.000,1771120.000,5901720.000,1763440.000,5901000.000,1763920.000,5901000.000,1764400.000,5901000.000,1764880.000,5901000.000,1765360.000,5901000.000,1765840.000,5901000.000,1766320.000,5901000.000,1766800.000,5901000.000,1767280.000,5901000.000,1767760.000,5901000.000,1768240.000,5901000.000,1768720.000,5901000.000,1769200.000,5901000.000,1769680.000,5901000.000,1770160.000,5901000.000,1770640.000,5901000.000,1771120.000,5901000.000,1763920.000,5900280.000,1764400.000,5900280.000,1764880.000,5900280.000,1765360.000,5900280.000,1765840.000,5900280.000,1766320.000,5900280.000,1766800.000,5900280.000,1767280.000,5900280.000,1767760.000,5900280.000,1768240.000,5900280.000,1768720.000,5900280.000,1769200.000,5900280.000,1769680.000,5900280.000,1770160.000,5900280.000,1770640.000,5900280.000,1771120.000,5900280.000,1771600.000,5900280.000,1764880.000,5899560.000,1765360.000,5899560.000,1765840.000,5899560.000,1766320.000,5899560.000,1766800.000,5899560.000,1767280.000,5899560.000,1767760.000,5899560.000,1768240.000,5899560.000,1768720.000,5899560.000,1769200.000,5899560.000,1769680.000,5899560.000,1770160.000,5899560.000,1770640.000,5899560.000,1771120.000,5899560.000,1771600.000,5899560.000,1772080.000,5899560.000,1772560.000,5899560.000,1773040.000,5899560.000,1764880.000,5898840.000,1765360.000,5898840.000,1765840.000,5898840.000,1766320.000,5898840.000,1766800.000,5898840.000,1767280.000,5898840.000,1767760.000,5898840.000,1768240.000,5898840.000,1768720.000,5898840.000,1769200.000,5898840.000,1769680.000,5898840.000,1770160.000,5898840.000,1770640.000,5898840.000,1771120.000,5898840.000,1771600.000,5898840.000,1772080.000,5898840.000,1772560.000,5898840.000,1773040.000,5898840.000,1773520.000,5898840.000,1764880.000,5898120.000,1765360.000,5898120.000,1765840.000,5898120.000,1766320.000,5898120.000,1766800.000,5898120.000,1767280.000,5898120.000,1767760.000,5898120.000,1768240.000,5898120.000,1768720.000,5898120.000,1769200.000,5898120.000,1769680.000,5898120.000,1770160.000,5898120.000,1770640.000,5898120.000,1771120.000,5898120.000,1771600.000,5898120.000,1772080.000,5898120.000,1772560.000,5898120.000,1773040.000,5898120.000,1773520.000,5898120.000,1774000.000,5898120.000,1774480.000,5898120.000,1774960.000,5898120.000,1775440.000,5898120.000,1765360.000,5897400.000,1765840.000,5897400.000,1766320.000,5897400.000,1766800.000,5897400.000,1767280.000,5897400.000,1767760.000,5897400.000,1768240.000,5897400.000,1769200.000,5897400.000,1769680.000,5897400.000,1770160.000,5897400.000,1770640.000,5897400.000,1771120.000,5897400.000,1771600.000,5897400.000,1772080.000,5897400.000,1772560.000,5897400.000,1773040.000,5897400.000,1773520.000,5897400.000,1774000.000,5897400.000,1774480.000,5897400.000,1774960.000,5897400.000,1775440.000,5897400.000,1767760.000,5896680.000,1769200.000,5896680.000,1769680.000,5896680.000,1770160.000,5896680.000,1770640.000,5896680.000,1771120.000,5896680.000,1771600.000,5896680.000,1772080.000,5896680.000,1772560.000,5896680.000,1773040.000,5896680.000,1773520.000,5896680.000,1774000.000,5896680.000,1774480.000,5896680.000,1774960.000,5896680.000,1775440.000,5896680.000,1775920.000,5896680.000,1770160.000,5895960.000,1770640.000,5895960.000,1771120.000,5895960.000,1771600.000,5895960.000,1772080.000,5895960.000,1772560.000,5895960.000,1773040.000,5895960.000,1773520.000,5895960.000,1774000.000,5895960.000,1774480.000,5895960.000,1774960.000,5895960.000,1775440.000,5895960.000,1775920.000,5895960.000,1769680.000,5895960.000,1769200.000,5895960.000,1770160.000,5895240.000,1770640.000,5895240.000,1771120.000,5895240.000,1771600.000,5895240.000,1772080.000,5895240.000,1772560.000,5895240.000,1773040.000,5895240.000,1773520.000,5895240.000,1774000.000,5895240.000,1774480.000,5895240.000,1774960.000,5895240.000,1775440.000,5895240.000,1775920.000,5895240.000,1769680.000,5895240.000,1769200.000,5895240.000,1776400.000,5895240.000,1770160.000,5894520.000,1770640.000,5894520.000,1771120.000,5894520.000,1771600.000,5894520.000,1772080.000,5894520.000,1772560.000,5894520.000,1773040.000,5894520.000,1773520.000,5894520.000,1774000.000,5894520.000,1774480.000,5894520.000,1774960.000,5894520.000,1775440.000,5894520.000,1775920.000,5894520.000,1769680.000,5894520.000,1769200.000,5894520.000,1770640.000,5893800.000,1771120.000,5893800.000,1771600.000,5893800.000,1772080.000,5893800.000,1772560.000,5893800.000,1773040.000,5893800.000,1770160.000,5893800.000,1769680.000,5893800.000,1769200.000,5893800.000,1772560.000,5893080.000,1773040.000,5893080.000,1772080.000,5893080.000,1771600.000,5893080.000,1771120.000,5893080.000,1771600.000,5892360.000,1772080.000,5892360.000,1772560.000,5892360.000,1773040.000,5892360.000,1771120.000,5892360.000,1771120.000,5891640.000,1771600.000,5891640.000,1772080.000,5891640.000,1772560.000,5891640.000,1773040.000,5891640.000,1770640.000,5891640.000,1770640.000,5892360.000,1773520.000,5891640.000,1773520.000,5892360.000,1773520.000,5893080.000,1770640.000,5890920.000,1771120.000,5890920.000,1771600.000,5890920.000,1772080.000,5890920.000,1772560.000,5890920.000,1773040.000,5890920.000,1773520.000,5890920.000,1774000.000,5890920.000,1774000.000,5891640.000,1774000.000,5892360.000,1774480.000,5890920.000,1774480.000,5891640.000,1774480.000,5892360.000,1770640.000,5890200.000,1771120.000,5890200.000,1771600.000,5890200.000,1772080.000,5890200.000,1772560.000,5890200.000,1773040.000,5890200.000,1773520.000,5890200.000,1774000.000,5890200.000,1774480.000,5890200.000,1774960.000,5890200.000,1774960.000,5890920.000,1774960.000,5891640.000,1770640.000,5889480.000,1771120.000,5889480.000,1771600.000,5889480.000,1772080.000,5889480.000,1772560.000,5889480.000,1773040.000,5889480.000,1773520.000,5889480.000,1774000.000,5889480.000,1774480.000,5889480.000,1774960.000,5889480.000,1775440.000,5889480.000,1775440.000,5890200.000,1775440.000,5890920.000,1770640.000,5888760.000,1771120.000,5888760.000,1771600.000,5888760.000,1772080.000,5888760.000,1772560.000,5888760.000,1773040.000,5888760.000,1773520.000,5888760.000,1774000.000,5888760.000,1774480.000,5888760.000,1774960.000,5888760.000,1775440.000,5888760.000,1775920.000,5888760.000,1775920.000,5889480.000,1775920.000,5890200.000,1775920.000,5890920.000,1774480.000,5888040.000,1774960.000,5888040.000,1775440.000,5888040.000,1775920.000,5888040.000,1774960.000,5887320.000,1768720.000,5894520.000,1768720.000,5893800.000,1776400.000,5888760.000,1771600.000,5888040.000,1771120.000,5888040.000,1757680.000,5924040.000,1768240.000,5916120.000,1768720.000,5916120.000,1757680.000,5923320.000,1758160.000,5922600.000<BR><B>FONT_SIZE</B> = 10<BR><B>FONT_COLOR</B> = RGB(0,0,0)<BR><B>FONT_CHARS</B> = 1<BR><B>FONT_WEIGH</B> = 400<BR><B>PERIMETER</B> = 253.46 km<BR><B>ENCLOSED_AREA</B> = 771.38 sq km]]></description>
      <name>BA31_0850,BA31_0950,BA31_0949,BA31_1049,BA31_1050,BA31_1048,BA31_1047,BA31_1147,BA31_1148,BA31_1149,BA31_1150,BA31_1146,BA31_1145,BA31_1245,BA31_1246,BA31_1247,BA31_1248,BA31_1249,BA31_1250,BA31_1345,BA31_1346,BA31_1347,BA31_1348,BA31_1349,BA31_1350,BA31_1445,BA31_1446,BA31_1447,BA31_1448,BA31_1449,BA31_1450,BA31_1444,BA31_1443,BA31_1543,BA31_1544,BA31_1545,BA31_1546,BA31_1547,BA31_1548,BA31_1549,BA31_1550,BA31_1542,BA31_1541,BA31_1641,BA31_1642,BA31_1643,BA31_1644,BA31_1645,BA31_1646,BA31_1647,BA31_1648,BA31_1649,BA31_1650,BA31_1640,BA31_1639,BA31_1638,BA31_1739,BA31_1740,BA31_1741,BA31_1742,BA31_1743,BA31_1744,BA31_1745,BA31_1746,BA31_1747,BA31_1748,BA31_1749,BA31_1750,BA31_1839,BA31_1840,BA31_1841,BA31_1842,BA31_1843,BA31_1844,BA31_1845,BA31_1846,BA31_1847,BA31_1848,BA31_1849,BA31_1850,BA31_1939,BA31_1940,BA31_1941,BA31_1942,BA31_1943,BA31_1944,BA31_1945,BA31_1946,BA31_1947,BA31_1948,BA31_1949,BA31_1950,BA31_1938,BA31_2038,BA31_2039,BA31_2040,BA31_2041,BA31_2042,BA31_2043,BA31_2044,BA31_2045,BA31_2046,BA31_2047,BA31_2048,BA31_2049,BA31_2050,BA31_2138,BA31_2139,BA31_2140,BA31_2141,BA31_2142,BA31_2143,BA31_2144,BA31_2145,BA31_2146,BA31_2147,BA31_2148,BA31_2149,BA31_2150,BA31_2137,BA31_2237,BA31_2238,BA31_2239,BA31_2240,BA31_2241,BA31_2242,BA31_2243,BA31_2244,BA31_2245,BA31_2246,BA31_2247,BA31_2248,BA31_2249,BA31_2250,BA31_2337,BA31_2338,BA31_2339,BA31_2340,BA31_2341,BA31_2342,BA31_2343,BA31_2344,BA31_2345,BA31_2346,BA31_2347,BA31_2348,BA31_2349,BA31_2350,BA31_2336,BA31_2335,BA31_2435,BA31_2436,BA31_2437,BA31_2438,BA31_2439,BA31_2440,BA31_2441,BA31_2442,BA31_2443,BA31_2444,BA31_2445,BA31_2446,BA31_2447,BA31_2448,BA31_2449,BA31_2450,BA31_2535,BA31_2536,BA31_2537,BA31_2538,BA31_2539,BA31_2540,BA31_2541,BA31_2542,BA31_2543,BA31_2544,BA31_2545,BA31_2546,BA31_2547,BA31_2548,BA31_2549,BA31_2550,BA31_2635,BA31_2636,BA31_2637,BA31_2638,BA31_2639,BA31_2640,BA31_2641,BA31_2642,BA31_2643,BA31_2644,BA31_2645,BA31_2646,BA31_2647,BA31_2648,BA31_2649,BA31_2650,BA31_2634,BA31_2633,BA31_2733,BA31_2734,BA31_2735,BA31_2736,BA31_2737,BA31_2738,BA31_2739,BA31_2740,BA31_2741,BA31_2742,BA31_2743,BA31_2744,BA31_2745,BA31_2746,BA31_2747,BA31_2748,BA31_2749,BA31_2750,BA31_2732,BA31_2731,BA31_2730,BA31_2830,BA31_2831,BA31_2832,BA31_2833,BA31_2834,BA31_2835,BA31_2836,BA31_2837,BA31_2838,BA31_2839,BA31_2840,BA31_2841,BA31_2842,BA31_2843,BA31_2844,BA31_2845,BA31_2846,BA31_2847,BA31_2848,BA31_2849,BA31_2850,BA31_2829,BA31_2828,BA31_2827,BA31_2727,BA31_2726,BA31_2826,BA31_2626,BA31_2625,BA31_2725,BA31_2825,BA31_2624,BA31_2724,BA31_2824,BA31_2823,BA31_2723,BA31_2623,BA31_2622,BA31_2722,BA31_2822,BA31_2821,BA31_2721,BA31_2921,BA31_2922,BA31_2923,BA31_2924,BA31_2925,BA31_2926,BA31_2927,BA31_2928,BA31_2929,BA31_2930,BA31_2931,BA31_2932,BA31_2933,BA31_2934,BA31_2935,BA31_2936,BA31_2939,BA31_2940,BA31_2941,BA31_2942,BA31_2943,BA31_2944,BA31_2945,BA31_2946,BA31_2947,BA31_2948,BA31_2949,BA31_2950,BA31_3021,BA31_3022,BA31_3023,BA31_3024,BA31_3025,BA31_3026,BA31_3027,BA31_3028,BA31_3029,BA31_3030,BA31_3031,BA31_3020,BA31_3039,BA31_3040,BA31_3041,BA31_3042,BA31_3043,BA31_3044,BA31_3045,BA31_3046,BA31_3047,BA31_3048,BA31_3049,BA31_3050,BA31_3120,BA31_3121,BA31_3122,BA31_3123,BA31_3124,BA31_3125,BA31_3126,BA31_3127,BA31_3128,BA31_3129,BA31_3130,BA31_3131,BA31_3119,BA31_3140,BA31_3141,BA31_3142,BA31_3143,BA31_3144,BA31_3145,BA31_3146,BA31_3147,BA31_3148,BA31_3149,BA31_3150,BA31_3219,BA31_3220,BA31_3221,BA31_3222,BA31_3223,BA31_3224,BA31_3225,BA31_3226,BA31_3227,BA31_3228,BA31_3229,BA31_3230,BA31_3231,BA31_3218,BA31_3232,BA31_3233,BA31_3241,BA31_3242,BA31_3243,BA31_3244,BA31_3245,BA31_3246,BA31_3247,BA31_3248,BA31_3249,BA31_3250,BA31_3318,BA31_3319,BA31_3320,BA31_3321,BA31_3322,BA31_3323,BA31_3324,BA31_3325,BA31_3326,BA31_3327,BA31_3328,BA31_3329,BA31_3330,BA31_3331,BA31_3332,BA31_3333,BA31_3334,BA31_3350,BA31_3419,BA31_3420,BA31_3421,BA31_3422,BA31_3423,BA31_3424,BA31_3425,BA31_3426,BA31_3427,BA31_3428,BA31_3429,BA31_3430,BA31_3431,BA31_3432,BA31_3433,BA31_3434,BA31_3450,BA31_3449,BA31_3522,BA31_3523,BA31_3524,BA31_3525,BA31_3526,BA31_3527,BA31_3528,BA31_3529,BA31_3530,BA31_3531,BA31_3532,BA31_3533,BA31_3534,BA31_3549,BA31_3550,BA31_3548,BA31_3547,BA31_3546,BA31_3622,BA31_3623,BA31_3624,BA31_3625,BA31_3626,BA31_3627,BA31_3628,BA31_3629,BA31_3630,BA31_3631,BA31_3632,BA31_3633,BA31_3634,BA31_3621,BA31_3646,BA31_3647,BA31_3648,BA31_3649,BA31_3650,BA31_3645,BA31_3644,BA31_3643,BA31_3642,BA31_3721,BA31_3722,BA31_3723,BA31_3724,BA31_3725,BA31_3726,BA31_3727,BA31_3728,BA31_3729,BA31_3730,BA31_3731,BA31_3732,BA31_3733,BA31_3720,BA31_3719,BA31_3718,BA31_3742,BA31_3743,BA31_3744,BA31_3745,BA31_3746,BA31_3747,BA31_3748,BA31_3749,BA31_3750,BA31_3741,BA31_3818,BA31_3819,BA31_3820,BA31_3821,BA31_3822,BA31_3823,BA31_3824,BA31_3825,BA31_3826,BA31_3827,BA31_3828,BA31_3829,BA31_3830,BA31_3831,BA31_3832,BA31_3833,BA31_3817,BA31_3816,BA31_3841,BA31_3842,BA31_3843,BA31_3844,BA31_3845,BA31_3846,BA31_3847,BA31_3848,BA31_3849,BA31_3850,BA31_3917,BA31_3918,BA31_3919,BA31_3920,BA31_3921,BA31_3922,BA31_3923,BA31_3924,BA31_3925,BA31_3926,BA31_3927,BA31_3928,BA31_3929,BA31_3930,BA31_3931,BA31_3932,BA31_3933,BA31_3934,BA31_3935,BA31_3835,BA31_3936,BA31_3937,BA31_3941,BA31_3942,BA31_3943,BA31_3944,BA31_3945,BA31_3946,BA31_3947,BA31_3948,BA31_3949,BA31_3950,BA31_3940,BA31_4021,BA31_4022,BA31_4023,BA31_4024,BA31_4025,BA31_4026,BA31_4027,BA31_4028,BA31_4029,BA31_4030,BA31_4031,BA31_4032,BA31_4033,BA31_4034,BA31_4035,BA31_4036,BA31_4037,BA31_4040,BA31_4041,BA31_4042,BA31_4043,BA31_4044,BA31_4045,BA31_4046,BA31_4047,BA31_4048,BA31_4049,BA31_4050,BA31_4122,BA31_4123,BA31_4124,BA31_4125,BA31_4126,BA31_4127,BA31_4128,BA31_4129,BA31_4130,BA31_4131,BA31_4132,BA31_4133,BA31_4134,BA31_4135,BA31_4136,BA31_4137,BA31_4138,BA31_4139,BA31_4140,BA31_4141,BA31_4142,BA31_4143,BA31_4144,BA31_4145,BA31_4146,BA31_4147,BA31_4148,BA31_4149,BA31_4150,BA31_4223,BA31_4224,BA31_4225,BA31_4226,BA31_4227,BA31_4228,BA31_4229,BA31_4230,BA31_4231,BA31_4232,BA31_4233,BA31_4234,BA31_4235,BA31_4236,BA31_4237,BA31_4238,BA31_4239,BA31_4240,BA31_4241,BA31_4242,BA31_4243,BA31_4244,BA31_4245,BA31_4246,BA31_4247,BA31_4248,BA31_4249,BA31_4250,BA31_4323,BA31_4324,BA31_4325,BA31_4326,BA31_4327,BA31_4328,BA31_4329,BA31_4330,BA31_4331,BA31_4332,BA31_4333,BA31_4334,BA31_4335,BA31_4336,BA31_4337,BA31_4338,BA31_4339,BA31_4340,BA31_4341,BA31_4342,BA31_4343,BA31_4344,BA31_4345,BA31_4346,BA31_4347,BA31_4348,BA31_4349,BA31_4350,BA31_4425,BA31_4426,BA31_4427,BA31_4428,BA31_4429,BA31_4430,BA31_4431,BA31_4432,BA31_4433,BA31_4434,BA31_4435,BA31_4436,BA31_4437,BA31_4438,BA31_4439,BA31_4440,BA31_4441,BA31_4442,BA31_4443,BA31_4444,BA31_4445,BA31_4446,BA31_4447,BA31_4448,BA31_4449,BA31_4450,BA31_4526,BA31_4527,BA31_4528,BA31_4529,BA31_4530,BA31_4531,BA31_4532,BA31_4533,BA31_4534,BA31_4535,BA31_4536,BA31_4537,BA31_4538,BA31_4539,BA31_4540,BA31_4541,BA31_4542,BA31_4543,BA31_4544,BA31_4545,BA31_4546,BA31_4547,BA31_4548,BA31_4549,BA31_4550,BA31_4626,BA31_4627,BA31_4628,BA31_4629,BA31_4630,BA31_4631,BA31_4632,BA31_4633,BA31_4634,BA31_4635,BA31_4636,BA31_4637,BA31_4638,BA31_4639,BA31_4640,BA31_4641,BA31_4642,BA31_4643,BA31_4644,BA31_4645,BA31_4646,BA31_4647,BA31_4648,BA31_4649,BA31_4650,BA31_4728,BA31_4729,BA31_4730,BA31_4731,BA31_4732,BA31_4733,BA31_4734,BA31_4735,BA31_4736,BA31_4737,BA31_4738,BA31_4739,BA31_4740,BA31_4741,BA31_4742,BA31_4743,BA31_4744,BA31_4745,BA31_4746,BA31_4747,BA31_4748,BA31_4749,BA31_4750,BA31_4829,BA31_4830,BA31_4831,BA31_4832,BA31_4833,BA31_4834,BA31_4835,BA31_4836,BA31_4837,BA31_4838,BA31_4839,BA31_4840,BA31_4841,BA31_4842,BA31_4843,BA31_4844,BA31_4845,BA31_4846,BA31_4847,BA31_4848,BA31_4849,BA31_4850,BA31_4929,BA31_4930,BA31_4931,BA31_4932,BA31_4933,BA31_4934,BA31_4935,BA31_4936,BA31_4937,BA31_4938,BA31_4939,BA31_4940,BA31_4941,BA31_4928,BA31_4943,BA31_4944,BA31_4945,BA31_4946,BA31_4947,BA31_4948,BA31_4949,BA31_4950,BA31_5028,BA31_5029,BA31_5030,BA31_5031,BA31_5032,BA31_5033,BA31_5034,BA31_5035,BA31_5036,BA31_5027,BA31_5045,BA31_5046,BA31_5047,BA32_0801,BA32_0901,BA32_1001,BA32_1101,BA32_1201,BA32_1301,BA32_1401,BA32_1501,BA32_1601,BA32_1701,BA32_1801,BA32_1901,BA32_2001,BA32_2101,BA32_2201,BA32_2301,BA32_2401,BA32_2501,BA32_2601,BA32_2701,BA32_2801,BA32_2901,BA32_3001,BA32_3101,BA32_3201,BA32_3301,BA32_3401,BA32_3501,BA32_3601,BA32_3701,BA32_3801,BA32_3901,BA32_4001,BA32_4101,BA32_4201,BA32_4301,BA32_4401,BA32_4501,BA32_4601,BA32_4701,BA32_4801,BA32_4901,BA32_2402,BA32_2502,BA32_2602,BA32_2702,BA32_2802,BA32_2902,BA32_3002,BA32_3102,BA32_2302,BA32_2202,BA32_2102,BA32_2002,BA32_1902,BA32_1802,BA32_1702,BA32_1602,BA32_1502,BA32_1402,BA32_1302,BA32_1202,BA32_1102,BA32_2603,BA32_2703,BA32_2803,BA32_2903,BA32_2503,BA32_2403,BA32_2303,BA32_2203,BA32_2103,BA32_2003,BA32_1903,BA32_2904,BA32_2804,BA32_2704,BA32_2604,BA32_2504,BA32_2404,BA32_2304,BA32_2204,BA32_2104,BA32_2004,BA32_1303,BA32_1203,BA32_3402,BA32_3502,BA32_3602,BA32_3702,BA32_3802,BA32_3902,BA32_4002,BA32_4102,BA32_4202,BA32_4302,BA32_4402,BA32_4502,BA32_4602,BA32_4702,BA32_4802,BA32_4902,BA32_3503,BA32_3603,BA32_3703,BA32_3803,BA32_3903,BA32_4003,BA32_4103,BA32_4203,BA32_4303,BA32_4403,BA32_4503,BA32_4603,BA32_4703,BA32_4803,BA32_3504,BA32_3604,BA32_3704,BA32_3804,BA32_3904,BA32_4004,BA32_4104,BA32_4204,BA32_4304,BA32_4404,BA32_4504,BA32_4604,BA32_4704,BA32_4804,BA32_3605,BA32_3705,BA32_3805,BA32_3905,BA32_4005,BA32_4105,BA32_4205,BA32_4305,BA32_4405,BA32_4505,BA32_4605,BA32_4705,BA32_3505,BA32_4805,BA32_3706,BA32_3806,BA32_3906,BA32_4006,BA32_4106,BA32_4206,BA32_4306,BA32_4406,BA32_4506,BA32_4606,BA32_3606,BA32_3506,BA32_4706,BA32_4806,BA32_3507,BA32_3607,BA32_3707,BA32_3807,BA32_3907,BA32_4007,BA32_4107,BA32_4207,BA32_4307,BA32_4407,BA32_4507,BA32_4607,BA32_4707,BA32_4807,BA32_3508,BA32_3608,BA32_3708,BA32_3808,BA32_3908,BA32_4008,BA32_4108,BA32_4208,BA32_4308,BA32_4408,BA32_4508,BA32_4608,BA32_4708,BA32_4808,BA32_3809,BA32_3909,BA32_4009,BA32_4109,BA32_4209,BA32_4309,BA32_4409,BA32_4509,BA32_3709,BA32_3609,BA32_4609,BA32_4709,BA32_4809,BA32_3910,BA32_4010,BA32_4110,BA32_4210,BA32_4310,BA32_4410,BA32_4510,BA32_4610,BA32_4710,BA32_3810,BA32_3710,BA32_4810,BA32_3811,BA32_3911,BA32_4011,BA32_4111,BA32_4211,BA32_4311,BA32_4411,BA32_4511,BA32_4611,BA32_4711,BA32_3711,BA32_4811,BA32_3912,BA32_3812,BA32_4012,BA32_4112,BA32_4212,BA32_4312,BA32_4412,BA32_3712,BA32_4512,BA32_4612,BA32_4712,BA32_4812,BA32_4013,BA32_4113,BA32_4213,BA32_4313,BA32_3913,BA32_3813,BA32_4413,BA32_4513,BA32_4613,BA32_4713,BA32_3713,BA32_4813,BA32_3613,BA32_3612,BA32_3611,BA32_4014,BA32_4114,BA32_4214,BA32_4314,BA32_4414,BA32_3914,BA32_3814,BA32_3714,BA32_3614,BA32_4514,BA32_4614,BA32_4714,BA32_4814,BA32_2505,BA32_2405,BA32_2605,BA32_2705,BA32_2805,BA32_2905,BA32_3407,BA32_2806,BA32_2706,BA32_2906,BA32_2606,BA32_2506,BA32_2406,BA32_4115,BA32_4215,BA32_4315,BA32_4415,BA32_4515,BA32_4015,BA32_3915,BA32_3815,BA32_3715,BA32_3615,BA32_4615,BA32_4715,BA32_4815,BA32_4116,BA32_4216,BA32_4316,BA32_4416,BA32_4516,BA32_4616,BA32_4016,BA32_3916,BA32_3816,BA32_3716,BA32_3616,BA32_4716,BA32_4816,BA32_3005,BA32_3006,BA32_3105,BA32_3106,BA32_3206,BA32_3205,BA32_3306,BA32_3307,BA32_3207,BA32_3107,BA32_3007,BA32_2907,BA32_2807,BA32_2707,BA32_4217,BA32_4317,BA32_4117,BA32_4417,BA32_4517,BA32_4617,BA32_4717,BA32_4017,BA32_3917,BA32_3817,BA32_3717,BA32_3617,BA32_4817,BA32_2908,BA32_3008,BA32_3108,BA32_2808,BA32_3208,BA32_3308,BA32_3718,BA32_3618,BA32_3818,BA32_3918,BA32_4018,BA32_4118,BA32_4218,BA32_4318,BA32_4418,BA32_4518,BA32_4618,BA32_4718,BA32_4818,BA32_3009,BA32_2909,BA32_3109,BA32_3209,BA32_3309,BA32_3409,BA32_4219,BA32_4319,BA32_4419,BA32_4519,BA32_4119,BA32_4619,BA32_4019,BA32_3919,BA32_3819,BA32_4719,BA32_4819,BA32_3719,BA32_3619,BA32_2205,BA32_4220,BA32_4320,BA32_4420,BA32_4520,BA32_4620,BA32_4120,BA32_4720,BA32_4820,BA32_4020,BA32_3920,BA32_3820,BA32_3720,BA32_3620,BA32_3721,BA32_3621,BA32_3821,BA32_3921,BA32_4021,BA32_4121,BA32_4221,BA32_4321,BA32_4421,BA32_4521,BA32_4621,BA32_4721,BA32_4821,BA32_3210,BA32_3310,BA32_3410,BA32_3110,BA32_3010,BA32_4422,BA32_4522,BA32_4622,BA32_4322,BA32_4222,BA32_4122,BA32_4022,BA32_3922,BA32_4722,BA32_3822,BA32_3722,BA32_3622,BA32_4822,BA32_4123,BA32_4023,BA32_3923,BA32_3823,BA32_3723,BA32_4223,BA32_3623,BA32_3824,BA32_3724,BA32_3624,BA32_3924,BA32_4024,BA32_4124,BA32_3311,BA32_3211,BA32_3111,BA32_3515,BA32_3514,BA32_3522,BA32_3212,BA32_3312,BA32_4523,BA32_4623,BA32_4723,BA32_4823,BA32_4524,BA32_4624,BA32_4724,BA32_4824,BA32_4025,BA32_3925,BA32_3825,BA32_3725,BA32_4026,BA32_3926,BA32_4027,BA32_4424,BA32_4324,BA32_4625,BA32_4725,BA32_4525,BA32_4425,BA32_4825,BA32_4325,BA32_4326,BA32_4426,BA32_4526,BA32_4626,BA32_4726,BA32_4826,BA32_4527,BA32_4627,BA32_4427,BA32_4327,BA32_4727,BA32_4827,BA32_4528,BA32_4428,BA32_4628,BA32_4728,BA32_4328,BA32_4828,BA32_4629,BA32_4729,BA32_4529,BA32_4429,BA32_4329,BA32_4829,BA32_4630,BA32_4530,BA32_4430,BA32_4330,BA32_4730,BA32_4830,BA32_4228,BA32_4127,BA32_4229,BA32_4230,BA32_4128,BA32_4129,BA32_4130,BA32_4131,BA32_4231,BA32_4331,BA32_4431,BA32_4531,BA32_4631,BA32_4731,BA32_4831,BA32_4232,BA32_4132,BA32_4332,BA32_4432,BA32_4532,BA32_4632,BA32_4732,BA32_4832,BA32_4333,BA32_4433,BA32_4533,BA32_4233,BA32_4133,BA32_4633,BA32_4733,BA32_4833,BA32_4334,BA32_4234,BA32_4134,BA32_4434,BA32_4534,BA32_4634,BA32_4734,BA32_4834,BA32_4735,BA32_4635,BA32_4535,BA32_4435,BA32_4335,BA32_4235,BA32_4835,BA32_4031,BA32_4030,BA32_4029,BA32_3930,BA32_3929,BA32_3928,BA32_4636,BA32_4736,BA32_4536,BA32_4436,BA32_4336,BA32_4236,BA32_4637,BA32_4737,BA32_4537,BA32_4437,BA32_4337,BA32_3829,BA32_3830,BA32_3828,BA32_4538,BA32_4438,BA32_4638,BA32_4338,BA32_3729,BA32_3728,BA32_3730,BA32_3628,BA32_3629,BA32_4906,BA32_4907,BA32_4908,BA32_4909,BA32_4910,BA32_4911,BA32_4912,BA32_4913,BA32_4914,BA32_4915,BA32_4916,BA32_4917,BA32_4918,BA32_4919,BA32_4920,BA32_4921,BA32_4922,BA32_4923,BA32_4924,BA32_4925,BA32_4926,BA32_4927,BA32_4928,BA32_4929,BA32_4930,BA32_4931,BA32_4932,BA32_4933,BA32_5006,BA32_5007,BA32_5008,BA32_5009,BA32_5005,BA32_5004,BA32_5003,BA32_5015,BA32_5016,BA32_5017,BA32_5018,BA32_5019,BA32_5020,BA32_5021,BA32_5022,BA32_5023,BA32_5024,BA32_5025,BA32_5026,BA32_5027,BA32_5028,BA32_5029,BA32_5030,BA32_5031,BA32_5032,BA32_5033,BB31_0127,BB31_0128,BB31_0129,BB31_0130,BB31_0131,BB31_0132,BB31_0133,BB31_0134,BB31_0135,BB31_0126,BB31_0226,BB31_0227,BB31_0228,BB31_0229,BB31_0230,BB31_0231,BB31_0232,BB31_0233,BB31_0234,BB31_0326,BB31_0327,BB31_0328,BB31_0329,BB31_0330,BB31_0331,BB31_0332,BB31_0427,BB31_0428,BB31_0429,BB31_0430,BB31_0431,BB31_0432,BB31_0528,BB31_0529,BB31_0530,BB31_0628,BB32_0103,BB32_0104,BB32_0105,BB32_0106,BB32_0107,BB32_0108,BB32_0109,BB32_0102,BB32_0110,BB32_0111,BB32_0112,BB32_0113,BB32_0114,BB32_0115,BB32_0116,BB32_0117,BB32_0118,BB32_0119,BB32_0120,BB32_0121,BB32_0122,BB32_0123,BB32_0124,BB32_0125,BB32_0126,BB32_0127,BB32_0128,BB32_0129,BB32_0130,BB32_0131,BB32_0132,BB32_0133,BB32_0204,BB32_0205,BB32_0206,BB32_0207,BB32_0208,BB32_0209,BB32_0210,BB32_0211,BB32_0212,BB32_0213,BB32_0214,BB32_0215,BB32_0216,BB32_0217,BB32_0218,BB32_0219,BB32_0220,BB32_0221,BB32_0222,BB32_0223,BB32_0224,BB32_0225,BB32_0226,BB32_0227,BB32_0228,BB32_0229,BB32_0230,BB32_0231,BB32_0232,BB32_0233,BB32_0234,BB32_0305,BB32_0306,BB32_0307,BB32_0308,BB32_0309,BB32_0310,BB32_0311,BB32_0312,BB32_0313,BB32_0314,BB32_0315,BB32_0316,BB32_0317,BB32_0318,BB32_0319,BB32_0320,BB32_0321,BB32_0322,BB32_0323,BB32_0324,BB32_0325,BB32_0326,BB32_0327,BB32_0328,BB32_0329,BB32_0330,BB32_0331,BB32_0332,BB32_0333,BB32_0334,BB32_0335,BB32_0405,BB32_0406,BB32_0407,BB32_0408,BB32_0409,BB32_0410,BB32_0411,BB32_0412,BB32_0413,BB32_0414,BB32_0415,BB32_0416,BB32_0417,BB32_0418,BB32_0419,BB32_0420,BB32_0421,BB32_0422,BB32_0423,BB32_0424,BB32_0425,BB32_0426,BB32_0427,BB32_0428,BB32_0429,BB32_0430,BB32_0431,BB32_0432,BB32_0433,BB32_0434,BB32_0435,BB32_0404,BB32_0436,BB32_0504,BB32_0505,BB32_0506,BB32_0507,BB32_0508,BB32_0509,BB32_0510,BB32_0511,BB32_0512,BB32_0513,BB32_0514,BB32_0515,BB32_0516,BB32_0517,BB32_0518,BB32_0519,BB32_0520,BB32_0521,BB32_0522,BB32_0523,BB32_0524,BB32_0525,BB32_0526,BB32_0527,BB32_0528,BB32_0529,BB32_0530,BB32_0531,BB32_0532,BB32_0533,BB32_0534,BB32_0535,BB32_0503,BB32_0603,BB32_0604,BB32_0605,BB32_0606,BB32_0607,BB32_0608,BB32_0609,BB32_0610,BB32_0611,BB32_0612,BB32_0613,BB32_0614,BB32_0615,BB32_0616,BB32_0617,BB32_0618,BB32_0619,BB32_0620,BB32_0621,BB32_0622,BB32_0623,BB32_0624,BB32_0625,BB32_0626,BB32_0627,BB32_0628,BB32_0629,BB32_0630,BB32_0631,BB32_0632,BB32_0633,BB32_0634,BB32_0635,BB32_0602,BB32_0702,BB32_0703,BB32_0704,BB32_0705,BB32_0706,BB32_0707,BB32_0708,BB32_0709,BB32_0710,BB32_0701,BB32_0712,BB32_0713,BB32_0714,BB32_0715,BB32_0716,BB32_0717,BB32_0718,BB32_0719,BB32_0720,BB32_0721,BB32_0722,BB32_0723,BB32_0724,BB32_0725,BB32_0726,BB32_0727,BB32_0728,BB32_0729,BB32_0730,BB32_0731,BB32_0732,BB32_0733,BB32_0734,BB32_0735,BB32_0736,BB32_0801,BB32_0802,BB32_0803,BB32_0804,BB32_0805,BB32_0806,BB32_0807,BB32_0808,BB32_0809,BB32_0810,BB31_0850,BB31_0950,BB32_0901,BB32_0902,BB32_0903,BB32_0904,BB32_0905,BB32_0906,BB32_0907,BB32_0908,BB32_0909,BB32_0910,BB32_0817,BB32_0818,BB32_0819,BB32_0820,BB32_0821,BB32_0822,BB32_0823,BB32_0824,BB32_0825,BB32_0826,BB32_0827,BB32_0828,BB32_0829,BB32_0830,BB32_0831,BB32_0832,BB32_0833,BB32_0834,BB32_0835,BB32_0836,BB32_0816,BB32_0815,BB32_0814,BB32_0813,BB32_0812,BB32_0911,BB32_0912,BB32_0913,BB32_0914,BB32_0915,BB32_0916,BB32_0917,BB32_0918,BB32_0919,BB32_0920,BB32_0921,BB32_0922,BB32_0923,BB32_0924,BB32_0925,BB32_0926,BB32_0927,BB32_0928,BB32_0929,BB32_0933,BB32_0934,BB32_1001,BB32_1002,BB32_1003,BB32_1004,BB32_1005,BB32_1006,BB32_1007,BB32_1008,BB32_1009,BB32_1010,BB32_1011,BB32_1012,BB32_1013,BB32_1014,BB32_1015,BB32_1016,BB32_1017,BB32_1018,BB32_1019,BB32_1020,BB32_1021,BB32_1022,BB32_1023,BB32_1024,BB32_1025,BB32_1026,BB32_1027,BB32_1028,BB32_1029,BB32_1030,BB32_1031,BB32_1032,BB32_1033,BB32_1103,BB32_1104,BB32_1105,BB32_1106,BB32_1107,BB32_1108,BB32_1109,BB32_1110,BB32_1111,BB32_1112,BB32_1113,BB32_1114,BB32_1115,BB32_1116,BB32_1117,BB32_1118,BB32_1119,BB32_1120,BB32_1121,BB32_1122,BB32_1123,BB32_1124,BB32_1125,BB32_1126,BB32_1127,BB32_1128,BB32_1129,BB32_1130,BB32_1131,BB32_1132,BB32_1203,BB32_1204,BB32_1205,BB32_1206,BB32_1207,BB32_1209,BB32_1210,BB32_1211,BB32_1212,BB32_1214,BB32_1215,BB32_1216,BB32_1217,BB32_1218,BB32_1219,BB32_1220,BB32_1221,BB32_1222,BB32_1223,BB32_1224,BB32_1225,BB32_1226,BB32_1227,BB32_1228,BB32_1229,BB32_1230,BB32_1231,BB32_1232,BB32_1316,BB32_1317,BB32_1318,BB32_1319,BB32_1320,BB32_1321,BB32_1322,BB32_1323,BB32_1324,BB32_1325,BB32_1326,BB32_1327,BB32_1328,BB32_1329,BB32_1330,BB32_1331,BB32_1332,BB32_1417,BB32_1418,BB32_1419,BB32_1420,BB32_1421,BB32_1422,BB32_1423,BB32_1424,BB32_1425,BB32_1426,BB32_1427,BB32_1428,BB32_1429,BB32_1430,BB32_1431,BB32_1432,BB32_1433,BB32_1519,BB32_1520,BB32_1521,BB32_1522,BB32_1523,BB32_1524,BB32_1525,BB32_1526,BB32_1527,BB32_1528,BB32_1529,BB32_1530,BB32_1531,BB32_1532,BB32_1533,BB32_1534,BB32_1535,BB32_1536,BB32_1619,BB32_1620,BB32_1621,BB32_1622,BB32_1623,BB32_1624,BB32_1625,BB32_1626,BB32_1627,BB32_1628,BB32_1629,BB32_1630,BB32_1631,BB32_1632,BB32_1633,BB32_1634,BB32_1635,BB32_1636,BB32_1637,BB32_1719,BB32_1720,BB32_1721,BB32_1722,BB32_1723,BB32_1724,BB32_1725,BB32_1726,BB32_1727,BB32_1728,BB32_1729,BB32_1730,BB32_1731,BB32_1732,BB32_1733,BB32_1734,BB32_1735,BB32_1736,BB32_1737,BB32_1738,BB32_1739,BB32_1740,BB32_1741,BB32_1820,BB32_1821,BB32_1822,BB32_1823,BB32_1824,BB32_1825,BB32_1826,BB32_1828,BB32_1829,BB32_1830,BB32_1831,BB32_1832,BB32_1833,BB32_1834,BB32_1835,BB32_1836,BB32_1837,BB32_1838,BB32_1839,BB32_1840,BB32_1841,BB32_1925,BB32_1928,BB32_1929,BB32_1930,BB32_1931,BB32_1932,BB32_1933,BB32_1934,BB32_1935,BB32_1936,BB32_1937,BB32_1938,BB32_1939,BB32_1940,BB32_1941,BB32_1942,BB32_2030,BB32_2031,BB32_2032,BB32_2033,BB32_2034,BB32_2035,BB32_2036,BB32_2037,BB32_2038,BB32_2039,BB32_2040,BB32_2041,BB32_2042,BB32_2029,BB32_2028,BB32_2130,BB32_2131,BB32_2132,BB32_2133,BB32_2134,BB32_2135,BB32_2136,BB32_2137,BB32_2138,BB32_2139,BB32_2140,BB32_2141,BB32_2142,BB32_2129,BB32_2128,BB32_2143,BB32_2230,BB32_2231,BB32_2232,BB32_2233,BB32_2234,BB32_2235,BB32_2236,BB32_2237,BB32_2238,BB32_2239,BB32_2240,BB32_2241,BB32_2242,BB32_2229,BB32_2228,BB32_2331,BB32_2332,BB32_2333,BB32_2334,BB32_2335,BB32_2336,BB32_2330,BB32_2329,BB32_2328,BB32_2435,BB32_2436,BB32_2434,BB32_2433,BB32_2432,BB32_2533,BB32_2534,BB32_2535,BB32_2536,BB32_2532,BB32_2632,BB32_2633,BB32_2634,BB32_2635,BB32_2636,BB32_2631,BB32_2531,BB32_2637,BB32_2537,BB32_2437,BB32_2731,BB32_2732,BB32_2733,BB32_2734,BB32_2735,BB32_2736,BB32_2737,BB32_2738,BB32_2638,BB32_2538,BB32_2739,BB32_2639,BB32_2539,BB32_2831,BB32_2832,BB32_2833,BB32_2834,BB32_2835,BB32_2836,BB32_2837,BB32_2838,BB32_2839,BB32_2840,BB32_2740,BB32_2640,BB32_2931,BB32_2932,BB32_2933,BB32_2934,BB32_2935,BB32_2936,BB32_2937,BB32_2938,BB32_2939,BB32_2940,BB32_2941,BB32_2841,BB32_2741,BB32_3031,BB32_3032,BB32_3033,BB32_3034,BB32_3035,BB32_3036,BB32_3037,BB32_3038,BB32_3039,BB32_3040,BB32_3041,BB32_3042,BB32_2942,BB32_2842,BB32_2742,BB32_3139,BB32_3140,BB32_3141,BB32_3142,BB32_3240,BB32_2227,BB32_2327,BB32_3043,BB32_3133,BB32_3132,BA32_3104,BA32_4226,BA32_4227,BA32_3204,BA32_3305</name>
      <styleUrl>#area1</styleUrl>
      <Polygon>
        <outerBoundaryIs>
          <LinearRing>
            <coordinates>
              174.9007635185,-37.0771415839,0
              174.8953663170,-37.0772279855,0
              174.8956894631,-37.0902014584,0
              174.9010875835,-37.0901150164,0
              174.9007635185,-37.0771415839,0
            </coordinates>
          </LinearRing>
        </outerBoundaryIs>
      </Polygon>
    </Placemark>
    <Placemark>
      <description><![CDATA[Unknown Area Type<BR><BR><B>LAYER</B> = Unknown Area Type<BR><B>MAP_NAME</B> = Auckland2026_1K_Tiles<BR><B>NAME</B> = BA31_0850,BA31_0950,BA31_0949,BA31_1049,BA31_1050,BA31_1048,BA31_1047,BA31_1147,BA31_1148,BA31_1149,BA31_1150,BA31_1146,BA31_1145,BA31_1245,BA31_1246,BA31_1247,BA31_1248,BA31_1249,BA31_1250,BA31_1345,BA31_1346,BA31_1347,BA31_1348,BA31_1349,BA31_1350,BA31_1445,BA31_1446,BA31_1447,BA31_1448,BA31_1449,BA31_1450,BA31_1444,BA31_1443,BA31_1543,BA31_1544,BA31_1545,BA31_1546,BA31_1547,BA31_1548,BA31_1549,BA31_1550,BA31_1542,BA31_1541,BA31_1641,BA31_1642,BA31_1643,BA31_1644,BA31_1645,BA31_1646,BA31_1647,BA31_1648,BA31_1649,BA31_1650,BA31_1640,BA31_1639,BA31_1638,BA31_1739,BA31_1740,BA31_1741,BA31_1742,BA31_1743,BA31_1744,BA31_1745,BA31_1746,BA31_1747,BA31_1748,BA31_1749,BA31_1750,BA31_1839,BA31_1840,BA31_1841,BA31_1842,BA31_1843,BA31_1844,BA31_1845,BA31_1846,BA31_1847,BA31_1848,BA31_1849,BA31_1850,BA31_1939,BA31_1940,BA31_1941,BA31_1942,BA31_1943,BA31_1944,BA31_1945,BA31_1946,BA31_1947,BA31_1948,BA31_1949,BA31_1950,BA31_1938,BA31_2038,BA31_2039,BA31_2040,BA31_2041,BA31_2042,BA31_2043,BA31_2044,BA31_2045,BA31_2046,BA31_2047,BA31_2048,BA31_2049,BA31_2050,BA31_2138,BA31_2139,BA31_2140,BA31_2141,BA31_2142,BA31_2143,BA31_2144,BA31_2145,BA31_2146,BA31_2147,BA31_2148,BA31_2149,BA31_2150,BA31_2137,BA31_2237,BA31_2238,BA31_2239,BA31_2240,BA31_2241,BA31_2242,BA31_2243,BA31_2244,BA31_2245,BA31_2246,BA31_2247,BA31_2248,BA31_2249,BA31_2250,BA31_2337,BA31_2338,BA31_2339,BA31_2340,BA31_2341,BA31_2342,BA31_2343,BA31_2344,BA31_2345,BA31_2346,BA31_2347,BA31_2348,BA31_2349,BA31_2350,BA31_2336,BA31_2335,BA31_2435,BA31_2436,BA31_2437,BA31_2438,BA31_2439,BA31_2440,BA31_2441,BA31_2442,BA31_2443,BA31_2444,BA31_2445,BA31_2446,BA31_2447,BA31_2448,BA31_2449,BA31_2450,BA31_2535,BA31_2536,BA31_2537,BA31_2538,BA31_2539,BA31_2540,BA31_2541,BA31_2542,BA31_2543,BA31_2544,BA31_2545,BA31_2546,BA31_2547,BA31_2548,BA31_2549,BA31_2550,BA31_2635,BA31_2636,BA31_2637,BA31_2638,BA31_2639,BA31_2640,BA31_2641,BA31_2642,BA31_2643,BA31_2644,BA31_2645,BA31_2646,BA31_2647,BA31_2648,BA31_2649,BA31_2650,BA31_2634,BA31_2633,BA31_2733,BA31_2734,BA31_2735,BA31_2736,BA31_2737,BA31_2738,BA31_2739,BA31_2740,BA31_2741,BA31_2742,BA31_2743,BA31_2744,BA31_2745,BA31_2746,BA31_2747,BA31_2748,BA31_2749,BA31_2750,BA31_2732,BA31_2731,BA31_2730,BA31_2830,BA31_2831,BA31_2832,BA31_2833,BA31_2834,BA31_2835,BA31_2836,BA31_2837,BA31_2838,BA31_2839,BA31_2840,BA31_2841,BA31_2842,BA31_2843,BA31_2844,BA31_2845,BA31_2846,BA31_2847,BA31_2848,BA31_2849,BA31_2850,BA31_2829,BA31_2828,BA31_2827,BA31_2727,BA31_2726,BA31_2826,BA31_2626,BA31_2625,BA31_2725,BA31_2825,BA31_2624,BA31_2724,BA31_2824,BA31_2823,BA31_2723,BA31_2623,BA31_2622,BA31_2722,BA31_2822,BA31_2821,BA31_2721,BA31_2921,BA31_2922,BA31_2923,BA31_2924,BA31_2925,BA31_2926,BA31_2927,BA31_2928,BA31_2929,BA31_2930,BA31_2931,BA31_2932,BA31_2933,BA31_2934,BA31_2935,BA31_2936,BA31_2939,BA31_2940,BA31_2941,BA31_2942,BA31_2943,BA31_2944,BA31_2945,BA31_2946,BA31_2947,BA31_2948,BA31_2949,BA31_2950,BA31_3021,BA31_3022,BA31_3023,BA31_3024,BA31_3025,BA31_3026,BA31_3027,BA31_3028,BA31_3029,BA31_3030,BA31_3031,BA31_3020,BA31_3039,BA31_3040,BA31_3041,BA31_3042,BA31_3043,BA31_3044,BA31_3045,BA31_3046,BA31_3047,BA31_3048,BA31_3049,BA31_3050,BA31_3120,BA31_3121,BA31_3122,BA31_3123,BA31_3124,BA31_3125,BA31_3126,BA31_3127,BA31_3128,BA31_3129,BA31_3130,BA31_3131,BA31_3119,BA31_3140,BA31_3141,BA31_3142,BA31_3143,BA31_3144,BA31_3145,BA31_3146,BA31_3147,BA31_3148,BA31_3149,BA31_3150,BA31_3219,BA31_3220,BA31_3221,BA31_3222,BA31_3223,BA31_3224,BA31_3225,BA31_3226,BA31_3227,BA31_3228,BA31_3229,BA31_3230,BA31_3231,BA31_3218,BA31_3232,BA31_3233,BA31_3241,BA31_3242,BA31_3243,BA31_3244,BA31_3245,BA31_3246,BA31_3247,BA31_3248,BA31_3249,BA31_3250,BA31_3318,BA31_3319,BA31_3320,BA31_3321,BA31_3322,BA31_3323,BA31_3324,BA31_3325,BA31_3326,BA31_3327,BA31_3328,BA31_3329,BA31_3330,BA31_3331,BA31_3332,BA31_3333,BA31_3334,BA31_3350,BA31_3419,BA31_3420,BA31_3421,BA31_3422,BA31_3423,BA31_3424,BA31_3425,BA31_3426,BA31_3427,BA31_3428,BA31_3429,BA31_3430,BA31_3431,BA31_3432,BA31_3433,BA31_3434,BA31_3450,BA31_3449,BA31_3522,BA31_3523,BA31_3524,BA31_3525,BA31_3526,BA31_3527,BA31_3528,BA31_3529,BA31_3530,BA31_3531,BA31_3532,BA31_3533,BA31_3534,BA31_3549,BA31_3550,BA31_3548,BA31_3547,BA31_3546,BA31_3622,BA31_3623,BA31_3624,BA31_3625,BA31_3626,BA31_3627,BA31_3628,BA31_3629,BA31_3630,BA31_3631,BA31_3632,BA31_3633,BA31_3634,BA31_3621,BA31_3646,BA31_3647,BA31_3648,BA31_3649,BA31_3650,BA31_3645,BA31_3644,BA31_3643,BA31_3642,BA31_3721,BA31_3722,BA31_3723,BA31_3724,BA31_3725,BA31_3726,BA31_3727,BA31_3728,BA31_3729,BA31_3730,BA31_3731,BA31_3732,BA31_3733,BA31_3720,BA31_3719,BA31_3718,BA31_3742,BA31_3743,BA31_3744,BA31_3745,BA31_3746,BA31_3747,BA31_3748,BA31_3749,BA31_3750,BA31_3741,BA31_3818,BA31_3819,BA31_3820,BA31_3821,BA31_3822,BA31_3823,BA31_3824,BA31_3825,BA31_3826,BA31_3827,BA31_3828,BA31_3829,BA31_3830,BA31_3831,BA31_3832,BA31_3833,BA31_3817,BA31_3816,BA31_3841,BA31_3842,BA31_3843,BA31_3844,BA31_3845,BA31_3846,BA31_3847,BA31_3848,BA31_3849,BA31_3850,BA31_3917,BA31_3918,BA31_3919,BA31_3920,BA31_3921,BA31_3922,BA31_3923,BA31_3924,BA31_3925,BA31_3926,BA31_3927,BA31_3928,BA31_3929,BA31_3930,BA31_3931,BA31_3932,BA31_3933,BA31_3934,BA31_3935,BA31_3835,BA31_3936,BA31_3937,BA31_3941,BA31_3942,BA31_3943,BA31_3944,BA31_3945,BA31_3946,BA31_3947,BA31_3948,BA31_3949,BA31_3950,BA31_3940,BA31_4021,BA31_4022,BA31_4023,BA31_4024,BA31_4025,BA31_4026,BA31_4027,BA31_4028,BA31_4029,BA31_4030,BA31_4031,BA31_4032,BA31_4033,BA31_4034,BA31_4035,BA31_4036,BA31_4037,BA31_4040,BA31_4041,BA31_4042,BA31_4043,BA31_4044,BA31_4045,BA31_4046,BA31_4047,BA31_4048,BA31_4049,BA31_4050,BA31_4122,BA31_4123,BA31_4124,BA31_4125,BA31_4126,BA31_4127,BA31_4128,BA31_4129,BA31_4130,BA31_4131,BA31_4132,BA31_4133,BA31_4134,BA31_4135,BA31_4136,BA31_4137,BA31_4138,BA31_4139,BA31_4140,BA31_4141,BA31_4142,BA31_4143,BA31_4144,BA31_4145,BA31_4146,BA31_4147,BA31_4148,BA31_4149,BA31_4150,BA31_4223,BA31_4224,BA31_4225,BA31_4226,BA31_4227,BA31_4228,BA31_4229,BA31_4230,BA31_4231,BA31_4232,BA31_4233,BA31_4234,BA31_4235,BA31_4236,BA31_4237,BA31_4238,BA31_4239,BA31_4240,BA31_4241,BA31_4242,BA31_4243,BA31_4244,BA31_4245,BA31_4246,BA31_4247,BA31_4248,BA31_4249,BA31_4250,BA31_4323,BA31_4324,BA31_4325,BA31_4326,BA31_4327,BA31_4328,BA31_4329,BA31_4330,BA31_4331,BA31_4332,BA31_4333,BA31_4334,BA31_4335,BA31_4336,BA31_4337,BA31_4338,BA31_4339,BA31_4340,BA31_4341,BA31_4342,BA31_4343,BA31_4344,BA31_4345,BA31_4346,BA31_4347,BA31_4348,BA31_4349,BA31_4350,BA31_4425,BA31_4426,BA31_4427,BA31_4428,BA31_4429,BA31_4430,BA31_4431,BA31_4432,BA31_4433,BA31_4434,BA31_4435,BA31_4436,BA31_4437,BA31_4438,BA31_4439,BA31_4440,BA31_4441,BA31_4442,BA31_4443,BA31_4444,BA31_4445,BA31_4446,BA31_4447,BA31_4448,BA31_4449,BA31_4450,BA31_4526,BA31_4527,BA31_4528,BA31_4529,BA31_4530,BA31_4531,BA31_4532,BA31_4533,BA31_4534,BA31_4535,BA31_4536,BA31_4537,BA31_4538,BA31_4539,BA31_4540,BA31_4541,BA31_4542,BA31_4543,BA31_4544,BA31_4545,BA31_4546,BA31_4547,BA31_4548,BA31_4549,BA31_4550,BA31_4626,BA31_4627,BA31_4628,BA31_4629,BA31_4630,BA31_4631,BA31_4632,BA31_4633,BA31_4634,BA31_4635,BA31_4636,BA31_4637,BA31_4638,BA31_4639,BA31_4640,BA31_4641,BA31_4642,BA31_4643,BA31_4644,BA31_4645,BA31_4646,BA31_4647,BA31_4648,BA31_4649,BA31_4650,BA31_4728,BA31_4729,BA31_4730,BA31_4731,BA31_4732,BA31_4733,BA31_4734,BA31_4735,BA31_4736,BA31_4737,BA31_4738,BA31_4739,BA31_4740,BA31_4741,BA31_4742,BA31_4743,BA31_4744,BA31_4745,BA31_4746,BA31_4747,BA31_4748,BA31_4749,BA31_4750,BA31_4829,BA31_4830,BA31_4831,BA31_4832,BA31_4833,BA31_4834,BA31_4835,BA31_4836,BA31_4837,BA31_4838,BA31_4839,BA31_4840,BA31_4841,BA31_4842,BA31_4843,BA31_4844,BA31_4845,BA31_4846,BA31_4847,BA31_4848,BA31_4849,BA31_4850,BA31_4929,BA31_4930,BA31_4931,BA31_4932,BA31_4933,BA31_4934,BA31_4935,BA31_4936,BA31_4937,BA31_4938,BA31_4939,BA31_4940,BA31_4941,BA31_4928,BA31_4943,BA31_4944,BA31_4945,BA31_4946,BA31_4947,BA31_4948,BA31_4949,BA31_4950,BA31_5028,BA31_5029,BA31_5030,BA31_5031,BA31_5032,BA31_5033,BA31_5034,BA31_5035,BA31_5036,BA31_5027,BA31_5045,BA31_5046,BA31_5047,BA32_0801,BA32_0901,BA32_1001,BA32_1101,BA32_1201,BA32_1301,BA32_1401,BA32_1501,BA32_1601,BA32_1701,BA32_1801,BA32_1901,BA32_2001,BA32_2101,BA32_2201,BA32_2301,BA32_2401,BA32_2501,BA32_2601,BA32_2701,BA32_2801,BA32_2901,BA32_3001,BA32_3101,BA32_3201,BA32_3301,BA32_3401,BA32_3501,BA32_3601,BA32_3701,BA32_3801,BA32_3901,BA32_4001,BA32_4101,BA32_4201,BA32_4301,BA32_4401,BA32_4501,BA32_4601,BA32_4701,BA32_4801,BA32_4901,BA32_2402,BA32_2502,BA32_2602,BA32_2702,BA32_2802,BA32_2902,BA32_3002,BA32_3102,BA32_2302,BA32_2202,BA32_2102,BA32_2002,BA32_1902,BA32_1802,BA32_1702,BA32_1602,BA32_1502,BA32_1402,BA32_1302,BA32_1202,BA32_1102,BA32_2603,BA32_2703,BA32_2803,BA32_2903,BA32_2503,BA32_2403,BA32_2303,BA32_2203,BA32_2103,BA32_2003,BA32_1903,BA32_2904,BA32_2804,BA32_2704,BA32_2604,BA32_2504,BA32_2404,BA32_2304,BA32_2204,BA32_2104,BA32_2004,BA32_1303,BA32_1203,BA32_3402,BA32_3502,BA32_3602,BA32_3702,BA32_3802,BA32_3902,BA32_4002,BA32_4102,BA32_4202,BA32_4302,BA32_4402,BA32_4502,BA32_4602,BA32_4702,BA32_4802,BA32_4902,BA32_3503,BA32_3603,BA32_3703,BA32_3803,BA32_3903,BA32_4003,BA32_4103,BA32_4203,BA32_4303,BA32_4403,BA32_4503,BA32_4603,BA32_4703,BA32_4803,BA32_3504,BA32_3604,BA32_3704,BA32_3804,BA32_3904,BA32_4004,BA32_4104,BA32_4204,BA32_4304,BA32_4404,BA32_4504,BA32_4604,BA32_4704,BA32_4804,BA32_3605,BA32_3705,BA32_3805,BA32_3905,BA32_4005,BA32_4105,BA32_4205,BA32_4305,BA32_4405,BA32_4505,BA32_4605,BA32_4705,BA32_3505,BA32_4805,BA32_3706,BA32_3806,BA32_3906,BA32_4006,BA32_4106,BA32_4206,BA32_4306,BA32_4406,BA32_4506,BA32_4606,BA32_3606,BA32_3506,BA32_4706,BA32_4806,BA32_3507,BA32_3607,BA32_3707,BA32_3807,BA32_3907,BA32_4007,BA32_4107,BA32_4207,BA32_4307,BA32_4407,BA32_4507,BA32_4607,BA32_4707,BA32_4807,BA32_3508,BA32_3608,BA32_3708,BA32_3808,BA32_3908,BA32_4008,BA32_4108,BA32_4208,BA32_4308,BA32_4408,BA32_4508,BA32_4608,BA32_4708,BA32_4808,BA32_3809,BA32_3909,BA32_4009,BA32_4109,BA32_4209,BA32_4309,BA32_4409,BA32_4509,BA32_3709,BA32_3609,BA32_4609,BA32_4709,BA32_4809,BA32_3910,BA32_4010,BA32_4110,BA32_4210,BA32_4310,BA32_4410,BA32_4510,BA32_4610,BA32_4710,BA32_3810,BA32_3710,BA32_4810,BA32_3811,BA32_3911,BA32_4011,BA32_4111,BA32_4211,BA32_4311,BA32_4411,BA32_4511,BA32_4611,BA32_4711,BA32_3711,BA32_4811,BA32_3912,BA32_3812,BA32_4012,BA32_4112,BA32_4212,BA32_4312,BA32_4412,BA32_3712,BA32_4512,BA32_4612,BA32_4712,BA32_4812,BA32_4013,BA32_4113,BA32_4213,BA32_4313,BA32_3913,BA32_3813,BA32_4413,BA32_4513,BA32_4613,BA32_4713,BA32_3713,BA32_4813,BA32_3613,BA32_3612,BA32_3611,BA32_4014,BA32_4114,BA32_4214,BA32_4314,BA32_4414,BA32_3914,BA32_3814,BA32_3714,BA32_3614,BA32_4514,BA32_4614,BA32_4714,BA32_4814,BA32_2505,BA32_2405,BA32_2605,BA32_2705,BA32_2805,BA32_2905,BA32_3407,BA32_2806,BA32_2706,BA32_2906,BA32_2606,BA32_2506,BA32_2406,BA32_4115,BA32_4215,BA32_4315,BA32_4415,BA32_4515,BA32_4015,BA32_3915,BA32_3815,BA32_3715,BA32_3615,BA32_4615,BA32_4715,BA32_4815,BA32_4116,BA32_4216,BA32_4316,BA32_4416,BA32_4516,BA32_4616,BA32_4016,BA32_3916,BA32_3816,BA32_3716,BA32_3616,BA32_4716,BA32_4816,BA32_3005,BA32_3006,BA32_3105,BA32_3106,BA32_3206,BA32_3205,BA32_3306,BA32_3307,BA32_3207,BA32_3107,BA32_3007,BA32_2907,BA32_2807,BA32_2707,BA32_4217,BA32_4317,BA32_4117,BA32_4417,BA32_4517,BA32_4617,BA32_4717,BA32_4017,BA32_3917,BA32_3817,BA32_3717,BA32_3617,BA32_4817,BA32_2908,BA32_3008,BA32_3108,BA32_2808,BA32_3208,BA32_3308,BA32_3718,BA32_3618,BA32_3818,BA32_3918,BA32_4018,BA32_4118,BA32_4218,BA32_4318,BA32_4418,BA32_4518,BA32_4618,BA32_4718,BA32_4818,BA32_3009,BA32_2909,BA32_3109,BA32_3209,BA32_3309,BA32_3409,BA32_4219,BA32_4319,BA32_4419,BA32_4519,BA32_4119,BA32_4619,BA32_4019,BA32_3919,BA32_3819,BA32_4719,BA32_4819,BA32_3719,BA32_3619,BA32_2205,BA32_4220,BA32_4320,BA32_4420,BA32_4520,BA32_4620,BA32_4120,BA32_4720,BA32_4820,BA32_4020,BA32_3920,BA32_3820,BA32_3720,BA32_3620,BA32_3721,BA32_3621,BA32_3821,BA32_3921,BA32_4021,BA32_4121,BA32_4221,BA32_4321,BA32_4421,BA32_4521,BA32_4621,BA32_4721,BA32_4821,BA32_3210,BA32_3310,BA32_3410,BA32_3110,BA32_3010,BA32_4422,BA32_4522,BA32_4622,BA32_4322,BA32_4222,BA32_4122,BA32_4022,BA32_3922,BA32_4722,BA32_3822,BA32_3722,BA32_3622,BA32_4822,BA32_4123,BA32_4023,BA32_3923,BA32_3823,BA32_3723,BA32_4223,BA32_3623,BA32_3824,BA32_3724,BA32_3624,BA32_3924,BA32_4024,BA32_4124,BA32_3311,BA32_3211,BA32_3111,BA32_3515,BA32_3514,BA32_3522,BA32_3212,BA32_3312,BA32_4523,BA32_4623,BA32_4723,BA32_4823,BA32_4524,BA32_4624,BA32_4724,BA32_4824,BA32_4025,BA32_3925,BA32_3825,BA32_3725,BA32_4026,BA32_3926,BA32_4027,BA32_4424,BA32_4324,BA32_4625,BA32_4725,BA32_4525,BA32_4425,BA32_4825,BA32_4325,BA32_4326,BA32_4426,BA32_4526,BA32_4626,BA32_4726,BA32_4826,BA32_4527,BA32_4627,BA32_4427,BA32_4327,BA32_4727,BA32_4827,BA32_4528,BA32_4428,BA32_4628,BA32_4728,BA32_4328,BA32_4828,BA32_4629,BA32_4729,BA32_4529,BA32_4429,BA32_4329,BA32_4829,BA32_4630,BA32_4530,BA32_4430,BA32_4330,BA32_4730,BA32_4830,BA32_4228,BA32_4127,BA32_4229,BA32_4230,BA32_4128,BA32_4129,BA32_4130,BA32_4131,BA32_4231,BA32_4331,BA32_4431,BA32_4531,BA32_4631,BA32_4731,BA32_4831,BA32_4232,BA32_4132,BA32_4332,BA32_4432,BA32_4532,BA32_4632,BA32_4732,BA32_4832,BA32_4333,BA32_4433,BA32_4533,BA32_4233,BA32_4133,BA32_4633,BA32_4733,BA32_4833,BA32_4334,BA32_4234,BA32_4134,BA32_4434,BA32_4534,BA32_4634,BA32_4734,BA32_4834,BA32_4735,BA32_4635,BA32_4535,BA32_4435,BA32_4335,BA32_4235,BA32_4835,BA32_4031,BA32_4030,BA32_4029,BA32_3930,BA32_3929,BA32_3928,BA32_4636,BA32_4736,BA32_4536,BA32_4436,BA32_4336,BA32_4236,BA32_4637,BA32_4737,BA32_4537,BA32_4437,BA32_4337,BA32_3829,BA32_3830,BA32_3828,BA32_4538,BA32_4438,BA32_4638,BA32_4338,BA32_3729,BA32_3728,BA32_3730,BA32_3628,BA32_3629,BA32_4906,BA32_4907,BA32_4908,BA32_4909,BA32_4910,BA32_4911,BA32_4912,BA32_4913,BA32_4914,BA32_4915,BA32_4916,BA32_4917,BA32_4918,BA32_4919,BA32_4920,BA32_4921,BA32_4922,BA32_4923,BA32_4924,BA32_4925,BA32_4926,BA32_4927,BA32_4928,BA32_4929,BA32_4930,BA32_4931,BA32_4932,BA32_4933,BA32_5006,BA32_5007,BA32_5008,BA32_5009,BA32_5005,BA32_5004,BA32_5003,BA32_5015,BA32_5016,BA32_5017,BA32_5018,BA32_5019,BA32_5020,BA32_5021,BA32_5022,BA32_5023,BA32_5024,BA32_5025,BA32_5026,BA32_5027,BA32_5028,BA32_5029,BA32_5030,BA32_5031,BA32_5032,BA32_5033,BB31_0127,BB31_0128,BB31_0129,BB31_0130,BB31_0131,BB31_0132,BB31_0133,BB31_0134,BB31_0135,BB31_0126,BB31_0226,BB31_0227,BB31_0228,BB31_0229,BB31_0230,BB31_0231,BB31_0232,BB31_0233,BB31_0234,BB31_0326,BB31_0327,BB31_0328,BB31_0329,BB31_0330,BB31_0331,BB31_0332,BB31_0427,BB31_0428,BB31_0429,BB31_0430,BB31_0431,BB31_0432,BB31_0528,BB31_0529,BB31_0530,BB31_0628,BB32_0103,BB32_0104,BB32_0105,BB32_0106,BB32_0107,BB32_0108,BB32_0109,BB32_0102,BB32_0110,BB32_0111,BB32_0112,BB32_0113,BB32_0114,BB32_0115,BB32_0116,BB32_0117,BB32_0118,BB32_0119,BB32_0120,BB32_0121,BB32_0122,BB32_0123,BB32_0124,BB32_0125,BB32_0126,BB32_0127,BB32_0128,BB32_0129,BB32_0130,BB32_0131,BB32_0132,BB32_0133,BB32_0204,BB32_0205,BB32_0206,BB32_0207,BB32_0208,BB32_0209,BB32_0210,BB32_0211,BB32_0212,BB32_0213,BB32_0214,BB32_0215,BB32_0216,BB32_0217,BB32_0218,BB32_0219,BB32_0220,BB32_0221,BB32_0222,BB32_0223,BB32_0224,BB32_0225,BB32_0226,BB32_0227,BB32_0228,BB32_0229,BB32_0230,BB32_0231,BB32_0232,BB32_0233,BB32_0234,BB32_0305,BB32_0306,BB32_0307,BB32_0308,BB32_0309,BB32_0310,BB32_0311,BB32_0312,BB32_0313,BB32_0314,BB32_0315,BB32_0316,BB32_0317,BB32_0318,BB32_0319,BB32_0320,BB32_0321,BB32_0322,BB32_0323,BB32_0324,BB32_0325,BB32_0326,BB32_0327,BB32_0328,BB32_0329,BB32_0330,BB32_0331,BB32_0332,BB32_0333,BB32_0334,BB32_0335,BB32_0405,BB32_0406,BB32_0407,BB32_0408,BB32_0409,BB32_0410,BB32_0411,BB32_0412,BB32_0413,BB32_0414,BB32_0415,BB32_0416,BB32_0417,BB32_0418,BB32_0419,BB32_0420,BB32_0421,BB32_0422,BB32_0423,BB32_0424,BB32_0425,BB32_0426,BB32_0427,BB32_0428,BB32_0429,BB32_0430,BB32_0431,BB32_0432,BB32_0433,BB32_0434,BB32_0435,BB32_0404,BB32_0436,BB32_0504,BB32_0505,BB32_0506,BB32_0507,BB32_0508,BB32_0509,BB32_0510,BB32_0511,BB32_0512,BB32_0513,BB32_0514,BB32_0515,BB32_0516,BB32_0517,BB32_0518,BB32_0519,BB32_0520,BB32_0521,BB32_0522,BB32_0523,BB32_0524,BB32_0525,BB32_0526,BB32_0527,BB32_0528,BB32_0529,BB32_0530,BB32_0531,BB32_0532,BB32_0533,BB32_0534,BB32_0535,BB32_0503,BB32_0603,BB32_0604,BB32_0605,BB32_0606,BB32_0607,BB32_0608,BB32_0609,BB32_0610,BB32_0611,BB32_0612,BB32_0613,BB32_0614,BB32_0615,BB32_0616,BB32_0617,BB32_0618,BB32_0619,BB32_0620,BB32_0621,BB32_0622,BB32_0623,BB32_0624,BB32_0625,BB32_0626,BB32_0627,BB32_0628,BB32_0629,BB32_0630,BB32_0631,BB32_0632,BB32_0633,BB32_0634,BB32_0635,BB32_0602,BB32_0702,BB32_0703,BB32_0704,BB32_0705,BB32_0706,BB32_0707,BB32_0708,BB32_0709,BB32_0710,BB32_0701,BB32_0712,BB32_0713,BB32_0714,BB32_0715,BB32_0716,BB32_0717,BB32_0718,BB32_0719,BB32_0720,BB32_0721,BB32_0722,BB32_0723,BB32_0724,BB32_0725,BB32_0726,BB32_0727,BB32_0728,BB32_0729,BB32_0730,BB32_0731,BB32_0732,BB32_0733,BB32_0734,BB32_0735,BB32_0736,BB32_0801,BB32_0802,BB32_0803,BB32_0804,BB32_0805,BB32_0806,BB32_0807,BB32_0808,BB32_0809,BB32_0810,BB31_0850,BB31_0950,BB32_0901,BB32_0902,BB32_0903,BB32_0904,BB32_0905,BB32_0906,BB32_0907,BB32_0908,BB32_0909,BB32_0910,BB32_0817,BB32_0818,BB32_0819,BB32_0820,BB32_0821,BB32_0822,BB32_0823,BB32_0824,BB32_0825,BB32_0826,BB32_0827,BB32_0828,BB32_0829,BB32_0830,BB32_0831,BB32_0832,BB32_0833,BB32_0834,BB32_0835,BB32_0836,BB32_0816,BB32_0815,BB32_0814,BB32_0813,BB32_0812,BB32_0911,BB32_0912,BB32_0913,BB32_0914,BB32_0915,BB32_0916,BB32_0917,BB32_0918,BB32_0919,BB32_0920,BB32_0921,BB32_0922,BB32_0923,BB32_0924,BB32_0925,BB32_0926,BB32_0927,BB32_0928,BB32_0929,BB32_0933,BB32_0934,BB32_1001,BB32_1002,BB32_1003,BB32_1004,BB32_1005,BB32_1006,BB32_1007,BB32_1008,BB32_1009,BB32_1010,BB32_1011,BB32_1012,BB32_1013,BB32_1014,BB32_1015,BB32_1016,BB32_1017,BB32_1018,BB32_1019,BB32_1020,BB32_1021,BB32_1022,BB32_1023,BB32_1024,BB32_1025,BB32_1026,BB32_1027,BB32_1028,BB32_1029,BB32_1030,BB32_1031,BB32_1032,BB32_1033,BB32_1103,BB32_1104,BB32_1105,BB32_1106,BB32_1107,BB32_1108,BB32_1109,BB32_1110,BB32_1111,BB32_1112,BB32_1113,BB32_1114,BB32_1115,BB32_1116,BB32_1117,BB32_1118,BB32_1119,BB32_1120,BB32_1121,BB32_1122,BB32_1123,BB32_1124,BB32_1125,BB32_1126,BB32_1127,BB32_1128,BB32_1129,BB32_1130,BB32_1131,BB32_1132,BB32_1203,BB32_1204,BB32_1205,BB32_1206,BB32_1207,BB32_1209,BB32_1210,BB32_1211,BB32_1212,BB32_1214,BB32_1215,BB32_1216,BB32_1217,BB32_1218,BB32_1219,BB32_1220,BB32_1221,BB32_1222,BB32_1223,BB32_1224,BB32_1225,BB32_1226,BB32_1227,BB32_1228,BB32_1229,BB32_1230,BB32_1231,BB32_1232,BB32_1316,BB32_1317,BB32_1318,BB32_1319,BB32_1320,BB32_1321,BB32_1322,BB32_1323,BB32_1324,BB32_1325,BB32_1326,BB32_1327,BB32_1328,BB32_1329,BB32_1330,BB32_1331,BB32_1332,BB32_1417,BB32_1418,BB32_1419,BB32_1420,BB32_1421,BB32_1422,BB32_1423,BB32_1424,BB32_1425,BB32_1426,BB32_1427,BB32_1428,BB32_1429,BB32_1430,BB32_1431,BB32_1432,BB32_1433,BB32_1519,BB32_1520,BB32_1521,BB32_1522,BB32_1523,BB32_1524,BB32_1525,BB32_1526,BB32_1527,BB32_1528,BB32_1529,BB32_1530,BB32_1531,BB32_1532,BB32_1533,BB32_1534,BB32_1535,BB32_1536,BB32_1619,BB32_1620,BB32_1621,BB32_1622,BB32_1623,BB32_1624,BB32_1625,BB32_1626,BB32_1627,BB32_1628,BB32_1629,BB32_1630,BB32_1631,BB32_1632,BB32_1633,BB32_1634,BB32_1635,BB32_1636,BB32_1637,BB32_1719,BB32_1720,BB32_1721,BB32_1722,BB32_1723,BB32_1724,BB32_1725,BB32_1726,BB32_1727,BB32_1728,BB32_1729,BB32_1730,BB32_1731,BB32_1732,BB32_1733,BB32_1734,BB32_1735,BB32_1736,BB32_1737,BB32_1738,BB32_1739,BB32_1740,BB32_1741,BB32_1820,BB32_1821,BB32_1822,BB32_1823,BB32_1824,BB32_1825,BB32_1826,BB32_1828,BB32_1829,BB32_1830,BB32_1831,BB32_1832,BB32_1833,BB32_1834,BB32_1835,BB32_1836,BB32_1837,BB32_1838,BB32_1839,BB32_1840,BB32_1841,BB32_1925,BB32_1928,BB32_1929,BB32_1930,BB32_1931,BB32_1932,BB32_1933,BB32_1934,BB32_1935,BB32_1936,BB32_1937,BB32_1938,BB32_1939,BB32_1940,BB32_1941,BB32_1942,BB32_2030,BB32_2031,BB32_2032,BB32_2033,BB32_2034,BB32_2035,BB32_2036,BB32_2037,BB32_2038,BB32_2039,BB32_2040,BB32_2041,BB32_2042,BB32_2029,BB32_2028,BB32_2130,BB32_2131,BB32_2132,BB32_2133,BB32_2134,BB32_2135,BB32_2136,BB32_2137,BB32_2138,BB32_2139,BB32_2140,BB32_2141,BB32_2142,BB32_2129,BB32_2128,BB32_2143,BB32_2230,BB32_2231,BB32_2232,BB32_2233,BB32_2234,BB32_2235,BB32_2236,BB32_2237,BB32_2238,BB32_2239,BB32_2240,BB32_2241,BB32_2242,BB32_2229,BB32_2228,BB32_2331,BB32_2332,BB32_2333,BB32_2334,BB32_2335,BB32_2336,BB32_2330,BB32_2329,BB32_2328,BB32_2435,BB32_2436,BB32_2434,BB32_2433,BB32_2432,BB32_2533,BB32_2534,BB32_2535,BB32_2536,BB32_2532,BB32_2632,BB32_2633,BB32_2634,BB32_2635,BB32_2636,BB32_2631,BB32_2531,BB32_2637,BB32_2537,BB32_2437,BB32_2731,BB32_2732,BB32_2733,BB32_2734,BB32_2735,BB32_2736,BB32_2737,BB32_2738,BB32_2638,BB32_2538,BB32_2739,BB32_2639,BB32_2539,BB32_2831,BB32_2832,BB32_2833,BB32_2834,BB32_2835,BB32_2836,BB32_2837,BB32_2838,BB32_2839,BB32_2840,BB32_2740,BB32_2640,BB32_2931,BB32_2932,BB32_2933,BB32_2934,BB32_2935,BB32_2936,BB32_2937,BB32_2938,BB32_2939,BB32_2940,BB32_2941,BB32_2841,BB32_2741,BB32_3031,BB32_3032,BB32_3033,BB32_3034,BB32_3035,BB32_3036,BB32_3037,BB32_3038,BB32_3039,BB32_3040,BB32_3041,BB32_3042,BB32_2942,BB32_2842,BB32_2742,BB32_3139,BB32_3140,BB32_3141,BB32_3142,BB32_3240,BB32_2227,BB32_2327,BB32_3043,BB32_3133,BB32_3132,BA32_3104,BA32_4226,BA32_4227,BA32_3204,BA32_3305<BR><B>SHEET</B> = BA31,BA32,BB31,BB32<BR><B>SCALE</B> = 1000<BR><B>CLOSED</B> = YES<BR><B>BORDER_STY</B> = Solid<BR><B>BORDER_COL</B> = RGB(0,0,0)<BR><B>BORDER_WID</B> = 1<BR><B>FILL_STYLE</B> = No Fill<BR><B>LABEL_POS</B> = 1755760.000,5940600.000,1755760.000,5939880.000,1755280.000,5939880.000,1755280.000,5939160.000,1755760.000,5939160.000,1754800.000,5939160.000,1754320.000,5939160.000,1754320.000,5938440.000,1754800.000,5938440.000,1755280.000,5938440.000,1755760.000,5938440.000,1753840.000,5938440.000,1753360.000,5938440.000,1753360.000,5937720.000,1753840.000,5937720.000,1754320.000,5937720.000,1754800.000,5937720.000,1755280.000,5937720.000,1755760.000,5937720.000,1753360.000,5937000.000,1753840.000,5937000.000,1754320.000,5937000.000,1754800.000,5937000.000,1755280.000,5937000.000,1755760.000,5937000.000,1753360.000,5936280.000,1753840.000,5936280.000,1754320.000,5936280.000,1754800.000,5936280.000,1755280.000,5936280.000,1755760.000,5936280.000,1752880.000,5936280.000,1752400.000,5936280.000,1752400.000,5935560.000,1752880.000,5935560.000,1753360.000,5935560.000,1753840.000,5935560.000,1754320.000,5935560.000,1754800.000,5935560.000,1755280.000,5935560.000,1755760.000,5935560.000,1751920.000,5935560.000,1751440.000,5935560.000,1751440.000,5934840.000,1751920.000,5934840.000,1752400.000,5934840.000,1752880.000,5934840.000,1753360.000,5934840.000,1753840.000,5934840.000,1754320.000,5934840.000,1754800.000,5934840.000,1755280.000,5934840.000,1755760.000,5934840.000,1750960.000,5934840.000,1750480.000,5934840.000,1750000.000,5934840.000,1750480.000,5934120.000,1750960.000,5934120.000,1751440.000,5934120.000,1751920.000,5934120.000,1752400.000,5934120.000,1752880.000,5934120.000,1753360.000,5934120.000,1753840.000,5934120.000,1754320.000,5934120.000,1754800.000,5934120.000,1755280.000,5934120.000,1755760.000,5934120.000,1750480.000,5933400.000,1750960.000,5933400.000,1751440.000,5933400.000,1751920.000,5933400.000,1752400.000,5933400.000,1752880.000,5933400.000,1753360.000,5933400.000,1753840.000,5933400.000,1754320.000,5933400.000,1754800.000,5933400.000,1755280.000,5933400.000,1755760.000,5933400.000,1750480.000,5932680.000,1750960.000,5932680.000,1751440.000,5932680.000,1751920.000,5932680.000,1752400.000,5932680.000,1752880.000,5932680.000,1753360.000,5932680.000,1753840.000,5932680.000,1754320.000,5932680.000,1754800.000,5932680.000,1755280.000,5932680.000,1755760.000,5932680.000,1750000.000,5932680.000,1750000.000,5931960.000,1750480.000,5931960.000,1750960.000,5931960.000,1751440.000,5931960.000,1751920.000,5931960.000,1752400.000,5931960.000,1752880.000,5931960.000,1753360.000,5931960.000,1753840.000,5931960.000,1754320.000,5931960.000,1754800.000,5931960.000,1755280.000,5931960.000,1755760.000,5931960.000,1750000.000,5931240.000,1750480.000,5931240.000,1750960.000,5931240.000,1751440.000,5931240.000,1751920.000,5931240.000,1752400.000,5931240.000,1752880.000,5931240.000,1753360.000,5931240.000,1753840.000,5931240.000,1754320.000,5931240.000,1754800.000,5931240.000,1755280.000,5931240.000,1755760.000,5931240.000,1749520.000,5931240.000,1749520.000,5930520.000,1750000.000,5930520.000,1750480.000,5930520.000,1750960.000,5930520.000,1751440.000,5930520.000,1751920.000,5930520.000,1752400.000,5930520.000,1752880.000,5930520.000,1753360.000,5930520.000,1753840.000,5930520.000,1754320.000,5930520.000,1754800.000,5930520.000,1755280.000,5930520.000,1755760.000,5930520.000,1749520.000,5929800.000,1750000.000,5929800.000,1750480.000,5929800.000,1750960.000,5929800.000,1751440.000,5929800.000,1751920.000,5929800.000,1752400.000,5929800.000,1752880.000,5929800.000,1753360.000,5929800.000,1753840.000,5929800.000,1754320.000,5929800.000,1754800.000,5929800.000,1755280.000,5929800.000,1755760.000,5929800.000,1749040.000,5929800.000,1748560.000,5929800.000,1748560.000,5929080.000,1749040.000,5929080.000,1749520.000,5929080.000,1750000.000,5929080.000,1750480.000,5929080.000,1750960.000,5929080.000,1751440.000,5929080.000,1751920.000,5929080.000,1752400.000,5929080.000,1752880.000,5929080.000,1753360.000,5929080.000,1753840.000,5929080.000,1754320.000,5929080.000,1754800.000,5929080.000,1755280.000,5929080.000,1755760.000,5929080.000,1748560.000,5928360.000,1749040.000,5928360.000,1749520.000,5928360.000,1750000.000,5928360.000,1750480.000,5928360.000,1750960.000,5928360.000,1751440.000,5928360.000,1751920.000,5928360.000,1752400.000,5928360.000,1752880.000,5928360.000,1753360.000,5928360.000,1753840.000,5928360.000,1754320.000,5928360.000,1754800.000,5928360.000,1755280.000,5928360.000,1755760.000,5928360.000,1748560.000,5927640.000,1749040.000,5927640.000,1749520.000,5927640.000,1750000.000,5927640.000,1750480.000,5927640.000,1750960.000,5927640.000,1751440.000,5927640.000,1751920.000,5927640.000,1752400.000,5927640.000,1752880.000,5927640.000,1753360.000,5927640.000,1753840.000,5927640.000,1754320.000,5927640.000,1754800.000,5927640.000,1755280.000,5927640.000,1755760.000,5927640.000,1748080.000,5927640.000,1747600.000,5927640.000,1747600.000,5926920.000,1748080.000,5926920.000,1748560.000,5926920.000,1749040.000,5926920.000,1749520.000,5926920.000,1750000.000,5926920.000,1750480.000,5926920.000,1750960.000,5926920.000,1751440.000,5926920.000,1751920.000,5926920.000,1752400.000,5926920.000,1752880.000,5926920.000,1753360.000,5926920.000,1753840.000,5926920.000,1754320.000,5926920.000,1754800.000,5926920.000,1755280.000,5926920.000,1755760.000,5926920.000,1747120.000,5926920.000,1746640.000,5926920.000,1746160.000,5926920.000,1746160.000,5926200.000,1746640.000,5926200.000,1747120.000,5926200.000,1747600.000,5926200.000,1748080.000,5926200.000,1748560.000,5926200.000,1749040.000,5926200.000,1749520.000,5926200.000,1750000.000,5926200.000,1750480.000,5926200.000,1750960.000,5926200.000,1751440.000,5926200.000,1751920.000,5926200.000,1752400.000,5926200.000,1752880.000,5926200.000,1753360.000,5926200.000,1753840.000,5926200.000,1754320.000,5926200.000,1754800.000,5926200.000,1755280.000,5926200.000,1755760.000,5926200.000,1745680.000,5926200.000,1745200.000,5926200.000,1744720.000,5926200.000,1744720.000,5926920.000,1744240.000,5926920.000,1744240.000,5926200.000,1744240.000,5927640.000,1743760.000,5927640.000,1743760.000,5926920.000,1743760.000,5926200.000,1743280.000,5927640.000,1743280.000,5926920.000,1743280.000,5926200.000,1742800.000,5926200.000,1742800.000,5926920.000,1742800.000,5927640.000,1742320.000,5927640.000,1742320.000,5926920.000,1742320.000,5926200.000,1741840.000,5926200.000,1741840.000,5926920.000,1741840.000,5925480.000,1742320.000,5925480.000,1742800.000,5925480.000,1743280.000,5925480.000,1743760.000,5925480.000,1744240.000,5925480.000,1744720.000,5925480.000,1745200.000,5925480.000,1745680.000,5925480.000,1746160.000,5925480.000,1746640.000,5925480.000,1747120.000,5925480.000,1747600.000,5925480.000,1748080.000,5925480.000,1748560.000,5925480.000,1749040.000,5925480.000,1750480.000,5925480.000,1750960.000,5925480.000,1751440.000,5925480.000,1751920.000,5925480.000,1752400.000,5925480.000,1752880.000,5925480.000,1753360.000,5925480.000,1753840.000,5925480.000,1754320.000,5925480.000,1754800.000,5925480.000,1755280.000,5925480.000,1755760.000,5925480.000,1741840.000,5924760.000,1742320.000,5924760.000,1742800.000,5924760.000,1743280.000,5924760.000,1743760.000,5924760.000,1744240.000,5924760.000,1744720.000,5924760.000,1745200.000,5924760.000,1745680.000,5924760.000,1746160.000,5924760.000,1746640.000,5924760.000,1741360.000,5924760.000,1750480.000,5924760.000,1750960.000,5924760.000,1751440.000,5924760.000,1751920.000,5924760.000,1752400.000,5924760.000,1752880.000,5924760.000,1753360.000,5924760.000,1753840.000,5924760.000,1754320.000,5924760.000,1754800.000,5924760.000,1755280.000,5924760.000,1755760.000,5924760.000,1741360.000,5924040.000,1741840.000,5924040.000,1742320.000,5924040.000,1742800.000,5924040.000,1743280.000,5924040.000,1743760.000,5924040.000,1744240.000,5924040.000,1744720.000,5924040.000,1745200.000,5924040.000,1745680.000,5924040.000,1746160.000,5924040.000,1746640.000,5924040.000,1740880.000,5924040.000,1750960.000,5924040.000,1751440.000,5924040.000,1751920.000,5924040.000,1752400.000,5924040.000,1752880.000,5924040.000,1753360.000,5924040.000,1753840.000,5924040.000,1754320.000,5924040.000,1754800.000,5924040.000,1755280.000,5924040.000,1755760.000,5924040.000,1740880.000,5923320.000,1741360.000,5923320.000,1741840.000,5923320.000,1742320.000,5923320.000,1742800.000,5923320.000,1743280.000,5923320.000,1743760.000,5923320.000,1744240.000,5923320.000,1744720.000,5923320.000,1745200.000,5923320.000,1745680.000,5923320.000,1746160.000,5923320.000,1746640.000,5923320.000,1740400.000,5923320.000,1747120.000,5923320.000,1747600.000,5923320.000,1751440.000,5923320.000,1751920.000,5923320.000,1752400.000,5923320.000,1752880.000,5923320.000,1753360.000,5923320.000,1753840.000,5923320.000,1754320.000,5923320.000,1754800.000,5923320.000,1755280.000,5923320.000,1755760.000,5923320.000,1740400.000,5922600.000,1740880.000,5922600.000,1741360.000,5922600.000,1741840.000,5922600.000,1742320.000,5922600.000,1742800.000,5922600.000,1743280.000,5922600.000,1743760.000,5922600.000,1744240.000,5922600.000,1744720.000,5922600.000,1745200.000,5922600.000,1745680.000,5922600.000,1746160.000,5922600.000,1746640.000,5922600.000,1747120.000,5922600.000,1747600.000,5922600.000,1748080.000,5922600.000,1755760.000,5922600.000,1740880.000,5921880.000,1741360.000,5921880.000,1741840.000,5921880.000,1742320.000,5921880.000,1742800.000,5921880.000,1743280.000,5921880.000,1743760.000,5921880.000,1744240.000,5921880.000,1744720.000,5921880.000,1745200.000,5921880.000,1745680.000,5921880.000,1746160.000,5921880.000,1746640.000,5921880.000,1747120.000,5921880.000,1747600.000,5921880.000,1748080.000,5921880.000,1755760.000,5921880.000,1755280.000,5921880.000,1742320.000,5921160.000,1742800.000,5921160.000,1743280.000,5921160.000,1743760.000,5921160.000,1744240.000,5921160.000,1744720.000,5921160.000,1745200.000,5921160.000,1745680.000,5921160.000,1746160.000,5921160.000,1746640.000,5921160.000,1747120.000,5921160.000,1747600.000,5921160.000,1748080.000,5921160.000,1755280.000,5921160.000,1755760.000,5921160.000,1754800.000,5921160.000,1754320.000,5921160.000,1753840.000,5921160.000,1742320.000,5920440.000,1742800.000,5920440.000,1743280.000,5920440.000,1743760.000,5920440.000,1744240.000,5920440.000,1744720.000,5920440.000,1745200.000,5920440.000,1745680.000,5920440.000,1746160.000,5920440.000,1746640.000,5920440.000,1747120.000,5920440.000,1747600.000,5920440.000,1748080.000,5920440.000,1741840.000,5920440.000,1753840.000,5920440.000,1754320.000,5920440.000,1754800.000,5920440.000,1755280.000,5920440.000,1755760.000,5920440.000,1753360.000,5920440.000,1752880.000,5920440.000,1752400.000,5920440.000,1751920.000,5920440.000,1741840.000,5919720.000,1742320.000,5919720.000,1742800.000,5919720.000,1743280.000,5919720.000,1743760.000,5919720.000,1744240.000,5919720.000,1744720.000,5919720.000,1745200.000,5919720.000,1745680.000,5919720.000,1746160.000,5919720.000,1746640.000,5919720.000,1747120.000,5919720.000,1747600.000,5919720.000,1741360.000,5919720.000,1740880.000,5919720.000,1740400.000,5919720.000,1751920.000,5919720.000,1752400.000,5919720.000,1752880.000,5919720.000,1753360.000,5919720.000,1753840.000,5919720.000,1754320.000,5919720.000,1754800.000,5919720.000,1755280.000,5919720.000,1755760.000,5919720.000,1751440.000,5919720.000,1740400.000,5919000.000,1740880.000,5919000.000,1741360.000,5919000.000,1741840.000,5919000.000,1742320.000,5919000.000,1742800.000,5919000.000,1743280.000,5919000.000,1743760.000,5919000.000,1744240.000,5919000.000,1744720.000,5919000.000,1745200.000,5919000.000,1745680.000,5919000.000,1746160.000,5919000.000,1746640.000,5919000.000,1747120.000,5919000.000,1747600.000,5919000.000,1739920.000,5919000.000,1739440.000,5919000.000,1751440.000,5919000.000,1751920.000,5919000.000,1752400.000,5919000.000,1752880.000,5919000.000,1753360.000,5919000.000,1753840.000,5919000.000,1754320.000,5919000.000,1754800.000,5919000.000,1755280.000,5919000.000,1755760.000,5919000.000,1739920.000,5918280.000,1740400.000,5918280.000,1740880.000,5918280.000,1741360.000,5918280.000,1741840.000,5918280.000,1742320.000,5918280.000,1742800.000,5918280.000,1743280.000,5918280.000,1743760.000,5918280.000,1744240.000,5918280.000,1744720.000,5918280.000,1745200.000,5918280.000,1745680.000,5918280.000,1746160.000,5918280.000,1746640.000,5918280.000,1747120.000,5918280.000,1747600.000,5918280.000,1748080.000,5918280.000,1748560.000,5918280.000,1748560.000,5919000.000,1749040.000,5918280.000,1749520.000,5918280.000,1751440.000,5918280.000,1751920.000,5918280.000,1752400.000,5918280.000,1752880.000,5918280.000,1753360.000,5918280.000,1753840.000,5918280.000,1754320.000,5918280.000,1754800.000,5918280.000,1755280.000,5918280.000,1755760.000,5918280.000,1750960.000,5918280.000,1741840.000,5917560.000,1742320.000,5917560.000,1742800.000,5917560.000,1743280.000,5917560.000,1743760.000,5917560.000,1744240.000,5917560.000,1744720.000,5917560.000,1745200.000,5917560.000,1745680.000,5917560.000,1746160.000,5917560.000,1746640.000,5917560.000,1747120.000,5917560.000,1747600.000,5917560.000,1748080.000,5917560.000,1748560.000,5917560.000,1749040.000,5917560.000,1749520.000,5917560.000,1750960.000,5917560.000,1751440.000,5917560.000,1751920.000,5917560.000,1752400.000,5917560.000,1752880.000,5917560.000,1753360.000,5917560.000,1753840.000,5917560.000,1754320.000,5917560.000,1754800.000,5917560.000,1755280.000,5917560.000,1755760.000,5917560.000,1742320.000,5916840.000,1742800.000,5916840.000,1743280.000,5916840.000,1743760.000,5916840.000,1744240.000,5916840.000,1744720.000,5916840.000,1745200.000,5916840.000,1745680.000,5916840.000,1746160.000,5916840.000,1746640.000,5916840.000,1747120.000,5916840.000,1747600.000,5916840.000,1748080.000,5916840.000,1748560.000,5916840.000,1749040.000,5916840.000,1749520.000,5916840.000,1750000.000,5916840.000,1750480.000,5916840.000,1750960.000,5916840.000,1751440.000,5916840.000,1751920.000,5916840.000,1752400.000,5916840.000,1752880.000,5916840.000,1753360.000,5916840.000,1753840.000,5916840.000,1754320.000,5916840.000,1754800.000,5916840.000,1755280.000,5916840.000,1755760.000,5916840.000,1742800.000,5916120.000,1743280.000,5916120.000,1743760.000,5916120.000,1744240.000,5916120.000,1744720.000,5916120.000,1745200.000,5916120.000,1745680.000,5916120.000,1746160.000,5916120.000,1746640.000,5916120.000,1747120.000,5916120.000,1747600.000,5916120.000,1748080.000,5916120.000,1748560.000,5916120.000,1749040.000,5916120.000,1749520.000,5916120.000,1750000.000,5916120.000,1750480.000,5916120.000,1750960.000,5916120.000,1751440.000,5916120.000,1751920.000,5916120.000,1752400.000,5916120.000,1752880.000,5916120.000,1753360.000,5916120.000,1753840.000,5916120.000,1754320.000,5916120.000,1754800.000,5916120.000,1755280.000,5916120.000,1755760.000,5916120.000,1742800.000,5915400.000,1743280.000,5915400.000,1743760.000,5915400.000,1744240.000,5915400.000,1744720.000,5915400.000,1745200.000,5915400.000,1745680.000,5915400.000,1746160.000,5915400.000,1746640.000,5915400.000,1747120.000,5915400.000,1747600.000,5915400.000,1748080.000,5915400.000,1748560.000,5915400.000,1749040.000,5915400.000,1749520.000,5915400.000,1750000.000,5915400.000,1750480.000,5915400.000,1750960.000,5915400.000,1751440.000,5915400.000,1751920.000,5915400.000,1752400.000,5915400.000,1752880.000,5915400.000,1753360.000,5915400.000,1753840.000,5915400.000,1754320.000,5915400.000,1754800.000,5915400.000,1755280.000,5915400.000,1755760.000,5915400.000,1743760.000,5914680.000,1744240.000,5914680.000,1744720.000,5914680.000,1745200.000,5914680.000,1745680.000,5914680.000,1746160.000,5914680.000,1746640.000,5914680.000,1747120.000,5914680.000,1747600.000,5914680.000,1748080.000,5914680.000,1748560.000,5914680.000,1749040.000,5914680.000,1749520.000,5914680.000,1750000.000,5914680.000,1750480.000,5914680.000,1750960.000,5914680.000,1751440.000,5914680.000,1751920.000,5914680.000,1752400.000,5914680.000,1752880.000,5914680.000,1753360.000,5914680.000,1753840.000,5914680.000,1754320.000,5914680.000,1754800.000,5914680.000,1755280.000,5914680.000,1755760.000,5914680.000,1744240.000,5913960.000,1744720.000,5913960.000,1745200.000,5913960.000,1745680.000,5913960.000,1746160.000,5913960.000,1746640.000,5913960.000,1747120.000,5913960.000,1747600.000,5913960.000,1748080.000,5913960.000,1748560.000,5913960.000,1749040.000,5913960.000,1749520.000,5913960.000,1750000.000,5913960.000,1750480.000,5913960.000,1750960.000,5913960.000,1751440.000,5913960.000,1751920.000,5913960.000,1752400.000,5913960.000,1752880.000,5913960.000,1753360.000,5913960.000,1753840.000,5913960.000,1754320.000,5913960.000,1754800.000,5913960.000,1755280.000,5913960.000,1755760.000,5913960.000,1744240.000,5913240.000,1744720.000,5913240.000,1745200.000,5913240.000,1745680.000,5913240.000,1746160.000,5913240.000,1746640.000,5913240.000,1747120.000,5913240.000,1747600.000,5913240.000,1748080.000,5913240.000,1748560.000,5913240.000,1749040.000,5913240.000,1749520.000,5913240.000,1750000.000,5913240.000,1750480.000,5913240.000,1750960.000,5913240.000,1751440.000,5913240.000,1751920.000,5913240.000,1752400.000,5913240.000,1752880.000,5913240.000,1753360.000,5913240.000,1753840.000,5913240.000,1754320.000,5913240.000,1754800.000,5913240.000,1755280.000,5913240.000,1755760.000,5913240.000,1745200.000,5912520.000,1745680.000,5912520.000,1746160.000,5912520.000,1746640.000,5912520.000,1747120.000,5912520.000,1747600.000,5912520.000,1748080.000,5912520.000,1748560.000,5912520.000,1749040.000,5912520.000,1749520.000,5912520.000,1750000.000,5912520.000,1750480.000,5912520.000,1750960.000,5912520.000,1751440.000,5912520.000,1751920.000,5912520.000,1752400.000,5912520.000,1752880.000,5912520.000,1753360.000,5912520.000,1753840.000,5912520.000,1754320.000,5912520.000,1754800.000,5912520.000,1755280.000,5912520.000,1755760.000,5912520.000,1745680.000,5911800.000,1746160.000,5911800.000,1746640.000,5911800.000,1747120.000,5911800.000,1747600.000,5911800.000,1748080.000,5911800.000,1748560.000,5911800.000,1749040.000,5911800.000,1749520.000,5911800.000,1750000.000,5911800.000,1750480.000,5911800.000,1750960.000,5911800.000,1751440.000,5911800.000,1751920.000,5911800.000,1752400.000,5911800.000,1752880.000,5911800.000,1753360.000,5911800.000,1753840.000,5911800.000,1754320.000,5911800.000,1754800.000,5911800.000,1755280.000,5911800.000,1755760.000,5911800.000,1745680.000,5911080.000,1746160.000,5911080.000,1746640.000,5911080.000,1747120.000,5911080.000,1747600.000,5911080.000,1748080.000,5911080.000,1748560.000,5911080.000,1749040.000,5911080.000,1749520.000,5911080.000,1750000.000,5911080.000,1750480.000,5911080.000,1750960.000,5911080.000,1751440.000,5911080.000,1745200.000,5911080.000,1752400.000,5911080.000,1752880.000,5911080.000,1753360.000,5911080.000,1753840.000,5911080.000,1754320.000,5911080.000,1754800.000,5911080.000,1755280.000,5911080.000,1755760.000,5911080.000,1745200.000,5910360.000,1745680.000,5910360.000,1746160.000,5910360.000,1746640.000,5910360.000,1747120.000,5910360.000,1747600.000,5910360.000,1748080.000,5910360.000,1748560.000,5910360.000,1749040.000,5910360.000,1744720.000,5910360.000,1753360.000,5910360.000,1753840.000,5910360.000,1754320.000,5910360.000,1756240.000,5940600.000,1756240.000,5939880.000,1756240.000,5939160.000,1756240.000,5938440.000,1756240.000,5937720.000,1756240.000,5937000.000,1756240.000,5936280.000,1756240.000,5935560.000,1756240.000,5934840.000,1756240.000,5934120.000,1756240.000,5933400.000,1756240.000,5932680.000,1756240.000,5931960.000,1756240.000,5931240.000,1756240.000,5930520.000,1756240.000,5929800.000,1756240.000,5929080.000,1756240.000,5928360.000,1756240.000,5927640.000,1756240.000,5926920.000,1756240.000,5926200.000,1756240.000,5925480.000,1756240.000,5924760.000,1756240.000,5924040.000,1756240.000,5923320.000,1756240.000,5922600.000,1756240.000,5921880.000,1756240.000,5921160.000,1756240.000,5920440.000,1756240.000,5919720.000,1756240.000,5919000.000,1756240.000,5918280.000,1756240.000,5917560.000,1756240.000,5916840.000,1756240.000,5916120.000,1756240.000,5915400.000,1756240.000,5914680.000,1756240.000,5913960.000,1756240.000,5913240.000,1756240.000,5912520.000,1756240.000,5911800.000,1756240.000,5911080.000,1756720.000,5929080.000,1756720.000,5928360.000,1756720.000,5927640.000,1756720.000,5926920.000,1756720.000,5926200.000,1756720.000,5925480.000,1756720.000,5924760.000,1756720.000,5924040.000,1756720.000,5929800.000,1756720.000,5930520.000,1756720.000,5931240.000,1756720.000,5931960.000,1756720.000,5932680.000,1756720.000,5933400.000,1756720.000,5934120.000,1756720.000,5934840.000,1756720.000,5935560.000,1756720.000,5936280.000,1756720.000,5937000.000,1756720.000,5937720.000,1756720.000,5938440.000,1757200.000,5927640.000,1757200.000,5926920.000,1757200.000,5926200.000,1757200.000,5925480.000,1757200.000,5928360.000,1757200.000,5929080.000,1757200.000,5929800.000,1757200.000,5930520.000,1757200.000,5931240.000,1757200.000,5931960.000,1757200.000,5932680.000,1757680.000,5925480.000,1757680.000,5926200.000,1757680.000,5926920.000,1757680.000,5927640.000,1757680.000,5928360.000,1757680.000,5929080.000,1757680.000,5929800.000,1757680.000,5930520.000,1757680.000,5931240.000,1757680.000,5931960.000,1757200.000,5937000.000,1757200.000,5937720.000,1756720.000,5921880.000,1756720.000,5921160.000,1756720.000,5920440.000,1756720.000,5919720.000,1756720.000,5919000.000,1756720.000,5918280.000,1756720.000,5917560.000,1756720.000,5916840.000,1756720.000,5916120.000,1756720.000,5915400.000,1756720.000,5914680.000,1756720.000,5913960.000,1756720.000,5913240.000,1756720.000,5912520.000,1756720.000,5911800.000,1756720.000,5911080.000,1757200.000,5921160.000,1757200.000,5920440.000,1757200.000,5919720.000,1757200.000,5919000.000,1757200.000,5918280.000,1757200.000,5917560.000,1757200.000,5916840.000,1757200.000,5916120.000,1757200.000,5915400.000,1757200.000,5914680.000,1757200.000,5913960.000,1757200.000,5913240.000,1757200.000,5912520.000,1757200.000,5911800.000,1757680.000,5921160.000,1757680.000,5920440.000,1757680.000,5919720.000,1757680.000,5919000.000,1757680.000,5918280.000,1757680.000,5917560.000,1757680.000,5916840.000,1757680.000,5916120.000,1757680.000,5915400.000,1757680.000,5914680.000,1757680.000,5913960.000,1757680.000,5913240.000,1757680.000,5912520.000,1757680.000,5911800.000,1758160.000,5920440.000,1758160.000,5919720.000,1758160.000,5919000.000,1758160.000,5918280.000,1758160.000,5917560.000,1758160.000,5916840.000,1758160.000,5916120.000,1758160.000,5915400.000,1758160.000,5914680.000,1758160.000,5913960.000,1758160.000,5913240.000,1758160.000,5912520.000,1758160.000,5921160.000,1758160.000,5911800.000,1758640.000,5919720.000,1758640.000,5919000.000,1758640.000,5918280.000,1758640.000,5917560.000,1758640.000,5916840.000,1758640.000,5916120.000,1758640.000,5915400.000,1758640.000,5914680.000,1758640.000,5913960.000,1758640.000,5913240.000,1758640.000,5920440.000,1758640.000,5921160.000,1758640.000,5912520.000,1758640.000,5911800.000,1759120.000,5921160.000,1759120.000,5920440.000,1759120.000,5919720.000,1759120.000,5919000.000,1759120.000,5918280.000,1759120.000,5917560.000,1759120.000,5916840.000,1759120.000,5916120.000,1759120.000,5915400.000,1759120.000,5914680.000,1759120.000,5913960.000,1759120.000,5913240.000,1759120.000,5912520.000,1759120.000,5911800.000,1759600.000,5921160.000,1759600.000,5920440.000,1759600.000,5919720.000,1759600.000,5919000.000,1759600.000,5918280.000,1759600.000,5917560.000,1759600.000,5916840.000,1759600.000,5916120.000,1759600.000,5915400.000,1759600.000,5914680.000,1759600.000,5913960.000,1759600.000,5913240.000,1759600.000,5912520.000,1759600.000,5911800.000,1760080.000,5919000.000,1760080.000,5918280.000,1760080.000,5917560.000,1760080.000,5916840.000,1760080.000,5916120.000,1760080.000,5915400.000,1760080.000,5914680.000,1760080.000,5913960.000,1760080.000,5919720.000,1760080.000,5920440.000,1760080.000,5913240.000,1760080.000,5912520.000,1760080.000,5911800.000,1760560.000,5918280.000,1760560.000,5917560.000,1760560.000,5916840.000,1760560.000,5916120.000,1760560.000,5915400.000,1760560.000,5914680.000,1760560.000,5913960.000,1760560.000,5913240.000,1760560.000,5912520.000,1760560.000,5919000.000,1760560.000,5919720.000,1760560.000,5911800.000,1761040.000,5919000.000,1761040.000,5918280.000,1761040.000,5917560.000,1761040.000,5916840.000,1761040.000,5916120.000,1761040.000,5915400.000,1761040.000,5914680.000,1761040.000,5913960.000,1761040.000,5913240.000,1761040.000,5912520.000,1761040.000,5919720.000,1761040.000,5911800.000,1761520.000,5918280.000,1761520.000,5919000.000,1761520.000,5917560.000,1761520.000,5916840.000,1761520.000,5916120.000,1761520.000,5915400.000,1761520.000,5914680.000,1761520.000,5919720.000,1761520.000,5913960.000,1761520.000,5913240.000,1761520.000,5912520.000,1761520.000,5911800.000,1762000.000,5917560.000,1762000.000,5916840.000,1762000.000,5916120.000,1762000.000,5915400.000,1762000.000,5918280.000,1762000.000,5919000.000,1762000.000,5914680.000,1762000.000,5913960.000,1762000.000,5913240.000,1762000.000,5912520.000,1762000.000,5919720.000,1762000.000,5911800.000,1762000.000,5920440.000,1761520.000,5920440.000,1761040.000,5920440.000,1762480.000,5917560.000,1762480.000,5916840.000,1762480.000,5916120.000,1762480.000,5915400.000,1762480.000,5914680.000,1762480.000,5918280.000,1762480.000,5919000.000,1762480.000,5919720.000,1762480.000,5920440.000,1762480.000,5913960.000,1762480.000,5913240.000,1762480.000,5912520.000,1762480.000,5911800.000,1758160.000,5928360.000,1758160.000,5929080.000,1758160.000,5927640.000,1758160.000,5926920.000,1758160.000,5926200.000,1758160.000,5925480.000,1759120.000,5921880.000,1758640.000,5926200.000,1758640.000,5926920.000,1758640.000,5925480.000,1758640.000,5927640.000,1758640.000,5928360.000,1758640.000,5929080.000,1762960.000,5916840.000,1762960.000,5916120.000,1762960.000,5915400.000,1762960.000,5914680.000,1762960.000,5913960.000,1762960.000,5917560.000,1762960.000,5918280.000,1762960.000,5919000.000,1762960.000,5919720.000,1762960.000,5920440.000,1762960.000,5913240.000,1762960.000,5912520.000,1762960.000,5911800.000,1763440.000,5916840.000,1763440.000,5916120.000,1763440.000,5915400.000,1763440.000,5914680.000,1763440.000,5913960.000,1763440.000,5913240.000,1763440.000,5917560.000,1763440.000,5918280.000,1763440.000,5919000.000,1763440.000,5919720.000,1763440.000,5920440.000,1763440.000,5912520.000,1763440.000,5911800.000,1758160.000,5924760.000,1758640.000,5924760.000,1758160.000,5924040.000,1758640.000,5924040.000,1758640.000,5923320.000,1758160.000,5923320.000,1758640.000,5922600.000,1759120.000,5922600.000,1759120.000,5923320.000,1759120.000,5924040.000,1759120.000,5924760.000,1759120.000,5925480.000,1759120.000,5926200.000,1759120.000,5926920.000,1763920.000,5916120.000,1763920.000,5915400.000,1763920.000,5916840.000,1763920.000,5914680.000,1763920.000,5913960.000,1763920.000,5913240.000,1763920.000,5912520.000,1763920.000,5917560.000,1763920.000,5918280.000,1763920.000,5919000.000,1763920.000,5919720.000,1763920.000,5920440.000,1763920.000,5911800.000,1759600.000,5925480.000,1759600.000,5924760.000,1759600.000,5924040.000,1759600.000,5926200.000,1759600.000,5923320.000,1759600.000,5922600.000,1764400.000,5919720.000,1764400.000,5920440.000,1764400.000,5919000.000,1764400.000,5918280.000,1764400.000,5917560.000,1764400.000,5916840.000,1764400.000,5916120.000,1764400.000,5915400.000,1764400.000,5914680.000,1764400.000,5913960.000,1764400.000,5913240.000,1764400.000,5912520.000,1764400.000,5911800.000,1760080.000,5924760.000,1760080.000,5925480.000,1760080.000,5924040.000,1760080.000,5923320.000,1760080.000,5922600.000,1760080.000,5921880.000,1764880.000,5916120.000,1764880.000,5915400.000,1764880.000,5914680.000,1764880.000,5913960.000,1764880.000,5916840.000,1764880.000,5913240.000,1764880.000,5917560.000,1764880.000,5918280.000,1764880.000,5919000.000,1764880.000,5912520.000,1764880.000,5911800.000,1764880.000,5919720.000,1764880.000,5920440.000,1758160.000,5930520.000,1765360.000,5916120.000,1765360.000,5915400.000,1765360.000,5914680.000,1765360.000,5913960.000,1765360.000,5913240.000,1765360.000,5916840.000,1765360.000,5912520.000,1765360.000,5911800.000,1765360.000,5917560.000,1765360.000,5918280.000,1765360.000,5919000.000,1765360.000,5919720.000,1765360.000,5920440.000,1765840.000,5919720.000,1765840.000,5920440.000,1765840.000,5919000.000,1765840.000,5918280.000,1765840.000,5917560.000,1765840.000,5916840.000,1765840.000,5916120.000,1765840.000,5915400.000,1765840.000,5914680.000,1765840.000,5913960.000,1765840.000,5913240.000,1765840.000,5912520.000,1765840.000,5911800.000,1760560.000,5923320.000,1760560.000,5922600.000,1760560.000,5921880.000,1760560.000,5924040.000,1760560.000,5924760.000,1766320.000,5914680.000,1766320.000,5913960.000,1766320.000,5913240.000,1766320.000,5915400.000,1766320.000,5916120.000,1766320.000,5916840.000,1766320.000,5917560.000,1766320.000,5918280.000,1766320.000,5912520.000,1766320.000,5919000.000,1766320.000,5919720.000,1766320.000,5920440.000,1766320.000,5911800.000,1766800.000,5916840.000,1766800.000,5917560.000,1766800.000,5918280.000,1766800.000,5919000.000,1766800.000,5919720.000,1766800.000,5916120.000,1766800.000,5920440.000,1767280.000,5919000.000,1767280.000,5919720.000,1767280.000,5920440.000,1767280.000,5918280.000,1767280.000,5917560.000,1767280.000,5916840.000,1761040.000,5922600.000,1761040.000,5923320.000,1761040.000,5924040.000,1762960.000,5921160.000,1762480.000,5921160.000,1766320.000,5921160.000,1761520.000,5923320.000,1761520.000,5922600.000,1766800.000,5913960.000,1766800.000,5913240.000,1766800.000,5912520.000,1766800.000,5911800.000,1767280.000,5913960.000,1767280.000,5913240.000,1767280.000,5912520.000,1767280.000,5911800.000,1767760.000,5917560.000,1767760.000,5918280.000,1767760.000,5919000.000,1767760.000,5919720.000,1768240.000,5917560.000,1768240.000,5918280.000,1768720.000,5917560.000,1767280.000,5914680.000,1767280.000,5915400.000,1767760.000,5913240.000,1767760.000,5912520.000,1767760.000,5913960.000,1767760.000,5914680.000,1767760.000,5911800.000,1767760.000,5915400.000,1768240.000,5915400.000,1768240.000,5914680.000,1768240.000,5913960.000,1768240.000,5913240.000,1768240.000,5912520.000,1768240.000,5911800.000,1768720.000,5913960.000,1768720.000,5913240.000,1768720.000,5914680.000,1768720.000,5915400.000,1768720.000,5912520.000,1768720.000,5911800.000,1769200.000,5913960.000,1769200.000,5914680.000,1769200.000,5913240.000,1769200.000,5912520.000,1769200.000,5915400.000,1769200.000,5911800.000,1769680.000,5913240.000,1769680.000,5912520.000,1769680.000,5913960.000,1769680.000,5914680.000,1769680.000,5915400.000,1769680.000,5911800.000,1770160.000,5913240.000,1770160.000,5913960.000,1770160.000,5914680.000,1770160.000,5915400.000,1770160.000,5912520.000,1770160.000,5911800.000,1769200.000,5916120.000,1768720.000,5916840.000,1769680.000,5916120.000,1770160.000,5916120.000,1769200.000,5916840.000,1769680.000,5916840.000,1770160.000,5916840.000,1770640.000,5916840.000,1770640.000,5916120.000,1770640.000,5915400.000,1770640.000,5914680.000,1770640.000,5913960.000,1770640.000,5913240.000,1770640.000,5912520.000,1770640.000,5911800.000,1771120.000,5916120.000,1771120.000,5916840.000,1771120.000,5915400.000,1771120.000,5914680.000,1771120.000,5913960.000,1771120.000,5913240.000,1771120.000,5912520.000,1771120.000,5911800.000,1771600.000,5915400.000,1771600.000,5914680.000,1771600.000,5913960.000,1771600.000,5916120.000,1771600.000,5916840.000,1771600.000,5913240.000,1771600.000,5912520.000,1771600.000,5911800.000,1772080.000,5915400.000,1772080.000,5916120.000,1772080.000,5916840.000,1772080.000,5914680.000,1772080.000,5913960.000,1772080.000,5913240.000,1772080.000,5912520.000,1772080.000,5911800.000,1772560.000,5912520.000,1772560.000,5913240.000,1772560.000,5913960.000,1772560.000,5914680.000,1772560.000,5915400.000,1772560.000,5916120.000,1772560.000,5911800.000,1770640.000,5917560.000,1770160.000,5917560.000,1769680.000,5917560.000,1770160.000,5918280.000,1769680.000,5918280.000,1769200.000,5918280.000,1773040.000,5913240.000,1773040.000,5912520.000,1773040.000,5913960.000,1773040.000,5914680.000,1773040.000,5915400.000,1773040.000,5916120.000,1773520.000,5913240.000,1773520.000,5912520.000,1773520.000,5913960.000,1773520.000,5914680.000,1773520.000,5915400.000,1769680.000,5919000.000,1770160.000,5919000.000,1769200.000,5919000.000,1774000.000,5913960.000,1774000.000,5914680.000,1774000.000,5913240.000,1774000.000,5915400.000,1769680.000,5919720.000,1769200.000,5919720.000,1770160.000,5919720.000,1769200.000,5920440.000,1769680.000,5920440.000,1758640.000,5911080.000,1759120.000,5911080.000,1759600.000,5911080.000,1760080.000,5911080.000,1760560.000,5911080.000,1761040.000,5911080.000,1761520.000,5911080.000,1762000.000,5911080.000,1762480.000,5911080.000,1762960.000,5911080.000,1763440.000,5911080.000,1763920.000,5911080.000,1764400.000,5911080.000,1764880.000,5911080.000,1765360.000,5911080.000,1765840.000,5911080.000,1766320.000,5911080.000,1766800.000,5911080.000,1767280.000,5911080.000,1767760.000,5911080.000,1768240.000,5911080.000,1768720.000,5911080.000,1769200.000,5911080.000,1769680.000,5911080.000,1770160.000,5911080.000,1770640.000,5911080.000,1771120.000,5911080.000,1771600.000,5911080.000,1758640.000,5910360.000,1759120.000,5910360.000,1759600.000,5910360.000,1760080.000,5910360.000,1758160.000,5910360.000,1757680.000,5910360.000,1757200.000,5910360.000,1762960.000,5910360.000,1763440.000,5910360.000,1763920.000,5910360.000,1764400.000,5910360.000,1764880.000,5910360.000,1765360.000,5910360.000,1765840.000,5910360.000,1766320.000,5910360.000,1766800.000,5910360.000,1767280.000,5910360.000,1767760.000,5910360.000,1768240.000,5910360.000,1768720.000,5910360.000,1769200.000,5910360.000,1769680.000,5910360.000,1770160.000,5910360.000,1770640.000,5910360.000,1771120.000,5910360.000,1771600.000,5910360.000,1744720.000,5909640.000,1745200.000,5909640.000,1745680.000,5909640.000,1746160.000,5909640.000,1746640.000,5909640.000,1747120.000,5909640.000,1747600.000,5909640.000,1748080.000,5909640.000,1748560.000,5909640.000,1744240.000,5909640.000,1744240.000,5908920.000,1744720.000,5908920.000,1745200.000,5908920.000,1745680.000,5908920.000,1746160.000,5908920.000,1746640.000,5908920.000,1747120.000,5908920.000,1747600.000,5908920.000,1748080.000,5908920.000,1744240.000,5908200.000,1744720.000,5908200.000,1745200.000,5908200.000,1745680.000,5908200.000,1746160.000,5908200.000,1746640.000,5908200.000,1747120.000,5908200.000,1744720.000,5907480.000,1745200.000,5907480.000,1745680.000,5907480.000,1746160.000,5907480.000,1746640.000,5907480.000,1747120.000,5907480.000,1745200.000,5906760.000,1745680.000,5906760.000,1746160.000,5906760.000,1745200.000,5906040.000,1757200.000,5909640.000,1757680.000,5909640.000,1758160.000,5909640.000,1758640.000,5909640.000,1759120.000,5909640.000,1759600.000,5909640.000,1760080.000,5909640.000,1756720.000,5909640.000,1760560.000,5909640.000,1761040.000,5909640.000,1761520.000,5909640.000,1762000.000,5909640.000,1762480.000,5909640.000,1762960.000,5909640.000,1763440.000,5909640.000,1763920.000,5909640.000,1764400.000,5909640.000,1764880.000,5909640.000,1765360.000,5909640.000,1765840.000,5909640.000,1766320.000,5909640.000,1766800.000,5909640.000,1767280.000,5909640.000,1767760.000,5909640.000,1768240.000,5909640.000,1768720.000,5909640.000,1769200.000,5909640.000,1769680.000,5909640.000,1770160.000,5909640.000,1770640.000,5909640.000,1771120.000,5909640.000,1771600.000,5909640.000,1757680.000,5908920.000,1758160.000,5908920.000,1758640.000,5908920.000,1759120.000,5908920.000,1759600.000,5908920.000,1760080.000,5908920.000,1760560.000,5908920.000,1761040.000,5908920.000,1761520.000,5908920.000,1762000.000,5908920.000,1762480.000,5908920.000,1762960.000,5908920.000,1763440.000,5908920.000,1763920.000,5908920.000,1764400.000,5908920.000,1764880.000,5908920.000,1765360.000,5908920.000,1765840.000,5908920.000,1766320.000,5908920.000,1766800.000,5908920.000,1767280.000,5908920.000,1767760.000,5908920.000,1768240.000,5908920.000,1768720.000,5908920.000,1769200.000,5908920.000,1769680.000,5908920.000,1770160.000,5908920.000,1770640.000,5908920.000,1771120.000,5908920.000,1771600.000,5908920.000,1772080.000,5908920.000,1758160.000,5908200.000,1758640.000,5908200.000,1759120.000,5908200.000,1759600.000,5908200.000,1760080.000,5908200.000,1760560.000,5908200.000,1761040.000,5908200.000,1761520.000,5908200.000,1762000.000,5908200.000,1762480.000,5908200.000,1762960.000,5908200.000,1763440.000,5908200.000,1763920.000,5908200.000,1764400.000,5908200.000,1764880.000,5908200.000,1765360.000,5908200.000,1765840.000,5908200.000,1766320.000,5908200.000,1766800.000,5908200.000,1767280.000,5908200.000,1767760.000,5908200.000,1768240.000,5908200.000,1768720.000,5908200.000,1769200.000,5908200.000,1769680.000,5908200.000,1770160.000,5908200.000,1770640.000,5908200.000,1771120.000,5908200.000,1771600.000,5908200.000,1772080.000,5908200.000,1772560.000,5908200.000,1758160.000,5907480.000,1758640.000,5907480.000,1759120.000,5907480.000,1759600.000,5907480.000,1760080.000,5907480.000,1760560.000,5907480.000,1761040.000,5907480.000,1761520.000,5907480.000,1762000.000,5907480.000,1762480.000,5907480.000,1762960.000,5907480.000,1763440.000,5907480.000,1763920.000,5907480.000,1764400.000,5907480.000,1764880.000,5907480.000,1765360.000,5907480.000,1765840.000,5907480.000,1766320.000,5907480.000,1766800.000,5907480.000,1767280.000,5907480.000,1767760.000,5907480.000,1768240.000,5907480.000,1768720.000,5907480.000,1769200.000,5907480.000,1769680.000,5907480.000,1770160.000,5907480.000,1770640.000,5907480.000,1771120.000,5907480.000,1771600.000,5907480.000,1772080.000,5907480.000,1772560.000,5907480.000,1757680.000,5907480.000,1773040.000,5907480.000,1757680.000,5906760.000,1758160.000,5906760.000,1758640.000,5906760.000,1759120.000,5906760.000,1759600.000,5906760.000,1760080.000,5906760.000,1760560.000,5906760.000,1761040.000,5906760.000,1761520.000,5906760.000,1762000.000,5906760.000,1762480.000,5906760.000,1762960.000,5906760.000,1763440.000,5906760.000,1763920.000,5906760.000,1764400.000,5906760.000,1764880.000,5906760.000,1765360.000,5906760.000,1765840.000,5906760.000,1766320.000,5906760.000,1766800.000,5906760.000,1767280.000,5906760.000,1767760.000,5906760.000,1768240.000,5906760.000,1768720.000,5906760.000,1769200.000,5906760.000,1769680.000,5906760.000,1770160.000,5906760.000,1770640.000,5906760.000,1771120.000,5906760.000,1771600.000,5906760.000,1772080.000,5906760.000,1772560.000,5906760.000,1757200.000,5906760.000,1757200.000,5906040.000,1757680.000,5906040.000,1758160.000,5906040.000,1758640.000,5906040.000,1759120.000,5906040.000,1759600.000,5906040.000,1760080.000,5906040.000,1760560.000,5906040.000,1761040.000,5906040.000,1761520.000,5906040.000,1762000.000,5906040.000,1762480.000,5906040.000,1762960.000,5906040.000,1763440.000,5906040.000,1763920.000,5906040.000,1764400.000,5906040.000,1764880.000,5906040.000,1765360.000,5906040.000,1765840.000,5906040.000,1766320.000,5906040.000,1766800.000,5906040.000,1767280.000,5906040.000,1767760.000,5906040.000,1768240.000,5906040.000,1768720.000,5906040.000,1769200.000,5906040.000,1769680.000,5906040.000,1770160.000,5906040.000,1770640.000,5906040.000,1771120.000,5906040.000,1771600.000,5906040.000,1772080.000,5906040.000,1772560.000,5906040.000,1756720.000,5906040.000,1756720.000,5905320.000,1757200.000,5905320.000,1757680.000,5905320.000,1758160.000,5905320.000,1758640.000,5905320.000,1759120.000,5905320.000,1759600.000,5905320.000,1760080.000,5905320.000,1760560.000,5905320.000,1756240.000,5905320.000,1761520.000,5905320.000,1762000.000,5905320.000,1762480.000,5905320.000,1762960.000,5905320.000,1763440.000,5905320.000,1763920.000,5905320.000,1764400.000,5905320.000,1764880.000,5905320.000,1765360.000,5905320.000,1765840.000,5905320.000,1766320.000,5905320.000,1766800.000,5905320.000,1767280.000,5905320.000,1767760.000,5905320.000,1768240.000,5905320.000,1768720.000,5905320.000,1769200.000,5905320.000,1769680.000,5905320.000,1770160.000,5905320.000,1770640.000,5905320.000,1771120.000,5905320.000,1771600.000,5905320.000,1772080.000,5905320.000,1772560.000,5905320.000,1773040.000,5905320.000,1756240.000,5904600.000,1756720.000,5904600.000,1757200.000,5904600.000,1757680.000,5904600.000,1758160.000,5904600.000,1758640.000,5904600.000,1759120.000,5904600.000,1759600.000,5904600.000,1760080.000,5904600.000,1760560.000,5904600.000,1755760.000,5904600.000,1755760.000,5903880.000,1756240.000,5903880.000,1756720.000,5903880.000,1757200.000,5903880.000,1757680.000,5903880.000,1758160.000,5903880.000,1758640.000,5903880.000,1759120.000,5903880.000,1759600.000,5903880.000,1760080.000,5903880.000,1760560.000,5903880.000,1763920.000,5904600.000,1764400.000,5904600.000,1764880.000,5904600.000,1765360.000,5904600.000,1765840.000,5904600.000,1766320.000,5904600.000,1766800.000,5904600.000,1767280.000,5904600.000,1767760.000,5904600.000,1768240.000,5904600.000,1768720.000,5904600.000,1769200.000,5904600.000,1769680.000,5904600.000,1770160.000,5904600.000,1770640.000,5904600.000,1771120.000,5904600.000,1771600.000,5904600.000,1772080.000,5904600.000,1772560.000,5904600.000,1773040.000,5904600.000,1763440.000,5904600.000,1762960.000,5904600.000,1762480.000,5904600.000,1762000.000,5904600.000,1761520.000,5904600.000,1761040.000,5903880.000,1761520.000,5903880.000,1762000.000,5903880.000,1762480.000,5903880.000,1762960.000,5903880.000,1763440.000,5903880.000,1763920.000,5903880.000,1764400.000,5903880.000,1764880.000,5903880.000,1765360.000,5903880.000,1765840.000,5903880.000,1766320.000,5903880.000,1766800.000,5903880.000,1767280.000,5903880.000,1767760.000,5903880.000,1768240.000,5903880.000,1768720.000,5903880.000,1769200.000,5903880.000,1769680.000,5903880.000,1771600.000,5903880.000,1772080.000,5903880.000,1756240.000,5903160.000,1756720.000,5903160.000,1757200.000,5903160.000,1757680.000,5903160.000,1758160.000,5903160.000,1758640.000,5903160.000,1759120.000,5903160.000,1759600.000,5903160.000,1760080.000,5903160.000,1760560.000,5903160.000,1761040.000,5903160.000,1761520.000,5903160.000,1762000.000,5903160.000,1762480.000,5903160.000,1762960.000,5903160.000,1763440.000,5903160.000,1763920.000,5903160.000,1764400.000,5903160.000,1764880.000,5903160.000,1765360.000,5903160.000,1765840.000,5903160.000,1766320.000,5903160.000,1766800.000,5903160.000,1767280.000,5903160.000,1767760.000,5903160.000,1768240.000,5903160.000,1768720.000,5903160.000,1769200.000,5903160.000,1769680.000,5903160.000,1770160.000,5903160.000,1770640.000,5903160.000,1771120.000,5903160.000,1771600.000,5903160.000,1757200.000,5902440.000,1757680.000,5902440.000,1758160.000,5902440.000,1758640.000,5902440.000,1759120.000,5902440.000,1759600.000,5902440.000,1760080.000,5902440.000,1760560.000,5902440.000,1761040.000,5902440.000,1761520.000,5902440.000,1762000.000,5902440.000,1762480.000,5902440.000,1762960.000,5902440.000,1763440.000,5902440.000,1763920.000,5902440.000,1764400.000,5902440.000,1764880.000,5902440.000,1765360.000,5902440.000,1765840.000,5902440.000,1766320.000,5902440.000,1766800.000,5902440.000,1767280.000,5902440.000,1767760.000,5902440.000,1768240.000,5902440.000,1768720.000,5902440.000,1769200.000,5902440.000,1769680.000,5902440.000,1770160.000,5902440.000,1770640.000,5902440.000,1771120.000,5902440.000,1757200.000,5901720.000,1757680.000,5901720.000,1758160.000,5901720.000,1758640.000,5901720.000,1759120.000,5901720.000,1760080.000,5901720.000,1760560.000,5901720.000,1761040.000,5901720.000,1761520.000,5901720.000,1762480.000,5901720.000,1762960.000,5901720.000,1763440.000,5901720.000,1763920.000,5901720.000,1764400.000,5901720.000,1764880.000,5901720.000,1765360.000,5901720.000,1765840.000,5901720.000,1766320.000,5901720.000,1766800.000,5901720.000,1767280.000,5901720.000,1767760.000,5901720.000,1768240.000,5901720.000,1768720.000,5901720.000,1769200.000,5901720.000,1769680.000,5901720.000,1770160.000,5901720.000,1770640.000,5901720.000,1771120.000,5901720.000,1763440.000,5901000.000,1763920.000,5901000.000,1764400.000,5901000.000,1764880.000,5901000.000,1765360.000,5901000.000,1765840.000,5901000.000,1766320.000,5901000.000,1766800.000,5901000.000,1767280.000,5901000.000,1767760.000,5901000.000,1768240.000,5901000.000,1768720.000,5901000.000,1769200.000,5901000.000,1769680.000,5901000.000,1770160.000,5901000.000,1770640.000,5901000.000,1771120.000,5901000.000,1763920.000,5900280.000,1764400.000,5900280.000,1764880.000,5900280.000,1765360.000,5900280.000,1765840.000,5900280.000,1766320.000,5900280.000,1766800.000,5900280.000,1767280.000,5900280.000,1767760.000,5900280.000,1768240.000,5900280.000,1768720.000,5900280.000,1769200.000,5900280.000,1769680.000,5900280.000,1770160.000,5900280.000,1770640.000,5900280.000,1771120.000,5900280.000,1771600.000,5900280.000,1764880.000,5899560.000,1765360.000,5899560.000,1765840.000,5899560.000,1766320.000,5899560.000,1766800.000,5899560.000,1767280.000,5899560.000,1767760.000,5899560.000,1768240.000,5899560.000,1768720.000,5899560.000,1769200.000,5899560.000,1769680.000,5899560.000,1770160.000,5899560.000,1770640.000,5899560.000,1771120.000,5899560.000,1771600.000,5899560.000,1772080.000,5899560.000,1772560.000,5899560.000,1773040.000,5899560.000,1764880.000,5898840.000,1765360.000,5898840.000,1765840.000,5898840.000,1766320.000,5898840.000,1766800.000,5898840.000,1767280.000,5898840.000,1767760.000,5898840.000,1768240.000,5898840.000,1768720.000,5898840.000,1769200.000,5898840.000,1769680.000,5898840.000,1770160.000,5898840.000,1770640.000,5898840.000,1771120.000,5898840.000,1771600.000,5898840.000,1772080.000,5898840.000,1772560.000,5898840.000,1773040.000,5898840.000,1773520.000,5898840.000,1764880.000,5898120.000,1765360.000,5898120.000,1765840.000,5898120.000,1766320.000,5898120.000,1766800.000,5898120.000,1767280.000,5898120.000,1767760.000,5898120.000,1768240.000,5898120.000,1768720.000,5898120.000,1769200.000,5898120.000,1769680.000,5898120.000,1770160.000,5898120.000,1770640.000,5898120.000,1771120.000,5898120.000,1771600.000,5898120.000,1772080.000,5898120.000,1772560.000,5898120.000,1773040.000,5898120.000,1773520.000,5898120.000,1774000.000,5898120.000,1774480.000,5898120.000,1774960.000,5898120.000,1775440.000,5898120.000,1765360.000,5897400.000,1765840.000,5897400.000,1766320.000,5897400.000,1766800.000,5897400.000,1767280.000,5897400.000,1767760.000,5897400.000,1768240.000,5897400.000,1769200.000,5897400.000,1769680.000,5897400.000,1770160.000,5897400.000,1770640.000,5897400.000,1771120.000,5897400.000,1771600.000,5897400.000,1772080.000,5897400.000,1772560.000,5897400.000,1773040.000,5897400.000,1773520.000,5897400.000,1774000.000,5897400.000,1774480.000,5897400.000,1774960.000,5897400.000,1775440.000,5897400.000,1767760.000,5896680.000,1769200.000,5896680.000,1769680.000,5896680.000,1770160.000,5896680.000,1770640.000,5896680.000,1771120.000,5896680.000,1771600.000,5896680.000,1772080.000,5896680.000,1772560.000,5896680.000,1773040.000,5896680.000,1773520.000,5896680.000,1774000.000,5896680.000,1774480.000,5896680.000,1774960.000,5896680.000,1775440.000,5896680.000,1775920.000,5896680.000,1770160.000,5895960.000,1770640.000,5895960.000,1771120.000,5895960.000,1771600.000,5895960.000,1772080.000,5895960.000,1772560.000,5895960.000,1773040.000,5895960.000,1773520.000,5895960.000,1774000.000,5895960.000,1774480.000,5895960.000,1774960.000,5895960.000,1775440.000,5895960.000,1775920.000,5895960.000,1769680.000,5895960.000,1769200.000,5895960.000,1770160.000,5895240.000,1770640.000,5895240.000,1771120.000,5895240.000,1771600.000,5895240.000,1772080.000,5895240.000,1772560.000,5895240.000,1773040.000,5895240.000,1773520.000,5895240.000,1774000.000,5895240.000,1774480.000,5895240.000,1774960.000,5895240.000,1775440.000,5895240.000,1775920.000,5895240.000,1769680.000,5895240.000,1769200.000,5895240.000,1776400.000,5895240.000,1770160.000,5894520.000,1770640.000,5894520.000,1771120.000,5894520.000,1771600.000,5894520.000,1772080.000,5894520.000,1772560.000,5894520.000,1773040.000,5894520.000,1773520.000,5894520.000,1774000.000,5894520.000,1774480.000,5894520.000,1774960.000,5894520.000,1775440.000,5894520.000,1775920.000,5894520.000,1769680.000,5894520.000,1769200.000,5894520.000,1770640.000,5893800.000,1771120.000,5893800.000,1771600.000,5893800.000,1772080.000,5893800.000,1772560.000,5893800.000,1773040.000,5893800.000,1770160.000,5893800.000,1769680.000,5893800.000,1769200.000,5893800.000,1772560.000,5893080.000,1773040.000,5893080.000,1772080.000,5893080.000,1771600.000,5893080.000,1771120.000,5893080.000,1771600.000,5892360.000,1772080.000,5892360.000,1772560.000,5892360.000,1773040.000,5892360.000,1771120.000,5892360.000,1771120.000,5891640.000,1771600.000,5891640.000,1772080.000,5891640.000,1772560.000,5891640.000,1773040.000,5891640.000,1770640.000,5891640.000,1770640.000,5892360.000,1773520.000,5891640.000,1773520.000,5892360.000,1773520.000,5893080.000,1770640.000,5890920.000,1771120.000,5890920.000,1771600.000,5890920.000,1772080.000,5890920.000,1772560.000,5890920.000,1773040.000,5890920.000,1773520.000,5890920.000,1774000.000,5890920.000,1774000.000,5891640.000,1774000.000,5892360.000,1774480.000,5890920.000,1774480.000,5891640.000,1774480.000,5892360.000,1770640.000,5890200.000,1771120.000,5890200.000,1771600.000,5890200.000,1772080.000,5890200.000,1772560.000,5890200.000,1773040.000,5890200.000,1773520.000,5890200.000,1774000.000,5890200.000,1774480.000,5890200.000,1774960.000,5890200.000,1774960.000,5890920.000,1774960.000,5891640.000,1770640.000,5889480.000,1771120.000,5889480.000,1771600.000,5889480.000,1772080.000,5889480.000,1772560.000,5889480.000,1773040.000,5889480.000,1773520.000,5889480.000,1774000.000,5889480.000,1774480.000,5889480.000,1774960.000,5889480.000,1775440.000,5889480.000,1775440.000,5890200.000,1775440.000,5890920.000,1770640.000,5888760.000,1771120.000,5888760.000,1771600.000,5888760.000,1772080.000,5888760.000,1772560.000,5888760.000,1773040.000,5888760.000,1773520.000,5888760.000,1774000.000,5888760.000,1774480.000,5888760.000,1774960.000,5888760.000,1775440.000,5888760.000,1775920.000,5888760.000,1775920.000,5889480.000,1775920.000,5890200.000,1775920.000,5890920.000,1774480.000,5888040.000,1774960.000,5888040.000,1775440.000,5888040.000,1775920.000,5888040.000,1774960.000,5887320.000,1768720.000,5894520.000,1768720.000,5893800.000,1776400.000,5888760.000,1771600.000,5888040.000,1771120.000,5888040.000,1757680.000,5924040.000,1768240.000,5916120.000,1768720.000,5916120.000,1757680.000,5923320.000,1758160.000,5922600.000<BR><B>FONT_SIZE</B> = 10<BR><B>FONT_COLOR</B> = RGB(0,0,0)<BR><B>FONT_CHARS</B> = 1<BR><B>FONT_WEIGH</B> = 400<BR><B>PERIMETER</B> = 253.46 km<BR><B>ENCLOSED_AREA</B> = 771.38 sq km]]></description>
      <name>BA31_0850,BA31_0950,BA31_0949,BA31_1049,BA31_1050,BA31_1048,BA31_1047,BA31_1147,BA31_1148,BA31_1149,BA31_1150,BA31_1146,BA31_1145,BA31_1245,BA31_1246,BA31_1247,BA31_1248,BA31_1249,BA31_1250,BA31_1345,BA31_1346,BA31_1347,BA31_1348,BA31_1349,BA31_1350,BA31_1445,BA31_1446,BA31_1447,BA31_1448,BA31_1449,BA31_1450,BA31_1444,BA31_1443,BA31_1543,BA31_1544,BA31_1545,BA31_1546,BA31_1547,BA31_1548,BA31_1549,BA31_1550,BA31_1542,BA31_1541,BA31_1641,BA31_1642,BA31_1643,BA31_1644,BA31_1645,BA31_1646,BA31_1647,BA31_1648,BA31_1649,BA31_1650,BA31_1640,BA31_1639,BA31_1638,BA31_1739,BA31_1740,BA31_1741,BA31_1742,BA31_1743,BA31_1744,BA31_1745,BA31_1746,BA31_1747,BA31_1748,BA31_1749,BA31_1750,BA31_1839,BA31_1840,BA31_1841,BA31_1842,BA31_1843,BA31_1844,BA31_1845,BA31_1846,BA31_1847,BA31_1848,BA31_1849,BA31_1850,BA31_1939,BA31_1940,BA31_1941,BA31_1942,BA31_1943,BA31_1944,BA31_1945,BA31_1946,BA31_1947,BA31_1948,BA31_1949,BA31_1950,BA31_1938,BA31_2038,BA31_2039,BA31_2040,BA31_2041,BA31_2042,BA31_2043,BA31_2044,BA31_2045,BA31_2046,BA31_2047,BA31_2048,BA31_2049,BA31_2050,BA31_2138,BA31_2139,BA31_2140,BA31_2141,BA31_2142,BA31_2143,BA31_2144,BA31_2145,BA31_2146,BA31_2147,BA31_2148,BA31_2149,BA31_2150,BA31_2137,BA31_2237,BA31_2238,BA31_2239,BA31_2240,BA31_2241,BA31_2242,BA31_2243,BA31_2244,BA31_2245,BA31_2246,BA31_2247,BA31_2248,BA31_2249,BA31_2250,BA31_2337,BA31_2338,BA31_2339,BA31_2340,BA31_2341,BA31_2342,BA31_2343,BA31_2344,BA31_2345,BA31_2346,BA31_2347,BA31_2348,BA31_2349,BA31_2350,BA31_2336,BA31_2335,BA31_2435,BA31_2436,BA31_2437,BA31_2438,BA31_2439,BA31_2440,BA31_2441,BA31_2442,BA31_2443,BA31_2444,BA31_2445,BA31_2446,BA31_2447,BA31_2448,BA31_2449,BA31_2450,BA31_2535,BA31_2536,BA31_2537,BA31_2538,BA31_2539,BA31_2540,BA31_2541,BA31_2542,BA31_2543,BA31_2544,BA31_2545,BA31_2546,BA31_2547,BA31_2548,BA31_2549,BA31_2550,BA31_2635,BA31_2636,BA31_2637,BA31_2638,BA31_2639,BA31_2640,BA31_2641,BA31_2642,BA31_2643,BA31_2644,BA31_2645,BA31_2646,BA31_2647,BA31_2648,BA31_2649,BA31_2650,BA31_2634,BA31_2633,BA31_2733,BA31_2734,BA31_2735,BA31_2736,BA31_2737,BA31_2738,BA31_2739,BA31_2740,BA31_2741,BA31_2742,BA31_2743,BA31_2744,BA31_2745,BA31_2746,BA31_2747,BA31_2748,BA31_2749,BA31_2750,BA31_2732,BA31_2731,BA31_2730,BA31_2830,BA31_2831,BA31_2832,BA31_2833,BA31_2834,BA31_2835,BA31_2836,BA31_2837,BA31_2838,BA31_2839,BA31_2840,BA31_2841,BA31_2842,BA31_2843,BA31_2844,BA31_2845,BA31_2846,BA31_2847,BA31_2848,BA31_2849,BA31_2850,BA31_2829,BA31_2828,BA31_2827,BA31_2727,BA31_2726,BA31_2826,BA31_2626,BA31_2625,BA31_2725,BA31_2825,BA31_2624,BA31_2724,BA31_2824,BA31_2823,BA31_2723,BA31_2623,BA31_2622,BA31_2722,BA31_2822,BA31_2821,BA31_2721,BA31_2921,BA31_2922,BA31_2923,BA31_2924,BA31_2925,BA31_2926,BA31_2927,BA31_2928,BA31_2929,BA31_2930,BA31_2931,BA31_2932,BA31_2933,BA31_2934,BA31_2935,BA31_2936,BA31_2939,BA31_2940,BA31_2941,BA31_2942,BA31_2943,BA31_2944,BA31_2945,BA31_2946,BA31_2947,BA31_2948,BA31_2949,BA31_2950,BA31_3021,BA31_3022,BA31_3023,BA31_3024,BA31_3025,BA31_3026,BA31_3027,BA31_3028,BA31_3029,BA31_3030,BA31_3031,BA31_3020,BA31_3039,BA31_3040,BA31_3041,BA31_3042,BA31_3043,BA31_3044,BA31_3045,BA31_3046,BA31_3047,BA31_3048,BA31_3049,BA31_3050,BA31_3120,BA31_3121,BA31_3122,BA31_3123,BA31_3124,BA31_3125,BA31_3126,BA31_3127,BA31_3128,BA31_3129,BA31_3130,BA31_3131,BA31_3119,BA31_3140,BA31_3141,BA31_3142,BA31_3143,BA31_3144,BA31_3145,BA31_3146,BA31_3147,BA31_3148,BA31_3149,BA31_3150,BA31_3219,BA31_3220,BA31_3221,BA31_3222,BA31_3223,BA31_3224,BA31_3225,BA31_3226,BA31_3227,BA31_3228,BA31_3229,BA31_3230,BA31_3231,BA31_3218,BA31_3232,BA31_3233,BA31_3241,BA31_3242,BA31_3243,BA31_3244,BA31_3245,BA31_3246,BA31_3247,BA31_3248,BA31_3249,BA31_3250,BA31_3318,BA31_3319,BA31_3320,BA31_3321,BA31_3322,BA31_3323,BA31_3324,BA31_3325,BA31_3326,BA31_3327,BA31_3328,BA31_3329,BA31_3330,BA31_3331,BA31_3332,BA31_3333,BA31_3334,BA31_3350,BA31_3419,BA31_3420,BA31_3421,BA31_3422,BA31_3423,BA31_3424,BA31_3425,BA31_3426,BA31_3427,BA31_3428,BA31_3429,BA31_3430,BA31_3431,BA31_3432,BA31_3433,BA31_3434,BA31_3450,BA31_3449,BA31_3522,BA31_3523,BA31_3524,BA31_3525,BA31_3526,BA31_3527,BA31_3528,BA31_3529,BA31_3530,BA31_3531,BA31_3532,BA31_3533,BA31_3534,BA31_3549,BA31_3550,BA31_3548,BA31_3547,BA31_3546,BA31_3622,BA31_3623,BA31_3624,BA31_3625,BA31_3626,BA31_3627,BA31_3628,BA31_3629,BA31_3630,BA31_3631,BA31_3632,BA31_3633,BA31_3634,BA31_3621,BA31_3646,BA31_3647,BA31_3648,BA31_3649,BA31_3650,BA31_3645,BA31_3644,BA31_3643,BA31_3642,BA31_3721,BA31_3722,BA31_3723,BA31_3724,BA31_3725,BA31_3726,BA31_3727,BA31_3728,BA31_3729,BA31_3730,BA31_3731,BA31_3732,BA31_3733,BA31_3720,BA31_3719,BA31_3718,BA31_3742,BA31_3743,BA31_3744,BA31_3745,BA31_3746,BA31_3747,BA31_3748,BA31_3749,BA31_3750,BA31_3741,BA31_3818,BA31_3819,BA31_3820,BA31_3821,BA31_3822,BA31_3823,BA31_3824,BA31_3825,BA31_3826,BA31_3827,BA31_3828,BA31_3829,BA31_3830,BA31_3831,BA31_3832,BA31_3833,BA31_3817,BA31_3816,BA31_3841,BA31_3842,BA31_3843,BA31_3844,BA31_3845,BA31_3846,BA31_3847,BA31_3848,BA31_3849,BA31_3850,BA31_3917,BA31_3918,BA31_3919,BA31_3920,BA31_3921,BA31_3922,BA31_3923,BA31_3924,BA31_3925,BA31_3926,BA31_3927,BA31_3928,BA31_3929,BA31_3930,BA31_3931,BA31_3932,BA31_3933,BA31_3934,BA31_3935,BA31_3835,BA31_3936,BA31_3937,BA31_3941,BA31_3942,BA31_3943,BA31_3944,BA31_3945,BA31_3946,BA31_3947,BA31_3948,BA31_3949,BA31_3950,BA31_3940,BA31_4021,BA31_4022,BA31_4023,BA31_4024,BA31_4025,BA31_4026,BA31_4027,BA31_4028,BA31_4029,BA31_4030,BA31_4031,BA31_4032,BA31_4033,BA31_4034,BA31_4035,BA31_4036,BA31_4037,BA31_4040,BA31_4041,BA31_4042,BA31_4043,BA31_4044,BA31_4045,BA31_4046,BA31_4047,BA31_4048,BA31_4049,BA31_4050,BA31_4122,BA31_4123,BA31_4124,BA31_4125,BA31_4126,BA31_4127,BA31_4128,BA31_4129,BA31_4130,BA31_4131,BA31_4132,BA31_4133,BA31_4134,BA31_4135,BA31_4136,BA31_4137,BA31_4138,BA31_4139,BA31_4140,BA31_4141,BA31_4142,BA31_4143,BA31_4144,BA31_4145,BA31_4146,BA31_4147,BA31_4148,BA31_4149,BA31_4150,BA31_4223,BA31_4224,BA31_4225,BA31_4226,BA31_4227,BA31_4228,BA31_4229,BA31_4230,BA31_4231,BA31_4232,BA31_4233,BA31_4234,BA31_4235,BA31_4236,BA31_4237,BA31_4238,BA31_4239,BA31_4240,BA31_4241,BA31_4242,BA31_4243,BA31_4244,BA31_4245,BA31_4246,BA31_4247,BA31_4248,BA31_4249,BA31_4250,BA31_4323,BA31_4324,BA31_4325,BA31_4326,BA31_4327,BA31_4328,BA31_4329,BA31_4330,BA31_4331,BA31_4332,BA31_4333,BA31_4334,BA31_4335,BA31_4336,BA31_4337,BA31_4338,BA31_4339,BA31_4340,BA31_4341,BA31_4342,BA31_4343,BA31_4344,BA31_4345,BA31_4346,BA31_4347,BA31_4348,BA31_4349,BA31_4350,BA31_4425,BA31_4426,BA31_4427,BA31_4428,BA31_4429,BA31_4430,BA31_4431,BA31_4432,BA31_4433,BA31_4434,BA31_4435,BA31_4436,BA31_4437,BA31_4438,BA31_4439,BA31_4440,BA31_4441,BA31_4442,BA31_4443,BA31_4444,BA31_4445,BA31_4446,BA31_4447,BA31_4448,BA31_4449,BA31_4450,BA31_4526,BA31_4527,BA31_4528,BA31_4529,BA31_4530,BA31_4531,BA31_4532,BA31_4533,BA31_4534,BA31_4535,BA31_4536,BA31_4537,BA31_4538,BA31_4539,BA31_4540,BA31_4541,BA31_4542,BA31_4543,BA31_4544,BA31_4545,BA31_4546,BA31_4547,BA31_4548,BA31_4549,BA31_4550,BA31_4626,BA31_4627,BA31_4628,BA31_4629,BA31_4630,BA31_4631,BA31_4632,BA31_4633,BA31_4634,BA31_4635,BA31_4636,BA31_4637,BA31_4638,BA31_4639,BA31_4640,BA31_4641,BA31_4642,BA31_4643,BA31_4644,BA31_4645,BA31_4646,BA31_4647,BA31_4648,BA31_4649,BA31_4650,BA31_4728,BA31_4729,BA31_4730,BA31_4731,BA31_4732,BA31_4733,BA31_4734,BA31_4735,BA31_4736,BA31_4737,BA31_4738,BA31_4739,BA31_4740,BA31_4741,BA31_4742,BA31_4743,BA31_4744,BA31_4745,BA31_4746,BA31_4747,BA31_4748,BA31_4749,BA31_4750,BA31_4829,BA31_4830,BA31_4831,BA31_4832,BA31_4833,BA31_4834,BA31_4835,BA31_4836,BA31_4837,BA31_4838,BA31_4839,BA31_4840,BA31_4841,BA31_4842,BA31_4843,BA31_4844,BA31_4845,BA31_4846,BA31_4847,BA31_4848,BA31_4849,BA31_4850,BA31_4929,BA31_4930,BA31_4931,BA31_4932,BA31_4933,BA31_4934,BA31_4935,BA31_4936,BA31_4937,BA31_4938,BA31_4939,BA31_4940,BA31_4941,BA31_4928,BA31_4943,BA31_4944,BA31_4945,BA31_4946,BA31_4947,BA31_4948,BA31_4949,BA31_4950,BA31_5028,BA31_5029,BA31_5030,BA31_5031,BA31_5032,BA31_5033,BA31_5034,BA31_5035,BA31_5036,BA31_5027,BA31_5045,BA31_5046,BA31_5047,BA32_0801,BA32_0901,BA32_1001,BA32_1101,BA32_1201,BA32_1301,BA32_1401,BA32_1501,BA32_1601,BA32_1701,BA32_1801,BA32_1901,BA32_2001,BA32_2101,BA32_2201,BA32_2301,BA32_2401,BA32_2501,BA32_2601,BA32_2701,BA32_2801,BA32_2901,BA32_3001,BA32_3101,BA32_3201,BA32_3301,BA32_3401,BA32_3501,BA32_3601,BA32_3701,BA32_3801,BA32_3901,BA32_4001,BA32_4101,BA32_4201,BA32_4301,BA32_4401,BA32_4501,BA32_4601,BA32_4701,BA32_4801,BA32_4901,BA32_2402,BA32_2502,BA32_2602,BA32_2702,BA32_2802,BA32_2902,BA32_3002,BA32_3102,BA32_2302,BA32_2202,BA32_2102,BA32_2002,BA32_1902,BA32_1802,BA32_1702,BA32_1602,BA32_1502,BA32_1402,BA32_1302,BA32_1202,BA32_1102,BA32_2603,BA32_2703,BA32_2803,BA32_2903,BA32_2503,BA32_2403,BA32_2303,BA32_2203,BA32_2103,BA32_2003,BA32_1903,BA32_2904,BA32_2804,BA32_2704,BA32_2604,BA32_2504,BA32_2404,BA32_2304,BA32_2204,BA32_2104,BA32_2004,BA32_1303,BA32_1203,BA32_3402,BA32_3502,BA32_3602,BA32_3702,BA32_3802,BA32_3902,BA32_4002,BA32_4102,BA32_4202,BA32_4302,BA32_4402,BA32_4502,BA32_4602,BA32_4702,BA32_4802,BA32_4902,BA32_3503,BA32_3603,BA32_3703,BA32_3803,BA32_3903,BA32_4003,BA32_4103,BA32_4203,BA32_4303,BA32_4403,BA32_4503,BA32_4603,BA32_4703,BA32_4803,BA32_3504,BA32_3604,BA32_3704,BA32_3804,BA32_3904,BA32_4004,BA32_4104,BA32_4204,BA32_4304,BA32_4404,BA32_4504,BA32_4604,BA32_4704,BA32_4804,BA32_3605,BA32_3705,BA32_3805,BA32_3905,BA32_4005,BA32_4105,BA32_4205,BA32_4305,BA32_4405,BA32_4505,BA32_4605,BA32_4705,BA32_3505,BA32_4805,BA32_3706,BA32_3806,BA32_3906,BA32_4006,BA32_4106,BA32_4206,BA32_4306,BA32_4406,BA32_4506,BA32_4606,BA32_3606,BA32_3506,BA32_4706,BA32_4806,BA32_3507,BA32_3607,BA32_3707,BA32_3807,BA32_3907,BA32_4007,BA32_4107,BA32_4207,BA32_4307,BA32_4407,BA32_4507,BA32_4607,BA32_4707,BA32_4807,BA32_3508,BA32_3608,BA32_3708,BA32_3808,BA32_3908,BA32_4008,BA32_4108,BA32_4208,BA32_4308,BA32_4408,BA32_4508,BA32_4608,BA32_4708,BA32_4808,BA32_3809,BA32_3909,BA32_4009,BA32_4109,BA32_4209,BA32_4309,BA32_4409,BA32_4509,BA32_3709,BA32_3609,BA32_4609,BA32_4709,BA32_4809,BA32_3910,BA32_4010,BA32_4110,BA32_4210,BA32_4310,BA32_4410,BA32_4510,BA32_4610,BA32_4710,BA32_3810,BA32_3710,BA32_4810,BA32_3811,BA32_3911,BA32_4011,BA32_4111,BA32_4211,BA32_4311,BA32_4411,BA32_4511,BA32_4611,BA32_4711,BA32_3711,BA32_4811,BA32_3912,BA32_3812,BA32_4012,BA32_4112,BA32_4212,BA32_4312,BA32_4412,BA32_3712,BA32_4512,BA32_4612,BA32_4712,BA32_4812,BA32_4013,BA32_4113,BA32_4213,BA32_4313,BA32_3913,BA32_3813,BA32_4413,BA32_4513,BA32_4613,BA32_4713,BA32_3713,BA32_4813,BA32_3613,BA32_3612,BA32_3611,BA32_4014,BA32_4114,BA32_4214,BA32_4314,BA32_4414,BA32_3914,BA32_3814,BA32_3714,BA32_3614,BA32_4514,BA32_4614,BA32_4714,BA32_4814,BA32_2505,BA32_2405,BA32_2605,BA32_2705,BA32_2805,BA32_2905,BA32_3407,BA32_2806,BA32_2706,BA32_2906,BA32_2606,BA32_2506,BA32_2406,BA32_4115,BA32_4215,BA32_4315,BA32_4415,BA32_4515,BA32_4015,BA32_3915,BA32_3815,BA32_3715,BA32_3615,BA32_4615,BA32_4715,BA32_4815,BA32_4116,BA32_4216,BA32_4316,BA32_4416,BA32_4516,BA32_4616,BA32_4016,BA32_3916,BA32_3816,BA32_3716,BA32_3616,BA32_4716,BA32_4816,BA32_3005,BA32_3006,BA32_3105,BA32_3106,BA32_3206,BA32_3205,BA32_3306,BA32_3307,BA32_3207,BA32_3107,BA32_3007,BA32_2907,BA32_2807,BA32_2707,BA32_4217,BA32_4317,BA32_4117,BA32_4417,BA32_4517,BA32_4617,BA32_4717,BA32_4017,BA32_3917,BA32_3817,BA32_3717,BA32_3617,BA32_4817,BA32_2908,BA32_3008,BA32_3108,BA32_2808,BA32_3208,BA32_3308,BA32_3718,BA32_3618,BA32_3818,BA32_3918,BA32_4018,BA32_4118,BA32_4218,BA32_4318,BA32_4418,BA32_4518,BA32_4618,BA32_4718,BA32_4818,BA32_3009,BA32_2909,BA32_3109,BA32_3209,BA32_3309,BA32_3409,BA32_4219,BA32_4319,BA32_4419,BA32_4519,BA32_4119,BA32_4619,BA32_4019,BA32_3919,BA32_3819,BA32_4719,BA32_4819,BA32_3719,BA32_3619,BA32_2205,BA32_4220,BA32_4320,BA32_4420,BA32_4520,BA32_4620,BA32_4120,BA32_4720,BA32_4820,BA32_4020,BA32_3920,BA32_3820,BA32_3720,BA32_3620,BA32_3721,BA32_3621,BA32_3821,BA32_3921,BA32_4021,BA32_4121,BA32_4221,BA32_4321,BA32_4421,BA32_4521,BA32_4621,BA32_4721,BA32_4821,BA32_3210,BA32_3310,BA32_3410,BA32_3110,BA32_3010,BA32_4422,BA32_4522,BA32_4622,BA32_4322,BA32_4222,BA32_4122,BA32_4022,BA32_3922,BA32_4722,BA32_3822,BA32_3722,BA32_3622,BA32_4822,BA32_4123,BA32_4023,BA32_3923,BA32_3823,BA32_3723,BA32_4223,BA32_3623,BA32_3824,BA32_3724,BA32_3624,BA32_3924,BA32_4024,BA32_4124,BA32_3311,BA32_3211,BA32_3111,BA32_3515,BA32_3514,BA32_3522,BA32_3212,BA32_3312,BA32_4523,BA32_4623,BA32_4723,BA32_4823,BA32_4524,BA32_4624,BA32_4724,BA32_4824,BA32_4025,BA32_3925,BA32_3825,BA32_3725,BA32_4026,BA32_3926,BA32_4027,BA32_4424,BA32_4324,BA32_4625,BA32_4725,BA32_4525,BA32_4425,BA32_4825,BA32_4325,BA32_4326,BA32_4426,BA32_4526,BA32_4626,BA32_4726,BA32_4826,BA32_4527,BA32_4627,BA32_4427,BA32_4327,BA32_4727,BA32_4827,BA32_4528,BA32_4428,BA32_4628,BA32_4728,BA32_4328,BA32_4828,BA32_4629,BA32_4729,BA32_4529,BA32_4429,BA32_4329,BA32_4829,BA32_4630,BA32_4530,BA32_4430,BA32_4330,BA32_4730,BA32_4830,BA32_4228,BA32_4127,BA32_4229,BA32_4230,BA32_4128,BA32_4129,BA32_4130,BA32_4131,BA32_4231,BA32_4331,BA32_4431,BA32_4531,BA32_4631,BA32_4731,BA32_4831,BA32_4232,BA32_4132,BA32_4332,BA32_4432,BA32_4532,BA32_4632,BA32_4732,BA32_4832,BA32_4333,BA32_4433,BA32_4533,BA32_4233,BA32_4133,BA32_4633,BA32_4733,BA32_4833,BA32_4334,BA32_4234,BA32_4134,BA32_4434,BA32_4534,BA32_4634,BA32_4734,BA32_4834,BA32_4735,BA32_4635,BA32_4535,BA32_4435,BA32_4335,BA32_4235,BA32_4835,BA32_4031,BA32_4030,BA32_4029,BA32_3930,BA32_3929,BA32_3928,BA32_4636,BA32_4736,BA32_4536,BA32_4436,BA32_4336,BA32_4236,BA32_4637,BA32_4737,BA32_4537,BA32_4437,BA32_4337,BA32_3829,BA32_3830,BA32_3828,BA32_4538,BA32_4438,BA32_4638,BA32_4338,BA32_3729,BA32_3728,BA32_3730,BA32_3628,BA32_3629,BA32_4906,BA32_4907,BA32_4908,BA32_4909,BA32_4910,BA32_4911,BA32_4912,BA32_4913,BA32_4914,BA32_4915,BA32_4916,BA32_4917,BA32_4918,BA32_4919,BA32_4920,BA32_4921,BA32_4922,BA32_4923,BA32_4924,BA32_4925,BA32_4926,BA32_4927,BA32_4928,BA32_4929,BA32_4930,BA32_4931,BA32_4932,BA32_4933,BA32_5006,BA32_5007,BA32_5008,BA32_5009,BA32_5005,BA32_5004,BA32_5003,BA32_5015,BA32_5016,BA32_5017,BA32_5018,BA32_5019,BA32_5020,BA32_5021,BA32_5022,BA32_5023,BA32_5024,BA32_5025,BA32_5026,BA32_5027,BA32_5028,BA32_5029,BA32_5030,BA32_5031,BA32_5032,BA32_5033,BB31_0127,BB31_0128,BB31_0129,BB31_0130,BB31_0131,BB31_0132,BB31_0133,BB31_0134,BB31_0135,BB31_0126,BB31_0226,BB31_0227,BB31_0228,BB31_0229,BB31_0230,BB31_0231,BB31_0232,BB31_0233,BB31_0234,BB31_0326,BB31_0327,BB31_0328,BB31_0329,BB31_0330,BB31_0331,BB31_0332,BB31_0427,BB31_0428,BB31_0429,BB31_0430,BB31_0431,BB31_0432,BB31_0528,BB31_0529,BB31_0530,BB31_0628,BB32_0103,BB32_0104,BB32_0105,BB32_0106,BB32_0107,BB32_0108,BB32_0109,BB32_0102,BB32_0110,BB32_0111,BB32_0112,BB32_0113,BB32_0114,BB32_0115,BB32_0116,BB32_0117,BB32_0118,BB32_0119,BB32_0120,BB32_0121,BB32_0122,BB32_0123,BB32_0124,BB32_0125,BB32_0126,BB32_0127,BB32_0128,BB32_0129,BB32_0130,BB32_0131,BB32_0132,BB32_0133,BB32_0204,BB32_0205,BB32_0206,BB32_0207,BB32_0208,BB32_0209,BB32_0210,BB32_0211,BB32_0212,BB32_0213,BB32_0214,BB32_0215,BB32_0216,BB32_0217,BB32_0218,BB32_0219,BB32_0220,BB32_0221,BB32_0222,BB32_0223,BB32_0224,BB32_0225,BB32_0226,BB32_0227,BB32_0228,BB32_0229,BB32_0230,BB32_0231,BB32_0232,BB32_0233,BB32_0234,BB32_0305,BB32_0306,BB32_0307,BB32_0308,BB32_0309,BB32_0310,BB32_0311,BB32_0312,BB32_0313,BB32_0314,BB32_0315,BB32_0316,BB32_0317,BB32_0318,BB32_0319,BB32_0320,BB32_0321,BB32_0322,BB32_0323,BB32_0324,BB32_0325,BB32_0326,BB32_0327,BB32_0328,BB32_0329,BB32_0330,BB32_0331,BB32_0332,BB32_0333,BB32_0334,BB32_0335,BB32_0405,BB32_0406,BB32_0407,BB32_0408,BB32_0409,BB32_0410,BB32_0411,BB32_0412,BB32_0413,BB32_0414,BB32_0415,BB32_0416,BB32_0417,BB32_0418,BB32_0419,BB32_0420,BB32_0421,BB32_0422,BB32_0423,BB32_0424,BB32_0425,BB32_0426,BB32_0427,BB32_0428,BB32_0429,BB32_0430,BB32_0431,BB32_0432,BB32_0433,BB32_0434,BB32_0435,BB32_0404,BB32_0436,BB32_0504,BB32_0505,BB32_0506,BB32_0507,BB32_0508,BB32_0509,BB32_0510,BB32_0511,BB32_0512,BB32_0513,BB32_0514,BB32_0515,BB32_0516,BB32_0517,BB32_0518,BB32_0519,BB32_0520,BB32_0521,BB32_0522,BB32_0523,BB32_0524,BB32_0525,BB32_0526,BB32_0527,BB32_0528,BB32_0529,BB32_0530,BB32_0531,BB32_0532,BB32_0533,BB32_0534,BB32_0535,BB32_0503,BB32_0603,BB32_0604,BB32_0605,BB32_0606,BB32_0607,BB32_0608,BB32_0609,BB32_0610,BB32_0611,BB32_0612,BB32_0613,BB32_0614,BB32_0615,BB32_0616,BB32_0617,BB32_0618,BB32_0619,BB32_0620,BB32_0621,BB32_0622,BB32_0623,BB32_0624,BB32_0625,BB32_0626,BB32_0627,BB32_0628,BB32_0629,BB32_0630,BB32_0631,BB32_0632,BB32_0633,BB32_0634,BB32_0635,BB32_0602,BB32_0702,BB32_0703,BB32_0704,BB32_0705,BB32_0706,BB32_0707,BB32_0708,BB32_0709,BB32_0710,BB32_0701,BB32_0712,BB32_0713,BB32_0714,BB32_0715,BB32_0716,BB32_0717,BB32_0718,BB32_0719,BB32_0720,BB32_0721,BB32_0722,BB32_0723,BB32_0724,BB32_0725,BB32_0726,BB32_0727,BB32_0728,BB32_0729,BB32_0730,BB32_0731,BB32_0732,BB32_0733,BB32_0734,BB32_0735,BB32_0736,BB32_0801,BB32_0802,BB32_0803,BB32_0804,BB32_0805,BB32_0806,BB32_0807,BB32_0808,BB32_0809,BB32_0810,BB31_0850,BB31_0950,BB32_0901,BB32_0902,BB32_0903,BB32_0904,BB32_0905,BB32_0906,BB32_0907,BB32_0908,BB32_0909,BB32_0910,BB32_0817,BB32_0818,BB32_0819,BB32_0820,BB32_0821,BB32_0822,BB32_0823,BB32_0824,BB32_0825,BB32_0826,BB32_0827,BB32_0828,BB32_0829,BB32_0830,BB32_0831,BB32_0832,BB32_0833,BB32_0834,BB32_0835,BB32_0836,BB32_0816,BB32_0815,BB32_0814,BB32_0813,BB32_0812,BB32_0911,BB32_0912,BB32_0913,BB32_0914,BB32_0915,BB32_0916,BB32_0917,BB32_0918,BB32_0919,BB32_0920,BB32_0921,BB32_0922,BB32_0923,BB32_0924,BB32_0925,BB32_0926,BB32_0927,BB32_0928,BB32_0929,BB32_0933,BB32_0934,BB32_1001,BB32_1002,BB32_1003,BB32_1004,BB32_1005,BB32_1006,BB32_1007,BB32_1008,BB32_1009,BB32_1010,BB32_1011,BB32_1012,BB32_1013,BB32_1014,BB32_1015,BB32_1016,BB32_1017,BB32_1018,BB32_1019,BB32_1020,BB32_1021,BB32_1022,BB32_1023,BB32_1024,BB32_1025,BB32_1026,BB32_1027,BB32_1028,BB32_1029,BB32_1030,BB32_1031,BB32_1032,BB32_1033,BB32_1103,BB32_1104,BB32_1105,BB32_1106,BB32_1107,BB32_1108,BB32_1109,BB32_1110,BB32_1111,BB32_1112,BB32_1113,BB32_1114,BB32_1115,BB32_1116,BB32_1117,BB32_1118,BB32_1119,BB32_1120,BB32_1121,BB32_1122,BB32_1123,BB32_1124,BB32_1125,BB32_1126,BB32_1127,BB32_1128,BB32_1129,BB32_1130,BB32_1131,BB32_1132,BB32_1203,BB32_1204,BB32_1205,BB32_1206,BB32_1207,BB32_1209,BB32_1210,BB32_1211,BB32_1212,BB32_1214,BB32_1215,BB32_1216,BB32_1217,BB32_1218,BB32_1219,BB32_1220,BB32_1221,BB32_1222,BB32_1223,BB32_1224,BB32_1225,BB32_1226,BB32_1227,BB32_1228,BB32_1229,BB32_1230,BB32_1231,BB32_1232,BB32_1316,BB32_1317,BB32_1318,BB32_1319,BB32_1320,BB32_1321,BB32_1322,BB32_1323,BB32_1324,BB32_1325,BB32_1326,BB32_1327,BB32_1328,BB32_1329,BB32_1330,BB32_1331,BB32_1332,BB32_1417,BB32_1418,BB32_1419,BB32_1420,BB32_1421,BB32_1422,BB32_1423,BB32_1424,BB32_1425,BB32_1426,BB32_1427,BB32_1428,BB32_1429,BB32_1430,BB32_1431,BB32_1432,BB32_1433,BB32_1519,BB32_1520,BB32_1521,BB32_1522,BB32_1523,BB32_1524,BB32_1525,BB32_1526,BB32_1527,BB32_1528,BB32_1529,BB32_1530,BB32_1531,BB32_1532,BB32_1533,BB32_1534,BB32_1535,BB32_1536,BB32_1619,BB32_1620,BB32_1621,BB32_1622,BB32_1623,BB32_1624,BB32_1625,BB32_1626,BB32_1627,BB32_1628,BB32_1629,BB32_1630,BB32_1631,BB32_1632,BB32_1633,BB32_1634,BB32_1635,BB32_1636,BB32_1637,BB32_1719,BB32_1720,BB32_1721,BB32_1722,BB32_1723,BB32_1724,BB32_1725,BB32_1726,BB32_1727,BB32_1728,BB32_1729,BB32_1730,BB32_1731,BB32_1732,BB32_1733,BB32_1734,BB32_1735,BB32_1736,BB32_1737,BB32_1738,BB32_1739,BB32_1740,BB32_1741,BB32_1820,BB32_1821,BB32_1822,BB32_1823,BB32_1824,BB32_1825,BB32_1826,BB32_1828,BB32_1829,BB32_1830,BB32_1831,BB32_1832,BB32_1833,BB32_1834,BB32_1835,BB32_1836,BB32_1837,BB32_1838,BB32_1839,BB32_1840,BB32_1841,BB32_1925,BB32_1928,BB32_1929,BB32_1930,BB32_1931,BB32_1932,BB32_1933,BB32_1934,BB32_1935,BB32_1936,BB32_1937,BB32_1938,BB32_1939,BB32_1940,BB32_1941,BB32_1942,BB32_2030,BB32_2031,BB32_2032,BB32_2033,BB32_2034,BB32_2035,BB32_2036,BB32_2037,BB32_2038,BB32_2039,BB32_2040,BB32_2041,BB32_2042,BB32_2029,BB32_2028,BB32_2130,BB32_2131,BB32_2132,BB32_2133,BB32_2134,BB32_2135,BB32_2136,BB32_2137,BB32_2138,BB32_2139,BB32_2140,BB32_2141,BB32_2142,BB32_2129,BB32_2128,BB32_2143,BB32_2230,BB32_2231,BB32_2232,BB32_2233,BB32_2234,BB32_2235,BB32_2236,BB32_2237,BB32_2238,BB32_2239,BB32_2240,BB32_2241,BB32_2242,BB32_2229,BB32_2228,BB32_2331,BB32_2332,BB32_2333,BB32_2334,BB32_2335,BB32_2336,BB32_2330,BB32_2329,BB32_2328,BB32_2435,BB32_2436,BB32_2434,BB32_2433,BB32_2432,BB32_2533,BB32_2534,BB32_2535,BB32_2536,BB32_2532,BB32_2632,BB32_2633,BB32_2634,BB32_2635,BB32_2636,BB32_2631,BB32_2531,BB32_2637,BB32_2537,BB32_2437,BB32_2731,BB32_2732,BB32_2733,BB32_2734,BB32_2735,BB32_2736,BB32_2737,BB32_2738,BB32_2638,BB32_2538,BB32_2739,BB32_2639,BB32_2539,BB32_2831,BB32_2832,BB32_2833,BB32_2834,BB32_2835,BB32_2836,BB32_2837,BB32_2838,BB32_2839,BB32_2840,BB32_2740,BB32_2640,BB32_2931,BB32_2932,BB32_2933,BB32_2934,BB32_2935,BB32_2936,BB32_2937,BB32_2938,BB32_2939,BB32_2940,BB32_2941,BB32_2841,BB32_2741,BB32_3031,BB32_3032,BB32_3033,BB32_3034,BB32_3035,BB32_3036,BB32_3037,BB32_3038,BB32_3039,BB32_3040,BB32_3041,BB32_3042,BB32_2942,BB32_2842,BB32_2742,BB32_3139,BB32_3140,BB32_3141,BB32_3142,BB32_3240,BB32_2227,BB32_2327,BB32_3043,BB32_3133,BB32_3132,BA32_3104,BA32_4226,BA32_4227,BA32_3204,BA32_3305</name>
      <styleUrl>#area1</styleUrl>
      <Polygon>
        <outerBoundaryIs>
          <LinearRing>
            <coordinates>
              174.8902240205,-36.8696482260,0
              174.6910531261,-36.8726499457,0
              174.6911961989,-36.8791376363,0
              174.6804284717,-36.8792904239,0
              174.6802863087,-36.8728026975,0
              174.5887651473,-36.8740617257,0
              174.5888995752,-36.8805497473,0
              174.5942837840,-36.8804776198,0
              174.5944187102,-36.8869656170,0
              174.5998033550,-36.8868932288,0
              174.6000742478,-36.8998691666,0
              174.6108453013,-36.8997235903,0
              174.6109817239,-36.9062115138,0
              174.6163676772,-36.9061383426,0
              174.6166415653,-36.9191141326,0
              174.6274152367,-36.9189669891,0
              174.6275531586,-36.9254548383,0
              174.6329404209,-36.9253808830,0
              174.6330788431,-36.9318687073,0
              174.6276911246,-36.9319426800,0
              174.6278291348,-36.9384305141,0
              174.6224409404,-36.9385042598,0
              174.6225785383,-36.9449921036,0
              174.6171898678,-36.9450656222,0
              174.6176015556,-36.9645291602,0
              174.6229915965,-36.9644555900,0
              174.6231293708,-36.9709434037,0
              174.6285198491,-36.9708695716,0
              174.6287964445,-36.9838451417,0
              174.6341878177,-36.9837710303,0
              174.6340490405,-36.9772832664,0
              174.6448308129,-36.9771343444,0
              174.6446911658,-36.9706466077,0
              174.6554719443,-36.9704967422,0
              174.6551909562,-36.9575213165,0
              174.6659698270,-36.9573705432,0
              174.6658284869,-36.9508828543,0
              174.6712174355,-36.9508071188,0
              174.6710756841,-36.9443194400,0
              174.6764641559,-36.9442434779,0
              174.6763219935,-36.9377558093,0
              174.7032617657,-36.9373724231,0
              174.7031173675,-36.9308848368,0
              174.7085048043,-36.9308074449,0
              174.7086496587,-36.9372950130,0
              174.7194253829,-36.9371394601,0
              174.7195711965,-36.9436269842,0
              174.7357359961,-36.9433917676,0
              174.7355888135,-36.9369042986,0
              174.7625274449,-36.9365074777,0
              174.7626769090,-36.9429948538,0
              174.7572887687,-36.9430747252,0
              174.7574378243,-36.9495621123,0
              174.7682149965,-36.9494020877,0
              174.7683650130,-36.9558894298,0
              174.7737540237,-36.9558090321,0
              174.7739045450,-36.9622963477,0
              174.7685150775,-36.9623767641,0
              174.7686651901,-36.9688640909,0
              174.7632752444,-36.9689442817,0
              174.7634249480,-36.9754316196,0
              174.7580345239,-36.9755115846,0
              174.7581838183,-36.9819989336,0
              174.7527929158,-36.9820786726,0
              174.7529418006,-36.9885660327,0
              174.7475504197,-36.9886455457,0
              174.7478474172,-37.0016202802,0
              174.7532397133,-37.0015407300,0
              174.7533887412,-37.0080280671,0
              174.7641741853,-37.0078681948,0
              174.7644742163,-37.0208427714,0
              174.7914420316,-37.0204386161,0
              174.7912897019,-37.0139514261,0
              174.7966827422,-37.0138698792,0
              174.7968355299,-37.0203570501,0
              174.8184093050,-37.0200283364,0
              174.8182546853,-37.0135412425,0
              174.8236476162,-37.0134584711,0
              174.8238026939,-37.0199455456,0
              174.8345894054,-37.0197792292,0
              174.8347454490,-37.0262662571,0
              174.8401392296,-37.0261827119,0
              174.8402957814,-37.0326697126,0
              174.8510841922,-37.0325018479,0
              174.8515568997,-37.0519626861,0
              174.8569524471,-37.0518783270,0
              174.8571105760,-37.0583652379,0
              174.8840902682,-37.0579396645,0
              174.8842507425,-37.0644264682,0
              174.8896470716,-37.0643405976,0
              174.8894861384,-37.0578538140,0
              174.8948819857,-37.0577677183,0
              174.8947206453,-37.0512809472,0
              174.9001160109,-37.0511946264,0
              174.8957669557,-36.8760494361,0
              174.8956066003,-36.8695624694,0
              174.8902240205,-36.8696482260,0
            </coordinates>
          </LinearRing>
        </outerBoundaryIs>
        <innerBoundaryIs>
          <LinearRing>
            <coordinates>
              174.7785395843,-36.9297791271,0
              174.7786903690,-36.9362664543,0
              174.7625274449,-36.9365074777,0
              174.7623780285,-36.9300200941,0
              174.7731524204,-36.9298596936,0
              174.7785395843,-36.9297791271,0
            </coordinates>
          </LinearRing>
        </innerBoundaryIs>
        <innerBoundaryIs>
          <LinearRing>
            <coordinates>
              174.8271779759,-36.9355301957,0
              174.8273329152,-36.9420173428,0
              174.8165571316,-36.9421827040,0
              174.8003932920,-36.9424289139,0
              174.8002406339,-36.9359416705,0
              174.8217905513,-36.9356129791,0
              174.8271779759,-36.9355301957,0
            </coordinates>
          </LinearRing>
        </innerBoundaryIs>
        <innerBoundaryIs>
          <LinearRing>
            <coordinates>
              174.8120916637,-36.9811880881,0
              174.8123995432,-36.9941623834,0
              174.8070079415,-36.9942446073,0
              174.8067009766,-36.9812702735,0
              174.8120916637,-36.9811880881,0
            </coordinates>
          </LinearRing>
        </innerBoundaryIs>
        <innerBoundaryIs>
          <LinearRing>
            <coordinates>
              174.8745519073,-36.8893651516,0
              174.8748693360,-36.9023391914,0
              174.8694843907,-36.9024240730,0
              174.8691678724,-36.8894499934,0
              174.8745519073,-36.8893651516,0
            </coordinates>
          </LinearRing>
        </innerBoundaryIs>
        <innerBoundaryIs>
          <LinearRing>
            <coordinates>
              174.8903839212,-36.8761352128,0
              174.8905438731,-36.8826221920,0
              174.8851603611,-36.8827077451,0
              174.8853199093,-36.8891947366,0
              174.8745519073,-36.8893651516,0
              174.8743932691,-36.8828781202,0
              174.8797768264,-36.8827930545,0
              174.8796177841,-36.8763060353,0
              174.8850008640,-36.8762207459,0
              174.8903839212,-36.8761352128,0
            </coordinates>
          </LinearRing>
        </innerBoundaryIs>
      </Polygon>
    </Placemark>
  </Folder>
</Document>
</kml>
