<?xml version="1.0" encoding="UTF-8"?>
<kml xmlns="http://www.opengis.net/kml/2.2" xmlns:gx="http://www.google.com/kml/ext/2.2">
<Document>
  <!-- Begin Style Definitions -->
  <Style id="area1">
    <LineStyle>
      <color>FF000000</color>
      <width>1</width>
    </LineStyle>
    <PolyStyle>
      <color>BF67C5F6</color>
      <fill>1</fill>
      <outline>1</outline>
    </PolyStyle>
  </Style>
  <Folder>
    <name>WAIKATO_TERRITORIAL_AUTHORITIES_NO_ISLANDS</name>
    <description>WAIKATO_TERRITORIAL_AUTHORITIES_NO_ISLANDS</description>
    <Placemark>
      <description><![CDATA[Unknown Area Type<BR><BR><B>TA_NAME</B> = South Waikato District<BR><B>TA_NAME_MACRON</B> = South Waikato District<BR><B>MAJOR_REGION_NAME</B> = Waikato Region<BR><B>AREA_HA</B> = 181887.49<BR><B>KML_STYLE</B> = PolyStyle00]]></description>
      <styleUrl>#area1</styleUrl>
      <Polygon>
        <outerBoundaryIs>
          <LinearRing>
            <coordinates>
              175.9542377668,-37.9019086329,0
              175.9201669166,-37.9234614332,0
              175.9181632341,-37.9234474499,0
              175.9086196326,-37.9206355829,0
              175.9079624336,-37.9188132830,0
              175.9085897499,-37.9188145500,0
              175.9090232006,-37.9193945165,0
              175.9095897169,-37.9189933668,0
              175.9101050831,-37.9162870827,0
              175.9091414999,-37.9160232326,0
              175.9089769166,-37.9152462502,0
              175.9090823661,-37.9147484827,0
              175.9081492335,-37.9134036834,0
              175.9083534504,-37.9129393666,0
              175.9095042669,-37.9131603497,0
              175.9105637002,-37.9130638667,0
              175.9117618660,-37.9123754332,0
              175.9150772668,-37.9119770661,0
              175.9157158666,-37.9115706501,0
              175.9152485331,-37.9100637496,0
              175.9120983501,-37.9079283833,0
              175.9105337505,-37.9076699328,0
              175.9099526668,-37.9080574826,0
              175.9101925004,-37.9088406664,0
              175.9096691175,-37.9090239330,0
              175.9087093333,-37.9092110832,0
              175.9075495329,-37.9087658167,0
              175.9063531007,-37.9087787832,0
              175.9054687168,-37.9093796496,0
              175.9050737503,-37.9092120834,0
              175.9048049003,-37.9092104667,0
              175.9046716661,-37.9092740998,0
              175.9044880331,-37.9095585500,0
              175.9044753492,-37.9096007994,0
              175.9044095999,-37.9102134665,0
              175.9043627840,-37.9103967995,0
              175.9042579335,-37.9105244998,0
              175.9040983162,-37.9105895001,0
              175.9040196828,-37.9106080667,0
              175.9037844167,-37.9106169001,0
              175.9037486167,-37.9106306164,0
              175.9034833673,-37.9108219834,0
              175.9033636832,-37.9109875162,0
              175.9033554336,-37.9110669996,0
              175.9034175341,-37.9112083164,0
              175.9035038825,-37.9113194830,0
              175.9039061838,-37.9114370496,0
              175.9041819161,-37.9115749663,0
              175.9042762993,-37.9116251331,0
              175.9044736674,-37.9118297830,0
              175.9045156835,-37.9119382161,0
              175.9045173332,-37.9120530002,0
              175.9044899174,-37.9121968832,0
              175.9043878669,-37.9123697834,0
              175.9042874834,-37.9124633502,0
              175.9041179008,-37.9125565660,0
              175.9038123499,-37.9125830167,0
              175.9036407996,-37.9125552332,0
              175.9034167337,-37.9124706170,0
              175.9032140160,-37.9124600172,0
              175.9030720335,-37.9124369000,0
              175.9027348838,-37.9124229334,0
              175.9023821992,-37.9124462495,0
              175.9021387334,-37.9123703161,0
              175.9019404671,-37.9122665660,0
              175.9017978834,-37.9121151995,0
              175.9017234500,-37.9119534501,0
              175.9016866326,-37.9118222666,0
              175.9015813162,-37.9116506498,0
              175.9014986332,-37.9114374664,0
              175.9014438835,-37.9114150502,0
              175.9013384330,-37.9115359835,0
              175.9012961507,-37.9116480997,0
              175.9011229174,-37.9119579494,0
              175.9008198992,-37.9120974337,0
              175.9004792505,-37.9123271164,0
              175.9004281334,-37.9123893995,0
              175.8975501165,-37.9118268662,0
              175.8947220834,-37.9130168502,0
              175.8945816992,-37.9130303666,0
              175.8943304338,-37.9136646166,0
              175.8840368335,-37.9128227667,0
              175.8844390165,-37.9134626164,0
              175.8849498171,-37.9136069160,0
              175.8828921825,-37.9179459329,0
              175.8816788837,-37.9175856327,0
              175.8810217334,-37.9201972837,0
              175.8813158666,-37.9211701165,0
              175.8785302341,-37.9230764828,0
              175.8780997839,-37.9223113167,0
              175.8765022834,-37.9221926001,0
              175.8759094664,-37.9223878663,0
              175.8753612833,-37.9228803998,0
              175.8741442007,-37.9232963828,0
              175.8731134839,-37.9229825831,0
              175.8731241340,-37.9233305166,0
              175.8715206334,-37.9231980331,0
              175.8712928169,-37.9226184333,0
              175.8688052507,-37.9225257162,0
              175.8683375499,-37.9215337498,0
              175.8692809166,-37.9207676001,0
              175.8696257340,-37.9195807831,0
              175.8726655332,-37.9149086332,0
              175.8727020834,-37.9148203330,0
              175.8654261670,-37.9126427329,0
              175.8653795168,-37.9127440167,0
              175.8558451332,-37.9098848166,0
              175.8558476498,-37.9099251161,0
              175.8558138340,-37.9100110501,0
              175.8557773498,-37.9100432666,0
              175.8556895007,-37.9100721667,0
              175.8554864502,-37.9099056668,0
              175.8553838325,-37.9098971001,0
              175.8552698009,-37.9098659667,0
              175.8552527834,-37.9098950830,0
              175.8552694832,-37.9100536332,0
              175.8552913331,-37.9101038495,0
              175.8552754994,-37.9101425501,0
              175.8553819167,-37.9103097000,0
              175.8554372836,-37.9105681498,0
              175.8556091004,-37.9108461993,0
              175.8556799327,-37.9111117834,0
              175.8556986675,-37.9113187828,0
              175.8557326172,-37.9114129996,0
              175.8557267998,-37.9114937161,0
              175.8556883825,-37.9115758162,0
              175.8556434164,-37.9117973994,0
              175.8556550170,-37.9119943994,0
              175.8556169667,-37.9120667667,0
              175.8555497834,-37.9121324827,0
              175.8555457000,-37.9121666001,0
              175.8555990998,-37.9121771502,0
              175.8558062665,-37.9121054669,0
              175.8559317341,-37.9121003331,0
              175.8559878672,-37.9121213000,0
              175.8560676496,-37.9122188502,0
              175.8560990503,-37.9122320833,0
              175.8562427166,-37.9122420499,0
              175.8566525336,-37.9123580500,0
              175.8567278825,-37.9124066330,0
              175.8567558000,-37.9124785830,0
              175.8567300998,-37.9125964832,0
              175.8566088836,-37.9127145168,0
              175.8564339993,-37.9128470665,0
              175.8563825666,-37.9129011493,0
              175.8563688498,-37.9129412664,0
              175.8564770002,-37.9130414665,0
              175.8564583498,-37.9131008331,0
              175.8566111498,-37.9132448169,0
              175.8567201674,-37.9132897663,0
              175.8568350838,-37.9133768664,0
              175.8568734831,-37.9134310665,0
              175.8568873837,-37.9135018333,0
              175.8568646002,-37.9135601327,0
              175.8568182167,-37.9135894662,0
              175.8564291160,-37.9136592499,0
              175.8565221172,-37.9136666328,0
              175.8568562840,-37.9136099327,0
              175.8570382671,-37.9136191494,0
              175.8570890835,-37.9136363498,0
              175.8572149667,-37.9137202161,0
              175.8572363339,-37.9137884831,0
              175.8572245675,-37.9138925501,0
              175.8573997834,-37.9138844662,0
              175.8575335501,-37.9139174830,0
              175.8576562332,-37.9139891996,0
              175.8577174335,-37.9140785998,0
              175.8577074673,-37.9141388495,0
              175.8576580836,-37.9142238495,0
              175.8574391495,-37.9144900329,0
              175.8574057171,-37.9146026995,0
              175.8571788507,-37.9146831826,0
              175.8572097498,-37.9148994829,0
              175.8564440500,-37.9152303001,0
              175.8575474338,-37.9187859829,0
              175.8571657335,-37.9194948495,0
              175.8568446835,-37.9238523000,0
              175.8554520504,-37.9243599166,0
              175.8542361999,-37.9250303167,0
              175.8533304331,-37.9251324828,0
              175.8485367834,-37.9271074665,0
              175.8469701497,-37.9244453160,0
              175.8447624667,-37.9226334329,0
              175.8418743338,-37.9217718835,0
              175.8373381169,-37.9203192832,0
              175.8372282914,-37.9202494876,0
              175.8370475637,-37.9201699387,0
              175.8368729272,-37.9201179051,0
              175.8344736171,-37.9197310996,0
              175.8344750668,-37.9196362664,0
              175.8342100998,-37.9187777827,0
              175.8334558002,-37.9179252161,0
              175.8330847169,-37.9171452999,0
              175.8335073666,-37.9160110835,0
              175.8323674166,-37.9142376327,0
              175.8324035337,-37.9128201163,0
              175.8299927007,-37.9093219833,0
              175.8295735828,-37.9090889498,0
              175.8294146837,-37.9084697332,0
              175.8299020676,-37.9084457172,0
              175.8300634334,-37.9088570830,0
              175.8359746996,-37.9066276171,0
              175.8356032328,-37.9059495664,0
              175.8248602501,-37.9060999002,0
              175.8248730840,-37.9103586327,0
              175.8249472838,-37.9184094000,0
              175.8203684168,-37.9185842663,0
              175.8026833659,-37.9187848666,0
              175.8024625000,-37.9187447497,0
              175.8025999175,-37.9185991173,0
              175.8028433666,-37.9182252498,0
              175.8030544172,-37.9179726001,0
              175.8031309003,-37.9178206499,0
              175.8031854992,-37.9175910330,0
              175.8031805328,-37.9175341500,0
              175.8031367836,-37.9175077995,0
              175.8030539161,-37.9175035667,0
              175.8028279506,-37.9175220329,0
              175.8025412827,-37.9176202500,0
              175.8024838006,-37.9176491826,0
              175.8023499667,-37.9177687994,0
              175.8021871007,-37.9178300332,0
              175.8017578340,-37.9178980665,0
              175.8014406173,-37.9179019827,0
              175.8011343833,-37.9178485495,0
              175.8010748008,-37.9178268337,0
              175.8009974666,-37.9177611998,0
              175.8008793007,-37.9175782998,0
              175.8008875325,-37.9175189164,0
              175.8011290000,-37.9172274831,0
              175.8011860833,-37.9171225006,0
              175.8012128504,-37.9167985664,0
              175.8012366661,-37.9167282165,0
              175.8013221668,-37.9166013835,0
              175.8014781668,-37.9164367998,0
              175.8015474169,-37.9163040501,0
              175.8015481836,-37.9161920500,0
              175.8014199999,-37.9157305002,0
              175.8013938168,-37.9155790496,0
              175.8012914335,-37.9152921998,0
              175.8011330505,-37.9150046834,0
              175.8008203835,-37.9145964667,0
              175.8005847837,-37.9143785167,0
              175.8004341504,-37.9142154832,0
              175.8003269835,-37.9141379329,0
              175.8001462506,-37.9140876164,0
              175.8000316831,-37.9140905497,0
              175.7998303337,-37.9141231830,0
              175.7996965328,-37.9141772996,0
              175.7994645001,-37.9143078999,0
              175.7990398674,-37.9144898994,0
              175.7989391497,-37.9145051327,0
              175.7988020841,-37.9144790661,0
              175.7987713166,-37.9144439334,0
              175.7987741003,-37.9142832996,0
              175.7988035836,-37.9140902660,0
              175.7989538672,-37.9137863996,0
              175.7991136172,-37.9131252327,0
              175.7991756499,-37.9130116662,0
              175.7993203668,-37.9128325993,0
              175.7994967999,-37.9127118827,0
              175.7996481327,-37.9126298331,0
              175.7999625341,-37.9125245827,0
              175.8003439993,-37.9123309998,0
              175.8004660166,-37.9122497004,0
              175.8005285002,-37.9121466826,0
              175.8005390674,-37.9120788000,0
              175.8005125833,-37.9120182169,0
              175.8004046329,-37.9119216662,0
              175.8002106669,-37.9118083164,0
              175.7997846669,-37.9116945664,0
              175.7989458331,-37.9116589828,0
              175.7987926834,-37.9116311995,0
              175.7987570174,-37.9116067660,0
              175.7987484341,-37.9115266995,0
              175.7987767834,-37.9113062329,0
              175.7988134841,-37.9111988000,0
              175.7989041498,-37.9110996500,0
              175.7991762833,-37.9109547168,0
              175.7992444173,-37.9109021333,0
              175.7992666670,-37.9108483001,0
              175.7992146673,-37.9106220996,0
              175.7992199675,-37.9103774669,0
              175.7991967338,-37.9102570330,0
              175.7991565505,-37.9101709167,0
              175.7988279831,-37.9097557001,0
              175.7986296829,-37.9094630333,0
              175.7984878167,-37.9093553166,0
              175.7983524334,-37.9093321493,0
              175.7981727499,-37.9093464334,0
              175.7975101668,-37.9095812333,0
              175.7971440168,-37.9096680661,0
              175.7969794004,-37.9096771163,0
              175.7968613508,-37.9096292999,0
              175.7967521337,-37.9094790666,0
              175.7967077502,-37.9093717506,0
              175.7966931669,-37.9091685663,0
              175.7967163000,-37.9090127996,0
              175.7966974998,-37.9087062826,0
              175.7966248170,-37.9082622834,0
              175.7965186169,-37.9080884998,0
              175.7964384339,-37.9080071333,0
              175.7963954003,-37.9078296994,0
              175.7964183336,-37.9077206501,0
              175.7965703498,-37.9076266667,0
              175.7969016333,-37.9074880497,0
              175.7970968675,-37.9073178830,0
              175.7971478997,-37.9071747494,0
              175.7972162999,-37.9067859164,0
              175.7975094331,-37.9062736335,0
              175.7975641662,-37.9061496668,0
              175.7976358835,-37.9060493827,0
              175.7977713998,-37.9059641663,0
              175.7982126169,-37.9057843498,0
              175.7983206334,-37.9057482161,0
              175.7984315170,-37.9057303664,0
              175.7986878165,-37.9057154663,0
              175.7987570998,-37.9057377167,0
              175.7988226666,-37.9058125501,0
              175.7989274492,-37.9058353495,0
              175.7990523505,-37.9058103168,0
              175.7992853668,-37.9057096834,0
              175.7994986342,-37.9056901833,0
              175.7996456500,-37.9057034169,0
              175.7999370833,-37.9057697668,0
              175.8000228171,-37.9057634827,0
              175.8001829335,-37.9057225000,0
              175.8003763165,-37.9057126497,0
              175.8004292825,-37.9056981667,0
              175.8006112335,-37.9055742167,0
              175.8007666501,-37.9055224669,0
              175.8009477826,-37.9055593496,0
              175.8010531494,-37.9056422667,0
              175.8012256831,-37.9058241668,0
              175.8014233498,-37.9059496334,0
              175.8016151166,-37.9060184666,0
              175.8016879834,-37.9060150666,0
              175.8017292332,-37.9059964001,0
              175.8017799840,-37.9059451826,0
              175.8017969666,-37.9058861664,0
              175.8017524500,-37.9057308166,0
              175.8015286669,-37.9054170827,0
              175.8012844338,-37.9051907000,0
              175.8012142669,-37.9050764662,0
              175.8011643833,-37.9049045333,0
              175.8011843835,-37.9047394165,0
              175.8014015340,-37.9042912669,0
              175.8015145496,-37.9041154169,0
              175.8017379001,-37.9038516831,0
              175.8017504498,-37.9037714828,0
              175.8017260501,-37.9037121828,0
              175.8016828827,-37.9036805494,0
              175.8016041672,-37.9036578334,0
              175.8014922834,-37.9036493995,0
              175.8010908165,-37.9037405499,0
              175.8008870840,-37.9037644995,0
              175.8006852334,-37.9037471327,0
              175.8005364002,-37.9037021333,0
              175.8001982836,-37.9035285166,0
              175.8000789005,-37.9034442997,0
              175.7999731338,-37.9033093661,0
              175.7998787000,-37.9030469665,0
              175.7998818662,-37.9029579334,0
              175.7999107002,-37.9029013834,0
              175.7999437663,-37.9028755005,0
              175.8003333499,-37.9027560327,0
              175.8005345330,-37.9026661329,0
              175.8008969504,-37.9025429166,0
              175.8009663331,-37.9025130501,0
              175.8012367499,-37.9023235998,0
              175.8013339830,-37.9022370160,0
              175.8013657996,-37.9021810669,0
              175.8013619492,-37.9021239328,0
              175.8013265164,-37.9020647162,0
              175.8012801332,-37.9020260662,0
              175.8005674667,-37.9016787996,0
              175.8001731828,-37.9015129994,0
              175.8000243833,-37.9014832162,0
              175.7998998001,-37.9015115499,0
              175.7997395835,-37.9016125833,0
              175.7996455336,-37.9017152835,0
              175.7995393001,-37.9019596168,0
              175.7992524835,-37.9024310661,0
              175.7988481002,-37.9028593497,0
              175.7985096004,-37.9030786496,0
              175.7983247331,-37.9031322161,0
              175.7980910999,-37.9031688326,0
              175.7979295666,-37.9031609665,0
              175.7978523669,-37.9031420494,0
              175.7977116826,-37.9030614994,0
              175.7974210507,-37.9027673996,0
              175.7972703668,-37.9025004168,0
              175.7972146172,-37.9023306326,0
              175.7972101660,-37.9020102829,0
              175.7971816503,-37.9017255830,0
              175.7972039675,-37.9016370495,0
              175.7972403669,-37.9015806663,0
              175.7973206172,-37.9014973496,0
              175.7974378173,-37.9014113331,0
              175.7976168336,-37.9013076327,0
              175.7978067003,-37.9012388497,0
              175.7979335834,-37.9012325497,0
              175.7980056340,-37.9012590499,0
              175.7981050999,-37.9013838662,0
              175.7981677000,-37.9013929001,0
              175.7984266503,-37.9008694164,0
              175.7986454340,-37.9000633993,0
              175.7987433174,-37.8997644327,0
              175.7987517837,-37.8996536998,0
              175.7987356832,-37.8995917328,0
              175.7986361167,-37.8994456161,0
              175.7986289664,-37.8992818665,0
              175.7987011829,-37.8988632164,0
              175.7989358002,-37.8980455995,0
              175.7991156003,-37.8976151830,0
              175.7993425332,-37.8971807161,0
              175.7994306501,-37.8970702328,0
              175.7996688828,-37.8968824497,0
              175.7997811673,-37.8967703826,0
              175.7999711830,-37.8964719997,0
              175.8001076164,-37.8961979164,0
              175.7997963167,-37.8961305002,0
              175.7996988336,-37.8961203169,0
              175.7992506669,-37.8961826828,0
              175.7985727172,-37.8962028495,0
              175.7983582335,-37.8962218828,0
              175.7977692667,-37.8963177335,0
              175.7960858833,-37.8966435664,0
              175.7952936333,-37.8967800329,0
              175.7946294832,-37.8968116328,0
              175.7942706168,-37.8968528667,0
              175.7940221000,-37.8969153667,0
              175.7939077175,-37.8969643666,0
              175.7933322834,-37.8973458668,0
              175.7931773340,-37.8974983328,0
              175.7930921666,-37.8976480160,0
              175.7930061836,-37.8979976163,0
              175.7928925000,-37.8983015328,0
              175.7928510170,-37.8985853833,0
              175.7928693826,-37.8986929829,0
              175.7930173334,-37.8991116495,0
              175.7931090125,-37.8994695993,0
              175.7931902440,-37.8995737831,0
              175.7933230061,-37.8996996483,0
              175.7933342533,-37.8997347650,0
              175.7933828570,-37.9002874964,0
              175.7934578178,-37.9005969128,0
              175.7935042165,-37.9009533616,0
              175.7935025824,-37.9014231973,0
              175.7935278310,-37.9016249496,0
              175.7727078135,-37.9012078920,0
              175.7725196319,-37.9012270107,0
              175.7721189932,-37.9020806920,0
              175.7718814813,-37.9027908009,0
              175.7716093831,-37.9035193668,0
              175.7712314002,-37.9049908166,0
              175.7648012332,-37.9046228165,0
              175.7635540668,-37.9045361327,0
              175.7635620166,-37.9046402501,0
              175.7599033340,-37.9044116165,0
              175.7571073837,-37.9062986829,0
              175.7462074840,-37.9139608665,0
              175.7434813001,-37.9151643160,0
              175.7430502661,-37.9149870499,0
              175.7430332837,-37.9150943661,0
              175.7429612832,-37.9153153002,0
              175.7428224336,-37.9150700494,0
              175.7426212839,-37.9150020494,0
              175.7424331496,-37.9149933833,0
              175.7392223160,-37.9165180165,0
              175.7351013673,-37.9128681660,0
              175.7352191662,-37.9128125996,0
              175.7297723504,-37.9082813163,0
              175.7222334831,-37.9015721499,0
              175.7194420006,-37.9034350830,0
              175.7140802167,-37.9005334669,0
              175.7095566673,-37.9032587832,0
              175.7093375498,-37.9033729334,0
              175.7072727336,-37.9046401164,0
              175.7045795334,-37.9110699334,0
              175.6919323841,-37.9410443834,0
              175.6860981340,-37.9394751501,0
              175.6851789671,-37.9416195666,0
              175.6814696666,-37.9408693998,0
              175.6811674672,-37.9412520164,0
              175.6803562826,-37.9415286995,0
              175.6790776339,-37.9427170660,0
              175.6780089339,-37.9422291332,0
              175.6771619507,-37.9427924495,0
              175.6757297009,-37.9422281500,0
              175.6742369334,-37.9440722332,0
              175.6724815172,-37.9417901169,0
              175.6720573841,-37.9416518160,0
              175.6697391836,-37.9411237501,0
              175.6692220171,-37.9423516995,0
              175.6688886338,-37.9428765162,0
              175.6686204168,-37.9432372668,0
              175.6681329000,-37.9433562000,0
              175.6675565504,-37.9442032500,0
              175.6674224165,-37.9443222827,0
              175.6671200054,-37.9447722924,0
              175.6671402532,-37.9447890947,0
              175.6670536961,-37.9448862009,0
              175.6668804952,-37.9451542315,0
              175.6666023144,-37.9449053260,0
              175.6664212310,-37.9448171085,0
              175.6662485626,-37.9447687087,0
              175.6660807429,-37.9447419944,0
              175.6659117702,-37.9447417313,0
              175.6652746835,-37.9448302002,0
              175.6651118170,-37.9448714832,0
              175.6648572497,-37.9449664994,0
              175.6646236325,-37.9451028828,0
              175.6640821336,-37.9455969828,0
              175.6636813499,-37.9458937496,0
              175.6631133834,-37.9461291995,0
              175.6626735999,-37.9462701332,0
              175.6624669335,-37.9464708494,0
              175.6623785175,-37.9467470834,0
              175.6622866997,-37.9482373333,0
              175.6621927172,-37.9488008660,0
              175.6618966000,-37.9492517331,0
              175.6611543502,-37.9496740498,0
              175.6605158505,-37.9502244163,0
              175.6592622328,-37.9514605830,0
              175.6590197337,-37.9516134827,0
              175.6587403998,-37.9517502327,0
              175.6586369670,-37.9521397828,0
              175.6587177003,-37.9522140993,0
              175.6589643830,-37.9525531333,0
              175.6592937840,-37.9530796001,0
              175.6594855675,-37.9533489163,0
              175.6595608328,-37.9537374000,0
              175.6595682001,-37.9543876832,0
              175.6594859676,-37.9551838833,0
              175.6591556004,-37.9558216662,0
              175.6589562168,-37.9562646001,0
              175.6589605339,-37.9566068497,0
              175.6589967501,-37.9571058162,0
              175.6593290492,-37.9576593665,0
              175.6597192330,-37.9581430663,0
              175.6599680835,-37.9585479663,0
              175.6599708494,-37.9588491662,0
              175.6597986001,-37.9595516661,0
              175.6595197999,-37.9601813668,0
              175.6590868506,-37.9606229994,0
              175.6581709992,-37.9613294495,0
              175.6574671505,-37.9621541166,0
              175.6570226840,-37.9632054003,0
              175.6568455506,-37.9635519499,0
              175.6562784675,-37.9641063329,0
              175.6561371007,-37.9647121996,0
              175.6563411006,-37.9653030498,0
              175.6571040668,-37.9660380994,0
              175.6586014668,-37.9676663328,0
              175.6587070667,-37.9681704999,0
              175.6582394835,-37.9691159831,0
              175.6578492836,-37.9694003331,0
              175.6575710994,-37.9696901328,0
              175.6570360330,-37.9699493168,0
              175.6570007666,-37.9703883665,0
              175.6570609175,-37.9712907166,0
              175.6572568998,-37.9723541831,0
              175.6576865668,-37.9731930001,0
              175.6583031507,-37.9741711662,0
              175.6584811841,-37.9749885834,0
              175.6585583667,-37.9758836834,0
              175.6585542826,-37.9766685163,0
              175.6585033173,-37.9770778167,0
              175.6550034005,-37.9801779501,0
              175.6543866499,-37.9811677828,0
              175.6543816169,-37.9820516830,0
              175.6546073165,-37.9829301163,0
              175.6552851838,-37.9835540166,0
              175.6569003326,-37.9845859835,0
              175.6572329334,-37.9848462827,0
              175.6573921168,-37.9850021499,0
              175.6574941660,-37.9851402171,0
              175.6575339172,-37.9853372162,0
              175.6575169160,-37.9855733833,0
              175.6572008508,-37.9863732333,0
              175.6572181666,-37.9868299498,0
              175.6577330501,-37.9872139165,0
              175.6587385994,-37.9873424165,0
              175.6592873329,-37.9876036500,0
              175.6596215167,-37.9882966331,0
              175.6594639003,-37.9892146500,0
              175.6590290169,-37.9899258999,0
              175.6588927494,-37.9908164167,0
              175.6588417669,-37.9918028665,0
              175.6587860674,-37.9922686335,0
              175.6586231666,-37.9926705827,0
              175.6585205661,-37.9930047663,0
              175.6585303001,-37.9932616330,0
              175.6585739663,-37.9935840326,0
              175.6587028664,-37.9942195838,0
              175.6587701504,-37.9946992830,0
              175.6587839666,-37.9952197164,0
              175.6586963165,-37.9959089501,0
              175.6585243995,-37.9967198002,0
              175.6584203662,-37.9971120826,0
              175.6583817000,-37.9974967826,0
              175.6583441671,-37.9979061828,0
              175.6583400172,-37.9982584327,0
              175.6583692508,-37.9985535332,0
              175.6583998005,-37.9993416162,0
              175.6582323171,-37.9996133166,0
              175.6581468836,-38.0001647500,0
              175.6580059169,-38.0006611668,0
              175.6579500499,-38.0010569331,0
              175.6579292175,-38.0014377667,0
              175.6579800498,-38.0018309494,0
              175.6581181841,-38.0021797494,0
              175.6580924330,-38.0024339161,0
              175.6583520001,-38.0031600999,0
              175.6588422328,-38.0038665827,0
              175.6590720160,-38.0042835827,0
              175.6591729503,-38.0045910330,0
              175.6592571999,-38.0049270501,0
              175.6592369005,-38.0053219668,0
              175.6591104499,-38.0058212665,0
              175.6590392173,-38.0059854336,0
              175.6589304333,-38.0061521001,0
              175.6587893834,-38.0063096831,0
              175.6586214670,-38.0064553330,0
              175.6584320668,-38.0065862670,0
              175.6582265173,-38.0066996332,0
              175.6579104841,-38.0068276334,0
              175.6576142501,-38.0068987331,0
              175.6572988665,-38.0069441004,0
              175.6564820995,-38.0070282163,0
              175.6557757174,-38.0071700828,0
              175.6547123009,-38.0074361334,0
              175.6537835331,-38.0077275827,0
              175.6529681166,-38.0081348661,0
              175.6524116506,-38.0085467832,0
              175.6519132663,-38.0090543161,0
              175.6517802833,-38.0094993161,0
              175.6517346504,-38.0100931163,0
              175.6519875839,-38.0106583004,0
              175.6530004328,-38.0115072168,0
              175.6536687327,-38.0118901165,0
              175.6546405165,-38.0123735830,0
              175.6552503340,-38.0126500999,0
              175.6555450992,-38.0128801995,0
              175.6557198326,-38.0131777995,0
              175.6556264669,-38.0135895332,0
              175.6552914001,-38.0140932162,0
              175.6546333496,-38.0147015333,0
              175.6532794508,-38.0156388666,0
              175.6523681009,-38.0163932834,0
              175.6518944341,-38.0168355666,0
              175.6517078168,-38.0173033830,0
              175.6516928992,-38.0183490826,0
              175.6518892171,-38.0192173500,0
              175.6520251665,-38.0195697495,0
              175.6523112339,-38.0199293828,0
              175.6526531167,-38.0199643994,0
              175.6539387659,-38.0197399493,0
              175.6547962171,-38.0197196327,0
              175.6556993828,-38.0198275332,0
              175.6565113836,-38.0200453500,0
              175.6572362668,-38.0204807834,0
              175.6576934496,-38.0210410999,0
              175.6578792339,-38.0216294168,0
              175.6578698503,-38.0224594499,0
              175.6578118670,-38.0230858834,0
              175.6570622832,-38.0260758499,0
              175.6569705505,-38.0266900501,0
              175.6568145167,-38.0281360166,0
              175.6566978997,-38.0289309334,0
              175.6566432507,-38.0294332493,0
              175.6565822667,-38.0309872661,0
              175.6565851506,-38.0318654667,0
              175.6566834665,-38.0324526499,0
              175.6575794835,-38.0340194833,0
              175.6579978836,-38.0346231499,0
              175.6580492507,-38.0351753662,0
              175.6577703834,-38.0370467833,0
              175.6578953333,-38.0379341163,0
              175.6589119998,-38.0410741661,0
              175.6591642668,-38.0445943831,0
              175.6591521839,-38.0450075328,0
              175.6590765161,-38.0454164669,0
              175.6589383837,-38.0458150497,0
              175.6587398670,-38.0461973493,0
              175.6584839001,-38.0465576665,0
              175.6581743008,-38.0468906165,0
              175.6581544495,-38.0469422497,0
              175.6580441503,-38.0473225664,0
              175.6579932675,-38.0477106833,0
              175.6580025840,-38.0481008163,0
              175.6580719496,-38.0484871495,0
              175.6582003334,-38.0488638999,0
              175.6583858339,-38.0492254833,0
              175.6586256841,-38.0495664827,0
              175.6589162840,-38.0498818335,0
              175.6592533331,-38.0501668326,0
              175.6596318000,-38.0504172164,0
              175.6599566329,-38.0509030162,0
              175.6602545668,-38.0515044328,0
              175.6604575838,-38.0521300830,0
              175.6603555175,-38.0542499664,0
              175.6601737673,-38.0567342167,0
              175.6601161164,-38.0568973664,0
              175.6599160670,-38.0573213497,0
              175.6596591505,-38.0577166164,0
              175.6593413503,-38.0580862494,0
              175.6589618332,-38.0584255663,0
              175.6586819175,-38.0582807328,0
              175.6584567666,-38.0581260326,0
              175.6584153340,-38.0581180833,0
              175.6583842671,-38.0581331166,0
              175.6578332669,-38.0580281330,0
              175.6572820502,-38.0577432496,0
              175.6571492168,-38.0574988163,0
              175.6569879005,-38.0575150827,0
              175.6569423333,-38.0577446999,0
              175.6568036507,-38.0580132327,0
              175.6564099832,-38.0581274332,0
              175.6561911505,-38.0584262834,0
              175.6559116165,-38.0584393494,0
              175.6551324492,-38.0588837666,0
              175.6548023498,-38.0596255996,0
              175.6540374166,-38.0601991000,0
              175.6533573332,-38.0603024327,0
              175.6531176007,-38.0603599994,0
              175.6526522331,-38.0602501831,0
              175.6522038834,-38.0604300330,0
              175.6512563669,-38.0603577668,0
              175.6509310504,-38.0604346997,0
              175.6507494501,-38.0605670827,0
              175.6505974675,-38.0605062326,0
              175.6500123004,-38.0606836499,0
              175.6494327499,-38.0606355828,0
              175.6489947336,-38.0605070996,0
              175.6482639828,-38.0606464828,0
              175.6478622993,-38.0608356334,0
              175.6475178838,-38.0611529167,0
              175.6469939500,-38.0610687162,0
              175.6468421665,-38.0611913001,0
              175.6464918503,-38.0613051333,0
              175.6462442494,-38.0612595664,0
              175.6458935008,-38.0613198168,0
              175.6456842837,-38.0614368333,0
              175.6454576504,-38.0614642829,0
              175.6453270508,-38.0613884662,0
              175.6452311336,-38.0614917167,0
              175.6450045170,-38.0615191668,0
              175.6445186837,-38.0613472831,0
              175.6443084838,-38.0614218826,0
              175.6441418503,-38.0615996668,0
              175.6439026670,-38.0616054661,0
              175.6437324002,-38.0617745498,0
              175.6434895996,-38.0617717833,0
              175.6433819333,-38.0619151834,0
              175.6426299000,-38.0619711501,0
              175.6423256498,-38.0619325999,0
              175.6420010839,-38.0620879664,0
              175.6418772838,-38.0620256501,0
              175.6414960004,-38.0621280496,0
              175.6404848171,-38.0617849168,0
              175.6402907999,-38.0619355994,0
              175.6403194668,-38.0617678167,0
              175.6401360002,-38.0617507668,0
              175.6399603831,-38.0619004334,0
              175.6395983675,-38.0620022828,0
              175.6394280839,-38.0622571497,0
              175.6391751506,-38.0621917168,0
              175.6388240337,-38.0625106664,0
              175.6385438165,-38.0631053834,0
              175.6380599172,-38.0632909333,0
              175.6381703332,-38.0656726499,0
              175.6384289174,-38.0658142667,0
              175.6392661165,-38.0659643000,0
              175.6398677331,-38.0677763331,0
              175.6401567008,-38.0731934501,0
              175.6400896169,-38.0732388166,0
              175.6400513670,-38.0732962495,0
              175.6399446832,-38.0739160498,0
              175.6398403167,-38.0740240994,0
              175.6398142332,-38.0740964667,0
              175.6397840837,-38.0743709835,0
              175.6397390503,-38.0745412827,0
              175.6397489998,-38.0746481999,0
              175.6397216665,-38.0747474663,0
              175.6396377837,-38.0748434327,0
              175.6395562669,-38.0748623170,0
              175.6394007999,-38.0748568662,0
              175.6393416167,-38.0748712668,0
              175.6393218836,-38.0749938995,0
              175.6392052174,-38.0751100163,0
              175.6390143668,-38.0752402829,0
              175.6389248671,-38.0753239667,0
              175.6386861340,-38.0756708501,0
              175.6386518505,-38.0757831502,0
              175.6385446175,-38.0759665329,0
              175.6384617175,-38.0762363001,0
              175.6384907835,-38.0763713999,0
              175.6383743999,-38.0766527994,0
              175.6382950997,-38.0769372493,0
              175.6381310168,-38.0770893665,0
              175.6380598166,-38.0772270997,0
              175.6380142504,-38.0774353335,0
              175.6380275336,-38.0777581994,0
              175.6379635506,-38.0779311662,0
              175.6378473674,-38.0781479827,0
              175.6378470831,-38.0782037495,0
              175.6377720667,-38.0783531998,0
              175.6377048168,-38.0784322327,0
              175.6375373001,-38.0785050827,0
              175.6373961498,-38.0785075668,0
              175.6373477675,-38.0785250163,0
              175.6372881005,-38.0785717834,0
              175.6372729507,-38.0786275001,0
              175.6371015001,-38.0787384665,0
              175.6370902335,-38.0787619170,0
              175.6371162008,-38.0787707994,0
              175.6371868499,-38.0787563497,0
              175.6373507169,-38.0786746996,0
              175.6374064665,-38.0786690164,0
              175.6374362835,-38.0786485661,0
              175.6375477831,-38.0786342331,0
              175.6375885671,-38.0786490495,0
              175.6372981669,-38.0792258502,0
              175.6369095166,-38.0798039002,0
              175.6368111335,-38.0800368664,0
              175.6367454333,-38.0802512833,0
              175.6364183002,-38.0805352327,0
              175.6362451165,-38.0807932166,0
              175.6366653163,-38.0827992495,0
              175.6370345329,-38.0843015999,0
              175.6367744842,-38.0848827501,0
              175.6364236330,-38.0855607995,0
              175.6360098502,-38.0862389999,0
              175.6359039831,-38.0864593168,0
              175.6357812667,-38.0871927669,0
              175.6357247839,-38.0874314333,0
              175.6353230160,-38.0881585994,0
              175.6350029666,-38.0887904497,0
              175.6344963497,-38.0899698996,0
              175.6342744172,-38.0906406164,0
              175.6342367001,-38.0908687335,0
              175.6342572670,-38.0912319165,0
              175.6343266673,-38.0914769995,0
              175.6344150001,-38.0916370828,0
              175.6345900007,-38.0918201167,0
              175.6352172505,-38.0923071667,0
              175.6353376675,-38.0923521667,0
              175.6353923340,-38.0923539665,0
              175.6356301659,-38.0924116498,0
              175.6357528339,-38.0924757163,0
              175.6358489833,-38.0925717164,0
              175.6359522332,-38.0927393667,0
              175.6359875665,-38.0929199829,0
              175.6359673334,-38.0931109164,0
              175.6359034501,-38.0932314002,0
              175.6358879672,-38.0934842163,0
              175.6359079832,-38.0936327333,0
              175.6358842341,-38.0937622664,0
              175.6357608503,-38.0941875660,0
              175.6356567501,-38.0946402831,0
              175.6356652497,-38.0948680002,0
              175.6356327999,-38.0949919997,0
              175.6356477332,-38.0950537835,0
              175.6355603504,-38.0950915334,0
              175.6353699165,-38.0954980332,0
              175.6353624166,-38.0955700005,0
              175.6353034174,-38.0956843328,0
              175.6352933326,-38.0957543001,0
              175.6350999669,-38.0963016329,0
              175.6350170332,-38.0966674164,0
              175.6349749162,-38.0970424829,0
              175.6349605992,-38.0974210000,0
              175.6349829672,-38.0984297664,0
              175.6349723166,-38.0991032331,0
              175.6349853675,-38.0991773829,0
              175.6349524671,-38.0995535498,0
              175.6348481162,-38.1002219332,0
              175.6347596332,-38.1003794661,0
              175.6344532336,-38.1007500494,0
              175.6343110166,-38.1010036838,0
              175.6340391003,-38.1013935831,0
              175.6338655001,-38.1017025666,0
              175.6336012166,-38.1020624998,0
              175.6334193341,-38.1024122001,0
              175.6332365174,-38.1028335326,0
              175.6331498329,-38.1030838001,0
              175.6330603328,-38.1032593674,0
              175.6328123334,-38.1036678667,0
              175.6324886007,-38.1040879830,0
              175.6323435173,-38.1043237161,0
              175.6322062002,-38.1047785497,0
              175.6320217496,-38.1052097834,0
              175.6319228499,-38.1056446839,0
              175.6317716001,-38.1058896173,0
              175.6317202175,-38.1060084499,0
              175.6316872173,-38.1061959330,0
              175.6316352498,-38.1069186167,0
              175.6315436999,-38.1072309497,0
              175.6313053164,-38.1076045835,0
              175.6311304841,-38.1078425667,0
              175.6310262172,-38.1079477826,0
              175.6309304834,-38.1081174329,0
              175.6308378502,-38.1081941826,0
              175.6306018674,-38.1083406663,0
              175.6305249167,-38.1084103165,0
              175.6302511834,-38.1087573330,0
              175.6300881508,-38.1089969832,0
              175.6299138832,-38.1093115832,0
              175.6297735162,-38.1098060336,0
              175.6296542666,-38.1101222834,0
              175.6294887004,-38.1104065831,0
              175.6292842835,-38.1106522831,0
              175.6289672506,-38.1109375501,0
              175.6284841999,-38.1112826499,0
              175.6283056170,-38.1114327494,0
              175.6279019167,-38.1118225330,0
              175.6276225341,-38.1121327993,0
              175.6274751666,-38.1122686337,0
              175.6272266170,-38.1124420333,0
              175.6269242000,-38.1125855001,0
              175.6266273508,-38.1126708665,0
              175.6260792499,-38.1127632000,0
              175.6253534165,-38.1129143997,0
              175.6248423002,-38.1129514827,0
              175.6242746338,-38.1129697000,0
              175.6240323332,-38.1129645335,0
              175.6232677337,-38.1129001168,0
              175.6230046670,-38.1129076330,0
              175.6227308336,-38.1129437163,0
              175.6224754826,-38.1130092666,0
              175.6223108834,-38.1130973998,0
              175.6222023002,-38.1132256829,0
              175.6221426505,-38.1134335997,0
              175.6221436673,-38.1136159171,0
              175.6221875328,-38.1138644497,0
              175.6222425174,-38.1140180339,0
              175.6223423674,-38.1141961662,0
              175.6228558333,-38.1148412663,0
              175.6233619493,-38.1157038829,0
              175.6237470341,-38.1162837164,0
              175.6245359660,-38.1173295327,0
              175.6250229663,-38.1178936335,0
              175.6251587506,-38.1181030161,0
              175.6252563002,-38.1183172334,0
              175.6253207002,-38.1185315332,0
              175.6253618168,-38.1187654494,0
              175.6253795168,-38.1190168001,0
              175.6253743002,-38.1192941997,0
              175.6253183498,-38.1196640835,0
              175.6250942006,-38.1205721827,0
              175.6250645831,-38.1208440161,0
              175.6250765500,-38.1210359837,0
              175.6251375499,-38.1214197333,0
              175.6253083326,-38.1220531168,0
              175.6254642332,-38.1228537169,0
              175.6255889005,-38.1232005169,0
              175.6257320160,-38.1234493499,0
              175.6259327505,-38.1236818500,0
              175.6262169832,-38.1239142832,0
              175.6265761493,-38.1241263994,0
              175.6270022493,-38.1243091167,0
              175.6273639497,-38.1244224833,0
              175.6276540507,-38.1244851997,0
              175.6279612999,-38.1245252002,0
              175.6289648501,-38.1246099495,0
              175.6294423661,-38.1246989829,0
              175.6297603009,-38.1247825002,0
              175.6301208829,-38.1249025329,0
              175.6304485337,-38.1250439830,0
              175.6307021337,-38.1251847164,0
              175.6309273508,-38.1253439332,0
              175.6310843839,-38.1254828995,0
              175.6312377174,-38.1256497835,0
              175.6314094492,-38.1258817661,0
              175.6316359674,-38.1262761497,0
              175.6319395501,-38.1269528001,0
              175.6321550831,-38.1273800664,0
              175.6324002498,-38.1279715828,0
              175.6326046339,-38.1285583330,0
              175.6327007670,-38.1288891329,0
              175.6327918173,-38.1293747494,0
              175.6328270004,-38.1297684330,0
              175.6328241840,-38.1300401495,0
              175.6327760664,-38.1303377661,0
              175.6326648501,-38.1306308661,0
              175.6325196173,-38.1308957162,0
              175.6321907332,-38.1314202998,0
              175.6319514671,-38.1318519005,0
              175.6318215500,-38.1321135167,0
              175.6317046008,-38.1324085168,0
              175.6316234670,-38.1327288494,0
              175.6315857668,-38.1330613005,0
              175.6315925169,-38.1334110994,0
              175.6316436841,-38.1337737497,0
              175.6317638337,-38.1342556328,0
              175.6318661670,-38.1345474331,0
              175.6320173340,-38.1348809163,0
              175.6322156507,-38.1352423330,0
              175.6324913503,-38.1356800163,0
              175.6329463503,-38.1363459333,0
              175.6339038160,-38.1376515828,0
              175.6341286007,-38.1380084663,0
              175.6343014996,-38.1383376002,0
              175.6344465167,-38.1388138327,0
              175.6346671496,-38.1398578498,0
              175.6348717667,-38.1406438001,0
              175.6349359832,-38.1408460172,0
              175.6350108334,-38.1410066828,0
              175.6351196999,-38.1411584502,0
              175.6352523331,-38.1412716834,0
              175.6354370499,-38.1413670166,0
              175.6356745326,-38.1414434331,0
              175.6359830340,-38.1415053335,0
              175.6364795333,-38.1415724832,0
              175.6373982838,-38.1416329501,0
              175.6377267502,-38.1416688672,0
              175.6382227165,-38.1417846669,0
              175.6387406340,-38.1419550334,0
              175.6399142506,-38.1424366327,0
              175.6403616503,-38.1426530667,0
              175.6407596338,-38.1429109998,0
              175.6410407660,-38.1431395161,0
              175.6412319839,-38.1433278999,0
              175.6414296837,-38.1435947828,0
              175.6415484503,-38.1438723665,0
              175.6415936332,-38.1441409666,0
              175.6415730165,-38.1444426163,0
              175.6414993669,-38.1447310329,0
              175.6413791836,-38.1450239494,0
              175.6412555999,-38.1452351668,0
              175.6408679499,-38.1458074167,0
              175.6406748332,-38.1462252661,0
              175.6405983997,-38.1464708995,0
              175.6405556839,-38.1467045167,0
              175.6405472334,-38.1469190495,0
              175.6405729504,-38.1471411996,0
              175.6406494495,-38.1474016835,0
              175.6407830834,-38.1476830169,0
              175.6411625668,-38.1482957994,0
              175.6413552840,-38.1485522998,0
              175.6415077666,-38.1487092495,0
              175.6417068840,-38.1488576663,0
              175.6419441668,-38.1489965665,0
              175.6423532672,-38.1492033832,0
              175.6427571833,-38.1494271168,0
              175.6432187669,-38.1498134167,0
              175.6439417504,-38.1505859339,0
              175.6442961333,-38.1510461332,0
              175.6444668830,-38.1513461999,0
              175.6445682664,-38.1516097000,0
              175.6446461334,-38.1519133332,0
              175.6447816506,-38.1526790329,0
              175.6448919994,-38.1531417337,0
              175.6450412836,-38.1535956332,0
              175.6452352838,-38.1540323998,0
              175.6454916672,-38.1544793166,0
              175.6457952500,-38.1549010174,0
              175.6463454662,-38.1555471327,0
              175.6467715336,-38.1559513829,0
              175.6471299841,-38.1562167166,0
              175.6475313005,-38.1564467662,0
              175.6478880838,-38.1566109163,0
              175.6482909171,-38.1567519328,0
              175.6488822673,-38.1568989831,0
              175.6495324338,-38.1570017837,0
              175.6498497839,-38.1570207167,0
              175.6508781840,-38.1570375165,0
              175.6511663674,-38.1570691831,0
              175.6514961999,-38.1571354161,0
              175.6519058826,-38.1572507669,0
              175.6522320839,-38.1573894339,0
              175.6524752340,-38.1575494996,0
              175.6526342172,-38.1577319000,0
              175.6527030992,-38.1578702496,0
              175.6527424669,-38.1580210328,0
              175.6527524339,-38.1581844328,0
              175.6527333169,-38.1583497660,0
              175.6526863998,-38.1585059000,0
              175.6525943505,-38.1587047999,0
              175.6524954833,-38.1588487996,0
              175.6523717336,-38.1589822167,0
              175.6521499508,-38.1591569161,0
              175.6519305999,-38.1592799165,0
              175.6507228003,-38.1597616827,0
              175.6503308832,-38.1599487666,0
              175.6501432333,-38.1600659335,0
              175.6499069006,-38.1602522500,0
              175.6496150999,-38.1605495662,0
              175.6494328834,-38.1608384998,0
              175.6493829670,-38.1609866333,0
              175.6493695668,-38.1610898664,0
              175.6493840341,-38.1612231499,0
              175.6494188336,-38.1613206168,0
              175.6494991167,-38.1614502168,0
              175.6496158504,-38.1615782495,0
              175.6497700006,-38.1617053500,0
              175.6499740167,-38.1618362998,0
              175.6501985163,-38.1619495833,0
              175.6504451659,-38.1620506328,0
              175.6506656833,-38.1621229496,0
              175.6508405832,-38.1621623165,0
              175.6512486497,-38.1622096000,0
              175.6519050499,-38.1621934497,0
              175.6528000994,-38.1621072497,0
              175.6543141830,-38.1618405996,0
              175.6550474498,-38.1617279496,0
              175.6552444664,-38.1617118501,0
              175.6560858168,-38.1617016664,0
              175.6568291668,-38.1617364168,0
              175.6574149835,-38.1617916331,0
              175.6584289337,-38.1619129496,0
              175.6589960159,-38.1620014331,0
              175.6595125339,-38.1621227328,0
              175.6600266335,-38.1623039001,0
              175.6605221006,-38.1625426500,0
              175.6612793168,-38.1629591498,0
              175.6632257008,-38.1638735498,0
              175.6643146492,-38.1642452829,0
              175.6645813831,-38.1643661997,0
              175.6647796008,-38.1644826996,0
              175.6649347674,-38.1646059839,0
              175.6650429668,-38.1647284667,0
              175.6651389494,-38.1648821161,0
              175.6652214661,-38.1650788161,0
              175.6652593331,-38.1652378497,0
              175.6652724507,-38.1654310502,0
              175.6652553000,-38.1655827833,0
              175.6652009662,-38.1657519498,0
              175.6651286669,-38.1658795002,0
              175.6650329004,-38.1659914162,0
              175.6649056674,-38.1661024500,0
              175.6646921504,-38.1662476331,0
              175.6640864498,-38.1665667327,0
              175.6631255664,-38.1669657165,0
              175.6629087338,-38.1670941665,0
              175.6627342008,-38.1672553667,0
              175.6626530339,-38.1673917334,0
              175.6625950508,-38.1675446828,0
              175.6625551336,-38.1677535160,0
              175.6625501339,-38.1679376329,0
              175.6625717502,-38.1681234002,0
              175.6626181833,-38.1683121167,0
              175.6626818332,-38.1684807667,0
              175.6627899502,-38.1686910833,0
              175.6628998499,-38.1688431328,0
              175.6630549500,-38.1690153497,0
              175.6636912005,-38.1695839000,0
              175.6642219334,-38.1701509498,0
              175.6646458161,-38.1705409332,0
              175.6650077166,-38.1709105835,0
              175.6653286500,-38.1711689999,0
              175.6654766335,-38.1712502168,0
              175.6656409501,-38.1713047830,0
              175.6658339339,-38.1713116828,0
              175.6659613498,-38.1712788002,0
              175.6660999333,-38.1712199833,0
              175.6663547675,-38.1710693996,0
              175.6672153834,-38.1704713164,0
              175.6674596661,-38.1703174002,0
              175.6678493666,-38.1701254998,0
              175.6681869672,-38.1700026330,0
              175.6683852000,-38.1699573162,0
              175.6685458499,-38.1699382835,0
              175.6687725998,-38.1699359833,0
              175.6689670668,-38.1699535332,0
              175.6691109675,-38.1699818496,0
              175.6692842660,-38.1700368831,0
              175.6694336664,-38.1701101832,0
              175.6695739498,-38.1702080499,0
              175.6696928676,-38.1703322999,0
              175.6697987501,-38.1704977161,0
              175.6698782663,-38.1706875662,0
              175.6699465673,-38.1709480500,0
              175.6699635339,-38.1712929335,0
              175.6698849328,-38.1722007999,0
              175.6698811332,-38.1725284163,0
              175.6699042504,-38.1727805501,0
              175.6699478328,-38.1730101502,0
              175.6700126331,-38.1732212829,0
              175.6700992668,-38.1734162995,0
              175.6702067502,-38.1736015835,0
              175.6703479174,-38.1737916998,0
              175.6708167832,-38.1742916829,0
              175.6717439161,-38.1751335167,0
              175.6721049669,-38.1754278661,0
              175.6723003175,-38.1756316501,0
              175.6723883839,-38.1757647665,0
              175.6724987671,-38.1760560496,0
              175.6725865495,-38.1761537330,0
              175.6728074999,-38.1763426166,0
              175.6730036501,-38.1766343161,0
              175.6731177166,-38.1768964501,0
              175.6734370171,-38.1778103496,0
              175.6735306832,-38.1782465996,0
              175.6735686008,-38.1786002996,0
              175.6735756008,-38.1791241831,0
              175.6735423168,-38.1800079165,0
              175.6735931166,-38.1803812834,0
              175.6736869001,-38.1807058001,0
              175.6739434502,-38.1813903827,0
              175.6741991673,-38.1821804995,0
              175.6745434840,-38.1834530331,0
              175.6750769835,-38.1846719834,0
              175.6752635507,-38.1851953502,0
              175.6753056003,-38.1854608497,0
              175.6752728000,-38.1856396831,0
              175.6751631675,-38.1858254328,0
              175.6749782174,-38.1860235001,0
              175.6746047166,-38.1863514829,0
              175.6740380333,-38.1869357829,0
              175.6737910338,-38.1872769995,0
              175.6736126999,-38.1876285501,0
              175.6735187504,-38.1879384161,0
              175.6734856498,-38.1882395496,0
              175.6735100168,-38.1884780669,0
              175.6736579835,-38.1890797994,0
              175.6736911000,-38.1893624162,0
              175.6736920001,-38.1898340666,0
              175.6736276007,-38.1902779495,0
              175.6735192341,-38.1906556328,0
              175.6733586667,-38.1910314833,0
              175.6730666165,-38.1915608999,0
              175.6727022334,-38.1920803826,0
              175.6725878662,-38.1922704502,0
              175.6724956169,-38.1924860995,0
              175.6724457660,-38.1927187999,0
              175.6724365340,-38.1931219001,0
              175.6725209001,-38.1936865662,0
              175.6728643668,-38.1949377827,0
              175.6730340327,-38.1957452833,0
              175.6733992998,-38.1989370001,0
              175.6733879508,-38.1993236000,0
              175.6733133325,-38.1999607997,0
              175.6730966839,-38.2025688833,0
              175.6728879330,-38.2034865168,0
              175.6728562336,-38.2037582001,0
              175.6728619506,-38.2039782329,0
              175.6729465667,-38.2043869828,0
              175.6730247008,-38.2045785331,0
              175.6731070494,-38.2047231663,0
              175.6732750493,-38.2049253669,0
              175.6736898338,-38.2052617500,0
              175.6738501831,-38.2054959996,0
              175.6744956838,-38.2069963829,0
              175.6747649507,-38.2075530497,0
              175.6749894673,-38.2079586494,0
              175.6753000670,-38.2084171994,0
              175.6758626002,-38.2089877835,0
              175.6759920328,-38.2091495835,0
              175.6760825330,-38.2092993995,0
              175.6761917341,-38.2095693828,0
              175.6762573832,-38.2098418004,0
              175.6762897499,-38.2101204662,0
              175.6763020000,-38.2107114995,0
              175.6763664832,-38.2109480665,0
              175.6765377334,-38.2112923496,0
              175.6771280502,-38.2122133330,0
              175.6773283675,-38.2126014999,0
              175.6774488327,-38.2128913996,0
              175.6775149498,-38.2131184831,0
              175.6775469492,-38.2133251162,0
              175.6775498173,-38.2136081498,0
              175.6775164332,-38.2138472660,0
              175.6774473166,-38.2141000662,0
              175.6773456998,-38.2143625832,0
              175.6769604674,-38.2149934662,0
              175.6768270008,-38.2152580665,0
              175.6767576496,-38.2155778663,0
              175.6767515502,-38.2158623669,0
              175.6767709335,-38.2160673662,0
              175.6768275831,-38.2163669668,0
              175.6768980499,-38.2166642330,0
              175.6770082665,-38.2169990837,0
              175.6771597503,-38.2173554162,0
              175.6774254503,-38.2178891499,0
              175.6777450832,-38.2184270661,0
              175.6778142168,-38.2186087832,0
              175.6778635000,-38.2188968668,0
              175.6778560331,-38.2191049665,0
              175.6778201668,-38.2192717501,0
              175.6777557499,-38.2194299663,0
              175.6776468841,-38.2195925668,0
              175.6774516835,-38.2197770001,0
              175.6770140671,-38.2201130503,0
              175.6766780002,-38.2204260996,0
              175.6763962335,-38.2207337166,0
              175.6762046671,-38.2210148997,0
              175.6760628500,-38.2213359162,0
              175.6759126006,-38.2218243827,0
              175.6755104005,-38.2226178828,0
              175.6753599331,-38.2229826665,0
              175.6752824503,-38.2233258666,0
              175.6752898999,-38.2236335998,0
              175.6753448008,-38.2238623834,0
              175.6754188169,-38.2240582996,0
              175.6757133840,-38.2246319998,0
              175.6759065831,-38.2249114329,0
              175.6760790002,-38.2251216663,0
              175.6764788671,-38.2255250501,0
              175.6773667673,-38.2262298497,0
              175.6775500835,-38.2263472168,0
              175.6781449833,-38.2266550004,0
              175.6793038167,-38.2271922001,0
              175.6798375329,-38.2274975998,0
              175.6802333339,-38.2277951165,0
              175.6804072508,-38.2279840997,0
              175.6805127332,-38.2281411665,0
              175.6805443337,-38.2282374330,0
              175.6805579162,-38.2283967332,0
              175.6805423173,-38.2285388826,0
              175.6805065336,-38.2286586668,0
              175.6804326826,-38.2288133327,0
              175.6803035999,-38.2289670333,0
              175.6799876663,-38.2292384328,0
              175.6796325995,-38.2294373661,0
              175.6792899165,-38.2295713996,0
              175.6789920829,-38.2296523666,0
              175.6781567999,-38.2297814500,0
              175.6780216506,-38.2298196495,0
              175.6778702672,-38.2298842501,0
              175.6776657837,-38.2300304996,0
              175.6774973000,-38.2302134500,0
              175.6773541831,-38.2304941002,0
              175.6773124331,-38.2307115661,0
              175.6773126505,-38.2308954660,0
              175.6773691000,-38.2312305498,0
              175.6775890833,-38.2318523664,0
              175.6776231665,-38.2321259666,0
              175.6776436501,-38.2325166002,0
              175.6776098170,-38.2333650827,0
              175.6776467006,-38.2343901827,0
              175.6775742166,-38.2352021829,0
              175.6775229340,-38.2354902326,0
              175.6774723159,-38.2356343001,0
              175.6774035503,-38.2362919829,0
              175.6773532659,-38.2365106328,0
              175.6773513330,-38.2369478498,0
              175.6774036169,-38.2372807496,0
              175.6773814503,-38.2375164168,0
              175.6774478003,-38.2379224493,0
              175.6775211165,-38.2382214329,0
              175.6779235673,-38.2393807833,0
              175.6779539005,-38.2394917002,0
              175.6779618503,-38.2396858661,0
              175.6779187170,-38.2401770496,0
              175.6777358492,-38.2408886164,0
              175.6776777498,-38.2413046170,0
              175.6776683995,-38.2417140497,0
              175.6777437341,-38.2421600830,0
              175.6778752502,-38.2427354498,0
              175.6781361331,-38.2434998995,0
              175.6792092667,-38.2463014162,0
              175.6793302166,-38.2467457994,0
              175.6793910337,-38.2475115995,0
              175.6794767508,-38.2478334495,0
              175.6795435169,-38.2479559170,0
              175.6796543831,-38.2481053994,0
              175.6801458001,-38.2486139329,0
              175.6804299332,-38.2489548667,0
              175.6806248004,-38.2492307838,0
              175.6807056998,-38.2493645001,0
              175.6808110339,-38.2495966330,0
              175.6808493331,-38.2497489669,0
              175.6808562995,-38.2498960495,0
              175.6808428666,-38.2500600501,0
              175.6805946839,-38.2513105839,0
              175.6805581502,-38.2514517662,0
              175.6804887501,-38.2515942160,0
              175.6803500840,-38.2517598671,0
              175.6801605498,-38.2519077502,0
              175.6799410330,-38.2520405332,0
              175.6796480502,-38.2521885332,0
              175.6794531834,-38.2523177661,0
              175.6793775325,-38.2524012828,0
              175.6793160992,-38.2525022832,0
              175.6792629165,-38.2526379835,0
              175.6792168669,-38.2529030828,0
              175.6790904838,-38.2540733665,0
              175.6790614842,-38.2542932001,0
              175.6790020827,-38.2545317828,0
              175.6788294337,-38.2549693999,0
              175.6784167992,-38.2558098331,0
              175.6780097835,-38.2566262831,0
              175.6777465837,-38.2570660998,0
              175.6776598335,-38.2573382161,0
              175.6776560325,-38.2574609495,0
              175.6776975834,-38.2576191000,0
              175.6777796336,-38.2577855997,0
              175.6779582007,-38.2580176169,0
              175.6782018999,-38.2582930493,0
              175.6785818172,-38.2586489997,0
              175.6788013502,-38.2588831666,0
              175.6797543999,-38.2599821498,0
              175.6797929500,-38.2600623172,0
              175.6799276325,-38.2606989829,0
              175.6799735832,-38.2611872161,0
              175.6799705173,-38.2616838832,0
              175.6798975333,-38.2625719996,0
              175.6798163009,-38.2631599997,0
              175.6798650499,-38.2632656832,0
              175.6799288002,-38.2635289498,0
              175.6799010999,-38.2638227497,0
              175.6798480668,-38.2640211828,0
              175.6798355170,-38.2641567502,0
              175.6797254668,-38.2645370673,0
              175.6797016492,-38.2647517664,0
              175.6797389171,-38.2651565996,0
              175.6798774337,-38.2657731160,0
              175.6800706667,-38.2662364169,0
              175.6800572328,-38.2664424496,0
              175.6799960506,-38.2666102163,0
              175.6797824667,-38.2669902327,0
              175.6794534336,-38.2673476998,0
              175.6794191168,-38.2674753337,0
              175.6794288827,-38.2676329166,0
              175.6794939333,-38.2678341662,0
              175.6795750837,-38.2679899997,0
              175.6796759175,-38.2681002171,0
              175.6797442500,-38.2682055999,0
              175.6800317161,-38.2685225166,0
              175.6803038161,-38.2688991167,0
              175.6806573834,-38.2695659993,0
              175.6807580832,-38.2698671163,0
              175.6808035004,-38.2702062830,0
              175.6808026331,-38.2704292666,0
              175.6809221169,-38.2711232666,0
              175.6809472330,-38.2714587662,0
              175.6810014508,-38.2716660001,0
              175.6810025835,-38.2718002662,0
              175.6810821832,-38.2723982330,0
              175.6811691509,-38.2736094331,0
              175.6811391670,-38.2739198161,0
              175.6809687995,-38.2742997166,0
              175.6809219005,-38.2746639832,0
              175.6809720168,-38.2748338502,0
              175.6809740508,-38.2748975172,0
              175.6810537828,-38.2751411498,0
              175.6810638668,-38.2752681499,0
              175.6811817994,-38.2756302827,0
              175.6811772674,-38.2757297666,0
              175.6813328673,-38.2758887993,0
              175.6814452840,-38.2760564826,0
              175.6814115498,-38.2761233833,0
              175.6815169331,-38.2761678999,0
              175.6816176670,-38.2762710833,0
              175.6816417495,-38.2763327161,0
              175.6818693832,-38.2765963826,0
              175.6820226839,-38.2768775168,0
              175.6822026171,-38.2771207827,0
              175.6822737665,-38.2771700993,0
              175.6823180007,-38.2772833163,0
              175.6823766335,-38.2773386326,0
              175.6824504002,-38.2773746164,0
              175.6824637507,-38.2774381669,0
              175.6827905008,-38.2778199998,0
              175.6829267832,-38.2779174662,0
              175.6829270005,-38.2779443493,0
              175.6829992838,-38.2780145494,0
              175.6831825502,-38.2782846498,0
              175.6836027333,-38.2786759003,0
              175.6838298336,-38.2789211167,0
              175.6839475504,-38.2791152163,0
              175.6842265840,-38.2794177000,0
              175.6844846176,-38.2797429495,0
              175.6845816169,-38.2798359163,0
              175.6850862333,-38.2801953330,0
              175.6853543501,-38.2804233498,0
              175.6854388168,-38.2805647838,0
              175.6855134836,-38.2807383497,0
              175.6855756666,-38.2809944669,0
              175.6855373492,-38.2812882338,0
              175.6853177673,-38.2819033502,0
              175.6852923333,-38.2820716827,0
              175.6853178833,-38.2822402666,0
              175.6854903659,-38.2826919499,0
              175.6855244335,-38.2831045001,0
              175.6855140999,-38.2833619665,0
              175.6853216669,-38.2848887829,0
              175.6853906341,-38.2850762666,0
              175.6854416165,-38.2852845495,0
              175.6856933503,-38.2859207664,0
              175.6857160174,-38.2860300330,0
              175.6856775003,-38.2864296997,0
              175.6856968001,-38.2866088828,0
              175.6856786339,-38.2868012005,0
              175.6855483332,-38.2871995494,0
              175.6854650508,-38.2874013326,0
              175.6854363004,-38.2874229497,0
              175.6850158833,-38.2881758335,0
              175.6847389331,-38.2884993167,0
              175.6846046165,-38.2886820664,0
              175.6845814172,-38.2887379334,0
              175.6845369341,-38.2887767495,0
              175.6842424829,-38.2893027001,0
              175.6839982169,-38.2898521328,0
              175.6838564331,-38.2900200499,0
              175.6835887504,-38.2902778831,0
              175.6833212004,-38.2905658002,0
              175.6832208162,-38.2907102498,0
              175.6829212168,-38.2910495330,0
              175.6829190170,-38.2910772994,0
              175.6828722163,-38.2910867832,0
              175.6827875008,-38.2911337329,0
              175.6826749338,-38.2912328165,0
              175.6825987006,-38.2912590000,0
              175.6825126502,-38.2913690330,0
              175.6821672001,-38.2917002830,0
              175.6819295171,-38.2918932830,0
              175.6816091174,-38.2921221834,0
              175.6815080170,-38.2921778828,0
              175.6813519007,-38.2923263997,0
              175.6811234667,-38.2926323161,0
              175.6809416500,-38.2929241499,0
              175.6808597170,-38.2931175331,0
              175.6808860508,-38.2932674498,0
              175.6808871501,-38.2935566168,0
              175.6808669328,-38.2937350168,0
              175.6809068491,-38.2937378162,0
              175.6809465827,-38.2940698168,0
              175.6810497830,-38.2946480169,0
              175.6810775003,-38.2951161498,0
              175.6811662496,-38.2953493161,0
              175.6812934169,-38.2957815828,0
              175.6818400339,-38.2979276667,0
              175.6817829000,-38.2980479327,0
              175.6817557662,-38.2981887502,0
              175.6817429175,-38.2984921828,0
              175.6817771835,-38.2987641338,0
              175.6818749166,-38.2991636831,0
              175.6819232334,-38.2992965998,0
              175.6819636506,-38.2995959494,0
              175.6820738832,-38.2998455164,0
              175.6821181668,-38.2998985496,0
              175.6832389838,-38.3010820833,0
              175.6832902003,-38.3011853338,0
              175.6833370673,-38.3012331833,0
              175.6833495831,-38.3012794999,0
              175.6833915504,-38.3013090997,0
              175.6835158169,-38.3015306333,0
              175.6836500006,-38.3017023498,0
              175.6840776664,-38.3020909670,0
              175.6842473168,-38.3023268165,0
              175.6843593003,-38.3024445328,0
              175.6845332341,-38.3025770999,0
              175.6846566494,-38.3027185994,0
              175.6847872500,-38.3029248161,0
              175.6849148498,-38.3032152829,0
              175.6851667002,-38.3036694502,0
              175.6857015002,-38.3043742326,0
              175.6867676502,-38.3053705162,0
              175.6874052496,-38.3058944329,0
              175.6877526674,-38.3065690996,0
              175.6891246494,-38.3068607831,0
              175.6893746169,-38.3069297997,0
              175.6903492668,-38.3072487828,0
              175.6904999675,-38.3074524995,0
              175.6905947339,-38.3076376165,0
              175.6906572665,-38.3078244833,0
              175.6907420169,-38.3083303834,0
              175.6907823331,-38.3084080666,0
              175.6908458169,-38.3086494171,0
              175.6909173665,-38.3094938666,0
              175.6912952332,-38.3103461993,0
              175.6914302165,-38.3104585833,0
              175.6914715504,-38.3104608662,0
              175.6916973837,-38.3105499828,0
              175.6921367005,-38.3108691001,0
              175.6922404835,-38.3109237494,0
              175.6928672998,-38.3110019168,0
              175.6930126174,-38.3110869834,0
              175.6930586000,-38.3110976662,0
              175.6931030498,-38.3111400998,0
              175.6931470660,-38.3111500835,0
              175.6932072507,-38.3111976669,0
              175.6933931667,-38.3112827832,0
              175.6934514833,-38.3113275001,0
              175.6938451839,-38.3117304834,0
              175.6940970830,-38.3118994329,0
              175.6944669338,-38.3120291499,0
              175.6950824503,-38.3121696995,0
              175.6951712336,-38.3122380494,0
              175.6960874662,-38.3124433494,0
              175.6962119172,-38.3125135163,0
              175.6963764838,-38.3126787671,0
              175.6963942331,-38.3127195331,0
              175.6964507169,-38.3127181662,0
              175.6964977161,-38.3127586161,0
              175.6965545169,-38.3127728995,0
              175.6966752500,-38.3128461499,0
              175.6969150167,-38.3130205495,0
              175.6969459006,-38.3130578993,0
              175.6975199667,-38.3133368827,0
              175.6977686002,-38.3134141666,0
              175.6979443326,-38.3134523827,0
              175.6980303173,-38.3134533165,0
              175.6982050994,-38.3135017660,0
              175.6983977500,-38.3135775001,0
              175.6987318336,-38.3136737497,0
              175.6990052500,-38.3138040334,0
              175.6994154505,-38.3140529332,0
              175.6995197168,-38.3140960832,0
              175.6998247498,-38.3141138830,0
              175.7000582166,-38.3141606662,0
              175.7002071338,-38.3142038169,0
              175.7004934164,-38.3143211830,0
              175.7008348167,-38.3145016166,0
              175.7016744502,-38.3150140500,0
              175.7022294165,-38.3152898999,0
              175.7026293992,-38.3154510664,0
              175.7032070501,-38.3157429166,0
              175.7040562004,-38.3162192997,0
              175.7040856666,-38.3162572001,0
              175.7041509170,-38.3162927666,0
              175.7046063001,-38.3164562827,0
              175.7049883007,-38.3165551664,0
              175.7055960665,-38.3166734496,0
              175.7056550338,-38.3166969327,0
              175.7059484332,-38.3167038169,0
              175.7061704164,-38.3167369495,0
              175.7064751834,-38.3168160667,0
              175.7067599999,-38.3169242499,0
              175.7071714499,-38.3171429334,0
              175.7078651668,-38.3175550666,0
              175.7084784672,-38.3178140169,0
              175.7092231332,-38.3182988830,0
              175.7093982833,-38.3183721495,0
              175.7094583326,-38.3184168163,0
              175.7096331171,-38.3184676334,0
              175.7101091495,-38.3188771672,0
              175.7105348661,-38.3192915829,0
              175.7105369496,-38.3193298500,0
              175.7106505333,-38.3193877167,0
              175.7115623835,-38.3197740500,0
              175.7124609660,-38.3201930662,0
              175.7131056175,-38.3204393664,0
              175.7149957659,-38.3210809497,0
              175.7155476501,-38.3211760332,0
              175.7157687659,-38.3212441507,0
              175.7160461004,-38.3213533995,0
              175.7163828326,-38.3215329667,0
              175.7172413333,-38.3220643826,0
              175.7174111998,-38.3222612168,0
              175.7175504334,-38.3223723494,0
              175.7177513838,-38.3225684668,0
              175.7179866171,-38.3228433331,0
              175.7185849329,-38.3237008665,0
              175.7186258174,-38.3237284827,0
              175.7188025169,-38.3240324495,0
              175.7190662508,-38.3243492833,0
              175.7193942168,-38.3246837165,0
              175.7195807005,-38.3247590831,0
              175.7197780507,-38.3248101161,0
              175.7200299506,-38.3249376502,0
              175.7204386669,-38.3252486163,0
              175.7207274506,-38.3255683831,0
              175.7208301170,-38.3257378165,0
              175.7209644502,-38.3260601662,0
              175.7209874007,-38.3262590497,0
              175.7209841662,-38.3267519996,0
              175.7210731001,-38.3272049827,0
              175.7211711003,-38.3274492001,0
              175.7214271674,-38.3279123334,0
              175.7217109839,-38.3281987504,0
              175.7218811502,-38.3283310165,0
              175.7220807669,-38.3284397002,0
              175.7225083831,-38.3286274499,0
              175.7227060006,-38.3287657832,0
              175.7230219668,-38.3288983994,0
              175.7232797505,-38.3290599995,0
              175.7236779340,-38.3294175163,0
              175.7238128172,-38.3295738994,0
              175.7238654499,-38.3296761832,0
              175.7238910331,-38.3298036498,0
              175.7239062171,-38.3301542165,0
              175.7238910164,-38.3302783666,0
              175.7237994000,-38.3305211663,0
              175.7235486002,-38.3309152333,0
              175.7235075334,-38.3310773832,0
              175.7235249834,-38.3312183665,0
              175.7237976833,-38.3316940495,0
              175.7239138341,-38.3318596660,0
              175.7245397661,-38.3325790501,0
              175.7246735499,-38.3327003834,0
              175.7248496668,-38.3328282826,0
              175.7253704335,-38.3331287502,0
              175.7253858171,-38.3331623665,0
              175.7254303171,-38.3331837161,0
              175.7256633506,-38.3334109998,0
              175.7260305999,-38.3337132336,0
              175.7261665999,-38.3339174661,0
              175.7262874669,-38.3340459833,0
              175.7264107663,-38.3342108002,0
              175.7265179170,-38.3343663834,0
              175.7266135170,-38.3345532000,0
              175.7271973325,-38.3352030329,0
              175.7273599335,-38.3353139831,0
              175.7274639328,-38.3353568335,0
              175.7281108994,-38.3358582998,0
              175.7282427827,-38.3359309829,0
              175.7283970001,-38.3360457830,0
              175.7286154493,-38.3360932495,0
              175.7291023500,-38.3365368329,0
              175.7291455494,-38.3365472830,0
              175.7292463500,-38.3366237496,0
              175.7294421171,-38.3367348335,0
              175.7296639503,-38.3368249166,0
              175.7301152168,-38.3369734164,0
              175.7302742338,-38.3369819166,0
              175.7304723003,-38.3370209661,0
              175.7306317332,-38.3370334998,0
              175.7312886826,-38.3370213831,0
              175.7317000671,-38.3370634665,0
              175.7319095500,-38.3371477506,0
              175.7322742834,-38.3373862500,0
              175.7323946665,-38.3375400666,0
              175.7328186170,-38.3379871668,0
              175.7328628001,-38.3380090173,0
              175.7328785165,-38.3380429663,0
              175.7329877831,-38.3380869168,0
              175.7333991332,-38.3384306162,0
              175.7335345333,-38.3385633331,0
              175.7337940337,-38.3387590493,0
              175.7340610675,-38.3389934826,0
              175.7347954506,-38.3397107993,0
              175.7352593172,-38.3400828830,0
              175.7356719004,-38.3405505164,0
              175.7362365001,-38.3413328828,0
              175.7366956331,-38.3418715169,0
              175.7371509828,-38.3425419003,0
              175.7372988508,-38.3427868669,0
              175.7376987169,-38.3436296661,0
              175.7377159165,-38.3437122164,0
              175.7378132665,-38.3438954665,0
              175.7378759165,-38.3440962002,0
              175.7381783171,-38.3446694328,0
              175.7382072670,-38.3447908830,0
              175.7382430999,-38.3451962172,0
              175.7383384830,-38.3454793829,0
              175.7382943825,-38.3457360833,0
              175.7383914339,-38.3469626167,0
              175.7384750998,-38.3474475830,0
              175.7384340169,-38.3475999828,0
              175.7382523832,-38.3477989835,0
              175.7381800175,-38.3479626830,0
              175.7381252506,-38.3481880327,0
              175.7381329001,-38.3483741001,0
              175.7385698339,-38.3490644172,0
              175.7387942832,-38.3491659826,0
              175.7391300168,-38.3492640164,0
              175.7394360165,-38.3494320996,0
              175.7395680666,-38.3495697165,0
              175.7403048998,-38.3495907998,0
              175.7465015008,-38.3496315161,0
              175.7467810837,-38.3522504494,0
              175.7473396167,-38.3523980661,0
              175.7479464834,-38.3525812000,0
              175.7486044171,-38.3528386163,0
              175.7492108502,-38.3529973827,0
              175.7495614325,-38.3530638497,0
              175.7512084831,-38.3529854331,0
              175.7520428169,-38.3533127495,0
              175.7525801673,-38.3533241828,0
              175.7528956832,-38.3533162998,0
              175.7536884498,-38.3533959327,0
              175.7545403175,-38.3533746334,0
              175.7559030174,-38.3534897328,0
              175.7569096170,-38.3533899167,0
              175.7581696336,-38.3533085997,0
              175.7596279833,-38.3534461326,0
              175.7615981840,-38.3537448994,0
              175.7637066839,-38.3543385828,0
              175.7666859833,-38.3550727326,0
              175.7697759507,-38.3560263829,0
              175.7708443838,-38.3566709666,0
              175.7723841166,-38.3572539328,0
              175.7756140001,-38.3582890831,0
              175.7759796828,-38.3585293494,0
              175.7763998999,-38.3589926001,0
              175.7770008998,-38.3594304326,0
              175.7776319329,-38.3597549668,0
              175.7782098505,-38.3600024160,0
              175.7786614999,-38.3602261994,0
              175.7791141167,-38.3605084503,0
              175.7799131499,-38.3610814833,0
              175.7808048662,-38.3618693500,0
              175.7811856002,-38.3622279500,0
              175.7815457002,-38.3626230998,0
              175.7818787496,-38.3629493498,0
              175.7830143827,-38.3642943998,0
              175.7832601336,-38.3648034997,0
              175.7834462499,-38.3652849166,0
              175.7835680506,-38.3654707166,0
              175.7837493332,-38.3659260327,0
              175.7840104002,-38.3663551835,0
              175.7841505840,-38.3668088662,0
              175.7842566172,-38.3673541501,0
              175.7842693001,-38.3677578162,0
              175.7844555661,-38.3688198335,0
              175.7845472841,-38.3697069997,0
              175.7845191331,-38.3701287999,0
              175.7845413841,-38.3706288494,0
              175.7845624497,-38.3707201826,0
              175.7845186999,-38.3709846332,0
              175.7845508836,-38.3712291006,0
              175.7845222166,-38.3722480004,0
              175.7844713174,-38.3727738835,0
              175.7843902669,-38.3732490666,0
              175.7841764496,-38.3739375835,0
              175.7840383673,-38.3742643499,0
              175.7839244325,-38.3746623662,0
              175.7839210165,-38.3747230837,0
              175.7838146665,-38.3750821827,0
              175.7836865339,-38.3757849497,0
              175.7835666507,-38.3761920168,0
              175.7830018170,-38.3773928997,0
              175.7827432492,-38.3778353502,0
              175.7821595506,-38.3785228998,0
              175.7816146671,-38.3793217662,0
              175.7811491841,-38.3798542660,0
              175.7793037339,-38.3815797827,0
              175.7788982160,-38.3820690669,0
              175.7784985338,-38.3823853499,0
              175.7781644007,-38.3826859495,0
              175.7775997000,-38.3834229997,0
              175.7758590336,-38.3844724501,0
              175.7755546669,-38.3846108829,0
              175.7752483175,-38.3848073828,0
              175.7750598006,-38.3849531994,0
              175.7747061841,-38.3853007996,0
              175.7740752837,-38.3858247999,0
              175.7739422837,-38.3859702334,0
              175.7738031170,-38.3861651832,0
              175.7733922339,-38.3868636995,0
              175.7731582333,-38.3870876163,0
              175.7730308170,-38.3872409993,0
              175.7729743336,-38.3873637165,0
              175.7729519166,-38.3875713165,0
              175.7728711663,-38.3877301169,0
              175.7726940001,-38.3879103329,0
              175.7722535171,-38.3882513334,0
              175.7719879832,-38.3885370000,0
              175.7718051839,-38.3887647669,0
              175.7716395666,-38.3890750169,0
              175.7713895007,-38.3897247338,0
              175.7711024339,-38.3902313002,0
              175.7709053835,-38.3905068497,0
              175.7706801832,-38.3907672165,0
              175.7701837999,-38.3911865499,0
              175.7699875835,-38.3913842501,0
              175.7697782333,-38.3917036163,0
              175.7696331007,-38.3920494501,0
              175.7695185004,-38.3925439833,0
              175.7694870007,-38.3929465006,0
              175.7695020675,-38.3936719999,0
              175.7694852505,-38.3940640330,0
              175.7694812166,-38.3952006166,0
              175.7695000671,-38.3953340493,0
              175.7695802333,-38.3955038998,0
              175.7697558669,-38.3957372161,0
              175.7698160840,-38.3957761004,0
              175.7698603841,-38.3957860160,0
              175.7700181498,-38.3957654339,0
              175.7704559168,-38.3955989996,0
              175.7706353002,-38.3955847672,0
              175.7711514336,-38.3955747834,0
              175.7715004664,-38.3955504002,0
              175.7717814996,-38.3956045332,0
              175.7719894172,-38.3956820160,0
              175.7722825334,-38.3958553326,0
              175.7723608840,-38.3959188329,0
              175.7728717824,-38.3967666327,0
              175.7731451167,-38.3972626501,0
              175.7733726332,-38.3977263333,0
              175.7736521005,-38.3980551668,0
              175.7738109831,-38.3981899497,0
              175.7740813336,-38.3983415499,0
              175.7741418331,-38.3984233833,0
              175.7741822166,-38.3984473165,0
              175.7742944503,-38.3984671666,0
              175.7744955825,-38.3984680163,0
              175.7754800333,-38.3986573328,0
              175.7757149667,-38.3987360832,0
              175.7761174833,-38.3989025498,0
              175.7763024332,-38.3990104494,0
              175.7764077505,-38.3991655496,0
              175.7766815507,-38.3998111997,0
              175.7767540501,-38.4002133662,0
              175.7769969165,-38.4008706327,0
              175.7771495831,-38.4014562332,0
              175.7773521000,-38.4017960828,0
              175.7774572994,-38.4020528995,0
              175.7776741835,-38.4027687164,0
              175.7777455335,-38.4030790161,0
              175.7777900506,-38.4033955995,0
              175.7778921331,-38.4037514501,0
              175.7779622834,-38.4038967331,0
              175.7782347170,-38.4041334168,0
              175.7785417841,-38.4043600331,0
              175.7788270502,-38.4044814994,0
              175.7790515341,-38.4045447667,0
              175.7793341841,-38.4046019663,0
              175.7801665171,-38.4046774661,0
              175.7803021835,-38.4047107993,0
              175.7808751842,-38.4048709500,0
              175.7817806832,-38.4051651661,0
              175.7825986997,-38.4053191163,0
              175.7831126333,-38.4054623828,0
              175.7833559330,-38.4055573326,0
              175.7839699835,-38.4057210162,0
              175.7842785832,-38.4058418828,0
              175.7846030170,-38.4059209999,0
              175.7852123671,-38.4059699331,0
              175.7858302005,-38.4060742493,0
              175.7867520508,-38.4063899493,0
              175.7870852003,-38.4065299999,0
              175.7876348326,-38.4069462501,0
              175.7879255672,-38.4071259329,0
              175.7890148008,-38.4076268163,0
              175.7898110005,-38.4081029501,0
              175.7902293495,-38.4083359163,0
              175.7909914833,-38.4088552995,0
              175.7914456328,-38.4091856664,0
              175.7916906502,-38.4093834495,0
              175.7918735165,-38.4094994497,0
              175.7920126832,-38.4095463499,0
              175.7923510496,-38.4095784827,0
              175.7925055335,-38.4096137666,0
              175.7928877836,-38.4098270667,0
              175.7931948500,-38.4099625497,0
              175.7935374330,-38.4101479830,0
              175.7937826000,-38.4102445996,0
              175.7939999672,-38.4103079669,0
              175.7943913664,-38.4103524161,0
              175.7946708839,-38.4104192834,0
              175.7947942007,-38.4104871666,0
              175.7950163004,-38.4106945498,0
              175.7952650506,-38.4108610496,0
              175.7954591828,-38.4109642830,0
              175.7960076828,-38.4111981332,0
              175.7961489327,-38.4112730668,0
              175.7963860334,-38.4114808828,0
              175.7967254838,-38.4116481166,0
              175.7970975835,-38.4119023331,0
              175.7974213000,-38.4120900667,0
              175.7977378998,-38.4123239328,0
              175.7982435341,-38.4125915496,0
              175.7990865396,-38.4131782114,0
              175.7992742483,-38.4133427547,0
              175.7996694815,-38.4137827088,0
              175.8001262582,-38.4142016360,0
              175.8005513466,-38.4147111629,0
              175.8009986002,-38.4151181834,0
              175.8016064839,-38.4155548164,0
              175.8020728000,-38.4158576163,0
              175.8023310504,-38.4160014496,0
              175.8031093675,-38.4163733502,0
              175.8034156499,-38.4165375665,0
              175.8043825162,-38.4169210999,0
              175.8046532333,-38.4170591001,0
              175.8050236665,-38.4173253494,0
              175.8051956331,-38.4174237335,0
              175.8052481000,-38.4174310666,0
              175.8052889175,-38.4174273498,0
              175.8066983498,-38.4161866170,0
              175.8069790500,-38.4163929666,0
              175.8080663169,-38.4173172996,0
              175.8110742615,-38.4188352227,0
              175.8089353175,-38.4206172832,0
              175.8089622997,-38.4207680495,0
              175.8089625505,-38.4211475168,0
              175.8090540005,-38.4213826998,0
              175.8092200674,-38.4216148169,0
              175.8096446160,-38.4219517504,0
              175.8099195004,-38.4221034328,0
              175.8101888341,-38.4222746169,0
              175.8105671337,-38.4224600333,0
              175.8108611166,-38.4226676831,0
              175.8109684166,-38.4227841993,0
              175.8111808170,-38.4230726663,0
              175.8114701005,-38.4236903335,0
              175.8116260494,-38.4238828334,0
              175.8118004501,-38.4240204332,0
              175.8122708673,-38.4242360165,0
              175.8126978839,-38.4244029165,0
              175.8132341839,-38.4245156167,0
              175.8145053507,-38.4248710834,0
              175.8150988996,-38.4249992327,0
              175.8153548501,-38.4250767501,0
              175.8155305501,-38.4251544161,0
              175.8156333168,-38.4252301668,0
              175.8162506996,-38.4258486161,0
              175.8164466167,-38.4261753166,0
              175.8167158999,-38.4267561667,0
              175.8168092172,-38.4269187326,0
              175.8169434507,-38.4270418327,0
              175.8174163335,-38.4273971000,0
              175.8175338337,-38.4275414829,0
              175.8175731500,-38.4276874831,0
              175.8175748171,-38.4277764493,0
              175.8175425841,-38.4279569665,0
              175.8174304663,-38.4282527331,0
              175.8172714995,-38.4284896994,0
              175.8167955502,-38.4290642334,0
              175.8167224499,-38.4291853502,0
              175.8166096671,-38.4294485835,0
              175.8165500332,-38.4296734334,0
              175.8165333164,-38.4298978330,0
              175.8165665502,-38.4301389667,0
              175.8166241838,-38.4303177662,0
              175.8167422504,-38.4305275667,0
              175.8168904325,-38.4306949997,0
              175.8170447825,-38.4308170164,0
              175.8172281507,-38.4309195332,0
              175.8174867668,-38.4310265837,0
              175.8179903328,-38.4311850164,0
              175.8190404838,-38.4314179833,0
              175.8192835501,-38.4315121833,0
              175.8194103004,-38.4315803164,0
              175.8195142996,-38.4316637830,0
              175.8196011167,-38.4317731501,0
              175.8196847503,-38.4319238502,0
              175.8197770494,-38.4321936169,0
              175.8198223008,-38.4324297498,0
              175.8198710168,-38.4328699994,0
              175.8198666505,-38.4345268498,0
              175.8198997006,-38.4349923002,0
              175.8199467501,-38.4352186167,0
              175.8200480841,-38.4354913332,0
              175.8201313341,-38.4356746664,0
              175.8202654670,-38.4358559999,0
              175.8204379667,-38.4360243999,0
              175.8206785003,-38.4362106002,0
              175.8209470506,-38.4363854502,0
              175.8214213833,-38.4366627000,0
              175.8219193995,-38.4369947832,0
              175.8225008663,-38.4373380499,0
              175.8231651501,-38.4376648328,0
              175.8233415661,-38.4377689334,0
              175.8238576666,-38.4379992829,0
              175.8245495325,-38.4382344331,0
              175.8247132330,-38.4383169997,0
              175.8248791665,-38.4383685494,0
              175.8258039669,-38.4386218998,0
              175.8266862831,-38.4388919661,0
              175.8269902832,-38.4389584826,0
              175.8277158499,-38.4391524834,0
              175.8291517006,-38.4395815995,0
              175.8297943174,-38.4397165995,0
              175.8303969997,-38.4397533833,0
              175.8305250504,-38.4397722497,0
              175.8319830998,-38.4398139669,0
              175.8325006665,-38.4398064329,0
              175.8338100999,-38.4396515495,0
              175.8341197170,-38.4395572667,0
              175.8346067501,-38.4394650496,0
              175.8358311659,-38.4393102000,0
              175.8365911492,-38.4392450668,0
              175.8379931999,-38.4390631496,0
              175.8387034004,-38.4389952668,0
              175.8395498174,-38.4388751328,0
              175.8400070666,-38.4388278830,0
              175.8402873339,-38.4387540829,0
              175.8405166660,-38.4387434001,0
              175.8406809669,-38.4387804494,0
              175.8415855673,-38.4387332334,0
              175.8419829998,-38.4387083833,0
              175.8426290174,-38.4386255667,0
              175.8433730165,-38.4385799502,0
              175.8441115833,-38.4386820494,0
              175.8443279665,-38.4386783661,0
              175.8444739674,-38.4386455665,0
              175.8445605000,-38.4385980500,0
              175.8446747506,-38.4385070163,0
              175.8450146840,-38.4381148163,0
              175.8452278668,-38.4379482339,0
              175.8462010004,-38.4373179997,0
              175.8466113006,-38.4369991669,0
              175.8469101832,-38.4367906660,0
              175.8472500002,-38.4366176834,0
              175.8476662666,-38.4364679829,0
              175.8482304335,-38.4363345000,0
              175.8486837993,-38.4362771832,0
              175.8491607831,-38.4362677998,0
              175.8493316169,-38.4362295329,0
              175.8495657006,-38.4361131162,0
              175.8500840165,-38.4357257665,0
              175.8502435835,-38.4356377660,0
              175.8507401831,-38.4353989332,0
              175.8512119840,-38.4352328661,0
              175.8514855161,-38.4351763661,0
              175.8520741501,-38.4351948666,0
              175.8523032340,-38.4351886672,0
              175.8524591667,-38.4351606667,0
              175.8525525341,-38.4351252833,0
              175.8526883330,-38.4350265506,0
              175.8528261669,-38.4348809332,0
              175.8535734996,-38.4339546661,0
              175.8538130837,-38.4336268500,0
              175.8539198999,-38.4335286494,0
              175.8540294331,-38.4334654003,0
              175.8541810998,-38.4334177334,0
              175.8543507006,-38.4333978330,0
              175.8544695829,-38.4333968664,0
              175.8547144171,-38.4334257999,0
              175.8550375831,-38.4335117497,0
              175.8556269165,-38.4338368000,0
              175.8557162832,-38.4338551165,0
              175.8557890169,-38.4338360332,0
              175.8558548993,-38.4337971001,0
              175.8559424332,-38.4337067496,0
              175.8560422170,-38.4335395171,0
              175.8562636166,-38.4329545832,0
              175.8571436000,-38.4312349002,0
              175.8576922665,-38.4303904995,0
              175.8581068826,-38.4298106993,0
              175.8586349500,-38.4292679327,0
              175.8595526002,-38.4283991334,0
              175.8600822836,-38.4278089833,0
              175.8604022992,-38.4274904003,0
              175.8611470164,-38.4268073327,0
              175.8614698335,-38.4264652497,0
              175.8618298666,-38.4261360329,0
              175.8620668008,-38.4259373666,0
              175.8623719992,-38.4257509996,0
              175.8626534831,-38.4256388666,0
              175.8629991501,-38.4255574830,0
              175.8633523174,-38.4255284829,0
              175.8637745504,-38.4255477997,0
              175.8641303672,-38.4256075163,0
              175.8645214830,-38.4257304161,0
              175.8647246340,-38.4258225667,0
              175.8648568504,-38.4259069832,0
              175.8650270669,-38.4260945333,0
              175.8653686666,-38.4265476663,0
              175.8655874333,-38.4267444002,0
              175.8657171839,-38.4268093495,0
              175.8657946829,-38.4268302327,0
              175.8660091833,-38.4268569499,0
              175.8661819672,-38.4268595662,0
              175.8669225005,-38.4268002665,0
              175.8675755337,-38.4266567161,0
              175.8685496666,-38.4263887995,0
              175.8688740002,-38.4262011497,0
              175.8691493176,-38.4261142837,0
              175.8693899499,-38.4261390669,0
              175.8703604840,-38.4258471831,0
              175.8706232336,-38.4257836333,0
              175.8708810499,-38.4258215498,0
              175.8713404834,-38.4257032328,0
              175.8715266662,-38.4255406334,0
              175.8717196507,-38.4254945995,0
              175.8721078335,-38.4255737498,0
              175.8722681325,-38.4255242668,0
              175.8727334668,-38.4254947501,0
              175.8728873340,-38.4254983827,0
              175.8733604831,-38.4254193827,0
              175.8736890166,-38.4254201669,0
              175.8748477671,-38.4254946998,0
              175.8752102007,-38.4255056995,0
              175.8759938840,-38.4254903827,0
              175.8762046502,-38.4255654330,0
              175.8765773168,-38.4255410999,0
              175.8767533000,-38.4254131831,0
              175.8769273168,-38.4255024998,0
              175.8772602338,-38.4254496995,0
              175.8774194499,-38.4253889669,0
              175.8781988504,-38.4252932998,0
              175.8791759331,-38.4252214329,0
              175.8794305999,-38.4252183168,0
              175.8797705675,-38.4252380501,0
              175.8798916667,-38.4252275504,0
              175.8800403334,-38.4252731000,0
              175.8807775501,-38.4255857995,0
              175.8812387666,-38.4257629167,0
              175.8817949994,-38.4258748668,0
              175.8848032162,-38.4269780333,0
              175.8855685668,-38.4272959669,0
              175.8868285335,-38.4277194493,0
              175.8874269825,-38.4278158169,0
              175.8885966668,-38.4281515497,0
              175.8891875667,-38.4283672835,0
              175.8899558833,-38.4286917664,0
              175.8902722336,-38.4287655831,0
              175.8909467167,-38.4288351503,0
              175.8911661667,-38.4288727167,0
              175.8914807164,-38.4289588826,0
              175.8920972006,-38.4291628833,0
              175.8923072833,-38.4292108994,0
              175.8924256170,-38.4292618663,0
              175.8932625332,-38.4293453832,0
              175.8954649675,-38.4297023328,0
              175.8959598498,-38.4298211168,0
              175.8960088340,-38.4298058493,0
              175.8960671162,-38.4298165662,0
              175.8962039841,-38.4297734332,0
              175.8963088335,-38.4296971664,0
              175.8963373337,-38.4296430165,0
              175.8964846669,-38.4295007168,0
              175.8965128168,-38.4295028162,0
              175.8966723337,-38.4291943329,0
              175.8968478005,-38.4290333996,0
              175.8969554663,-38.4289567166,0
              175.8972463663,-38.4287927997,0
              175.8975944666,-38.4286861162,0
              175.8979535174,-38.4286518998,0
              175.8980733665,-38.4286078497,0
              175.8981914666,-38.4285207660,0
              175.8983108669,-38.4283918663,0
              175.8984886333,-38.4281523335,0
              175.8987603841,-38.4277500830,0
              175.8989854833,-38.4273604166,0
              175.8992937332,-38.4269404998,0
              175.8995946002,-38.4266437001,0
              175.8997416176,-38.4265201164,0
              175.8999535325,-38.4264444329,0
              175.9004438668,-38.4263891661,0
              175.9012464667,-38.4264418500,0
              175.9017464000,-38.4264097495,0
              175.9020219170,-38.4264178998,0
              175.9024703834,-38.4263486495,0
              175.9028348996,-38.4263089833,0
              175.9032679498,-38.4262185829,0
              175.9041112671,-38.4260723661,0
              175.9043676675,-38.4259895332,0
              175.9053236493,-38.4255760502,0
              175.9060182664,-38.4253255493,0
              175.9076014326,-38.4248039333,0
              175.9103022500,-38.4239610163,0
              175.9113408670,-38.4235915168,0
              175.9119888666,-38.4232936667,0
              175.9134727676,-38.4224546667,0
              175.9144646673,-38.4219337828,0
              175.9149912002,-38.4216875661,0
              175.9153248167,-38.4215721501,0
              175.9161597668,-38.4214161669,0
              175.9195983830,-38.4206990171,0
              175.9207906674,-38.4204706995,0
              175.9211150659,-38.4203837826,0
              175.9218666674,-38.4201156997,0
              175.9222852165,-38.4200131663,0
              175.9237009008,-38.4197959160,0
              175.9242293499,-38.4196905002,0
              175.9247732840,-38.4195589503,0
              175.9250442998,-38.4195116331,0
              175.9260097833,-38.4194079164,0
              175.9271819009,-38.4193061827,0
              175.9276704833,-38.4192347499,0
              175.9281327492,-38.4191444666,0
              175.9286542170,-38.4190318501,0
              175.9298862334,-38.4187324669,0
              175.9301119002,-38.4186558664,0
              175.9305590671,-38.4184623002,0
              175.9308156669,-38.4183732334,0
              175.9310725999,-38.4182983666,0
              175.9312936329,-38.4182597335,0
              175.9318187837,-38.4182316005,0
              175.9321254167,-38.4182386497,0
              175.9326145340,-38.4182829998,0
              175.9335594502,-38.4184150501,0
              175.9341036340,-38.4185241994,0
              175.9343991005,-38.4186001499,0
              175.9347681828,-38.4187189834,0
              175.9351787165,-38.4188949665,0
              175.9355367170,-38.4190854669,0
              175.9361560170,-38.4194863000,0
              175.9364638168,-38.4196574496,0
              175.9367781001,-38.4197730172,0
              175.9373594998,-38.4199189334,0
              175.9375600497,-38.4200009669,0
              175.9376912334,-38.4201004826,0
              175.9379750166,-38.4202696332,0
              175.9379970337,-38.4204096169,0
              175.9380569992,-38.4204890494,0
              175.9382491668,-38.4206204164,0
              175.9382895337,-38.4206288995,0
              175.9383291504,-38.4205469665,0
              175.9383665674,-38.4205424327,0
              175.9385541008,-38.4206178997,0
              175.9386331007,-38.4205354494,0
              175.9386720500,-38.4205403497,0
              175.9387101172,-38.4205784831,0
              175.9388277330,-38.4206112161,0
              175.9390094502,-38.4206031163,0
              175.9392824832,-38.4206432998,0
              175.9397445176,-38.4207328995,0
              175.9401400670,-38.4208298833,0
              175.9402203995,-38.4208319169,0
              175.9402963166,-38.4208589167,0
              175.9404441498,-38.4208782337,0
              175.9410719175,-38.4209127496,0
              175.9412027832,-38.4208990168,0
              175.9414027175,-38.4208442161,0
              175.9415748668,-38.4208194498,0
              175.9417432505,-38.4207541665,0
              175.9423523675,-38.4204686168,0
              175.9425008506,-38.4204202335,0
              175.9426591665,-38.4203799502,0
              175.9429623173,-38.4203795831,0
              175.9431110500,-38.4203258834,0
              175.9432587837,-38.4202996165,0
              175.9434095504,-38.4202536829,0
              175.9440073331,-38.4202755667,0
              175.9445058004,-38.4202715497,0
              175.9446811173,-38.4202915161,0
              175.9450427504,-38.4202958670,0
              175.9460846502,-38.4204014169,0
              175.9462420508,-38.4204555499,0
              175.9468495669,-38.4206034993,0
              175.9471494334,-38.4206559493,0
              175.9473024500,-38.4208875327,0
              175.9474584836,-38.4206613161,0
              175.9476130832,-38.4203764663,0
              175.9477657001,-38.4206672661,0
              175.9479145168,-38.4207765502,0
              175.9483770331,-38.4208489331,0
              175.9485427331,-38.4208613994,0
              175.9495504007,-38.4210338497,0
              175.9503115336,-38.4212074669,0
              175.9505781334,-38.4213189161,0
              175.9511156670,-38.4214394833,0
              175.9513809838,-38.4214788005,0
              175.9516395676,-38.4212364829,0
              175.9517324339,-38.4212869331,0
              175.9517888161,-38.4215663335,0
              175.9518451334,-38.4216364997,0
              175.9519565501,-38.4215974997,0
              175.9520115495,-38.4216227163,0
              175.9520690500,-38.4216101994,0
              175.9524731671,-38.4216691338,0
              175.9525870337,-38.4217068000,0
              175.9526477999,-38.4217116996,0
              175.9532069165,-38.4217217834,0
              175.9533696338,-38.4217429663,0
              175.9534881332,-38.4217230494,0
              175.9538737672,-38.4217427168,0
              175.9539317329,-38.4217197326,0
              175.9541430340,-38.4217127828,0
              175.9542546825,-38.4217312995,0
              175.9543159660,-38.4217129001,0
              175.9544381836,-38.4217044999,0
              175.9545482164,-38.4217265329,0
              175.9546653831,-38.4217141327,0
              175.9547576171,-38.4217644828,0
              175.9548152163,-38.4217651835,0
              175.9550115672,-38.4217158998,0
              175.9550563666,-38.4217358497,0
              175.9551270831,-38.4217145828,0
              175.9551804170,-38.4217325162,0
              175.9552388500,-38.4217305495,0
              175.9553596338,-38.4217089000,0
              175.9555320167,-38.4217068995,0
              175.9558684663,-38.4216753666,0
              175.9559713674,-38.4216858993,0
              175.9560837502,-38.4216781331,0
              175.9561327834,-38.4216948997,0
              175.9562018333,-38.4216680497,0
              175.9563703504,-38.4216518331,0
              175.9564211503,-38.4216641827,0
              175.9565963498,-38.4216222831,0
              175.9568606665,-38.4216032161,0
              175.9579124495,-38.4213388995,0
              175.9581088340,-38.4213500834,0
              175.9581930503,-38.4213377165,0
              175.9585469000,-38.4211565661,0
              175.9588985173,-38.4209226331,0
              175.9589393668,-38.4209569000,0
              175.9589788505,-38.4208018832,0
              175.9590825841,-38.4207489662,0
              175.9591120166,-38.4207476332,0
              175.9591579835,-38.4206699827,0
              175.9592900668,-38.4202019494,0
              175.9593015835,-38.4200695332,0
              175.9593166508,-38.4201153828,0
              175.9593909665,-38.4198794506,0
              175.9594860501,-38.4197050499,0
              175.9596163998,-38.4195640830,0
              175.9600188842,-38.4192243500,0
              175.9603543008,-38.4188950497,0
              175.9605700827,-38.4187631161,0
              175.9607222500,-38.4186990996,0
              175.9608889671,-38.4186665168,0
              175.9609983160,-38.4186197998,0
              175.9611153336,-38.4185976837,0
              175.9612387508,-38.4186007170,0
              175.9613574161,-38.4185720668,0
              175.9618281333,-38.4185069494,0
              175.9618783167,-38.4185281496,0
              175.9619324505,-38.4185239495,0
              175.9622784166,-38.4184254496,0
              175.9624509830,-38.4184278329,0
              175.9626215831,-38.4184061499,0
              175.9626777839,-38.4183851161,0
              175.9630717339,-38.4183592334,0
              175.9633033004,-38.4183278332,0
              175.9635317501,-38.4183288502,0
              175.9636482665,-38.4182984835,0
              175.9638722168,-38.4183123828,0
              175.9643128507,-38.4183018332,0
              175.9644474832,-38.4183127327,0
              175.9646145994,-38.4182918504,0
              175.9647199833,-38.4182582166,0
              175.9648770841,-38.4181530001,0
              175.9652298005,-38.4176895834,0
              175.9654033000,-38.4175306500,0
              175.9655291840,-38.4174565662,0
              175.9656267493,-38.4174228999,0
              175.9656674173,-38.4173877501,0
              175.9658390337,-38.4173280501,0
              175.9658936674,-38.4173131493,0
              175.9659458675,-38.4173259495,0
              175.9660596834,-38.4172890665,0
              175.9661175832,-38.4173018169,0
              175.9661759997,-38.4172815830,0
              175.9666938171,-38.4172335160,0
              175.9667510497,-38.4172570997,0
              175.9668130992,-38.4172296668,0
              175.9668772172,-38.4172255168,0
              175.9669403827,-38.4172414335,0
              175.9670640838,-38.4172330502,0
              175.9671246672,-38.4172450833,0
              175.9671485831,-38.4172301000,0
              175.9672034666,-38.4172296165,0
              175.9674436159,-38.4172444994,0
              175.9676128664,-38.4172270500,0
              175.9677821502,-38.4172342169,0
              175.9679904175,-38.4172029332,0
              175.9690607503,-38.4169235827,0
              175.9691691999,-38.4168808000,0
              175.9697971501,-38.4167040328,0
              175.9701819668,-38.4165580166,0
              175.9707775502,-38.4162751164,0
              175.9710765335,-38.4161731834,0
              175.9719851339,-38.4159785502,0
              175.9725414337,-38.4158995495,0
              175.9728718833,-38.4158349160,0
              175.9729246997,-38.4158424999,0
              175.9730318169,-38.4158115500,0
              175.9734942504,-38.4156470830,0
              175.9738775509,-38.4154695169,0
              175.9740666176,-38.4153572329,0
              175.9741775997,-38.4152687169,0
              175.9742597507,-38.4151667999,0
              175.9744362841,-38.4148240831,0
              175.9745763996,-38.4145972331,0
              175.9746762002,-38.4145018499,0
              175.9748480996,-38.4144407493,0
              175.9750813174,-38.4144170161,0
              175.9753964337,-38.4144172333,0
              175.9756488171,-38.4144405666,0
              175.9758128335,-38.4144337668,0
              175.9761930832,-38.4144816660,0
              175.9763521332,-38.4145206833,0
              175.9768942842,-38.4145642667,0
              175.9776389163,-38.4146720997,0
              175.9778984336,-38.4146399502,0
              175.9781193664,-38.4145815827,0
              175.9783093832,-38.4145107835,0
              175.9787193008,-38.4142814996,0
              175.9791560339,-38.4139196165,0
              175.9796666338,-38.4136184328,0
              175.9799143839,-38.4135441662,0
              175.9799928333,-38.4135360668,0
              175.9808337997,-38.4133279996,0
              175.9810856165,-38.4131734167,0
              175.9812007171,-38.4130542166,0
              175.9812529504,-38.4129454994,0
              175.9812818832,-38.4126415161,0
              175.9813783671,-38.4122367998,0
              175.9814440337,-38.4120397163,0
              175.9815799341,-38.4118094834,0
              175.9818333501,-38.4115186163,0
              175.9821786170,-38.4112257168,0
              175.9826861666,-38.4107494334,0
              175.9828667838,-38.4106236662,0
              175.9830451500,-38.4105530995,0
              175.9832874672,-38.4105239495,0
              175.9833999502,-38.4105390495,0
              175.9835455338,-38.4105830995,0
              175.9838946167,-38.4107824494,0
              175.9842596004,-38.4111062667,0
              175.9843381327,-38.4111361669,0
              175.9844176159,-38.4112671829,0
              175.9845209671,-38.4113630168,0
              175.9846368159,-38.4114375499,0
              175.9849458833,-38.4115099668,0
              175.9852965339,-38.4115162827,0
              175.9853657674,-38.4115294833,0
              175.9854748338,-38.4115014167,0
              175.9857137660,-38.4115016827,0
              175.9858838175,-38.4114782161,0
              175.9865207998,-38.4114573672,0
              175.9872213501,-38.4113813997,0
              175.9873568332,-38.4113838166,0
              175.9879628166,-38.4113296662,0
              175.9883091000,-38.4113302833,0
              175.9887166842,-38.4113109330,0
              175.9891114666,-38.4113114163,0
              175.9893151328,-38.4113320995,0
              175.9897289499,-38.4113290667,0
              175.9908142336,-38.4113911000,0
              175.9915515500,-38.4113403165,0
              175.9915446493,-38.4113647498,0
              175.9915900004,-38.4113697167,0
              175.9918403665,-38.4113383829,0
              175.9920701673,-38.4112850829,0
              175.9922967175,-38.4111816667,0
              175.9925522336,-38.4110196999,0
              175.9927157169,-38.4108691995,0
              175.9929729670,-38.4105474833,0
              175.9930782997,-38.4103762334,0
              175.9931909165,-38.4101374499,0
              175.9933631500,-38.4096519161,0
              175.9934025666,-38.4094648996,0
              175.9934203842,-38.4091373329,0
              175.9934028337,-38.4089467994,0
              175.9933519834,-38.4087627660,0
              175.9933107503,-38.4086663667,0
              175.9931639002,-38.4084419995,0
              175.9928843672,-38.4081594500,0
              175.9923435000,-38.4077804335,0
              175.9921257670,-38.4075907994,0
              175.9919517839,-38.4073796839,0
              175.9918221501,-38.4071302332,0
              175.9917744003,-38.4068436167,0
              175.9917925832,-38.4067166000,0
              175.9918373172,-38.4065944161,0
              175.9919692833,-38.4063981161,0
              175.9922436506,-38.4061711662,0
              175.9924998338,-38.4060265501,0
              175.9930147339,-38.4058339661,0
              175.9933156002,-38.4057434332,0
              175.9944784337,-38.4054398329,0
              175.9948906834,-38.4052967328,0
              175.9953694333,-38.4050677495,0
              175.9960839328,-38.4046516000,0
              175.9964414333,-38.4043979664,0
              175.9966414838,-38.4042223500,0
              175.9968349008,-38.4040211667,0
              175.9970629830,-38.4037431661,0
              175.9974231831,-38.4031835999,0
              175.9976826167,-38.4028243161,0
              175.9978382674,-38.4026831332,0
              175.9979605506,-38.4026150168,0
              175.9981849999,-38.4025500001,0
              175.9986146003,-38.4025146661,0
              175.9993078167,-38.4025661168,0
              175.9997155170,-38.4025813330,0
              176.0000356667,-38.4025719669,0
              176.0003115165,-38.4025389499,0
              176.0006932002,-38.4024475998,0
              176.0016290675,-38.4021377832,0
              176.0019140842,-38.4020210164,0
              176.0022525170,-38.4018381665,0
              176.0024944497,-38.4016711500,0
              176.0029853006,-38.4012860835,0
              176.0034181832,-38.4008895506,0
              176.0039040005,-38.4002919661,0
              176.0040726999,-38.3999189998,0
              176.0041969499,-38.3997401997,0
              176.0043076665,-38.3996749169,0
              176.0043714335,-38.3996628165,0
              176.0045636993,-38.3996797335,0
              176.0046220167,-38.3996581832,0
              176.0047132334,-38.3995642169,0
              176.0048997327,-38.3992114667,0
              176.0051318497,-38.3990400001,0
              176.0060003500,-38.3985560500,0
              176.0067487500,-38.3980666993,0
              176.0071315175,-38.3978372493,0
              176.0073963333,-38.3976976835,0
              176.0078404502,-38.3975418160,0
              176.0080357828,-38.3974454001,0
              176.0081321666,-38.3973532995,0
              176.0082386330,-38.3971870995,0
              176.0083902331,-38.3967820830,0
              176.0086284174,-38.3962565996,0
              176.0087397000,-38.3960894663,0
              176.0088492504,-38.3959815667,0
              176.0097758334,-38.3953146003,0
              176.0102256342,-38.3949543334,0
              176.0108398841,-38.3946190663,0
              176.0112782336,-38.3942484668,0
              176.0115083001,-38.3941016661,0
              176.0118854666,-38.3939462827,0
              176.0119819667,-38.3939196826,0
              176.0124815168,-38.3939115827,0
              176.0125559832,-38.3938970000,0
              176.0126603840,-38.3938525332,0
              176.0128324503,-38.3937010829,0
              176.0129318334,-38.3935725339,0
              176.0129690493,-38.3934568495,0
              176.0130236163,-38.3931204330,0
              176.0130672834,-38.3930556995,0
              176.0133029842,-38.3927862997,0
              176.0137037668,-38.3925490829,0
              176.0140330000,-38.3924060663,0
              176.0141897333,-38.3923738835,0
              176.0144957170,-38.3922714667,0
              176.0147251005,-38.3922141166,0
              176.0147845328,-38.3921768328,0
              176.0148696662,-38.3921644327,0
              176.0153658175,-38.3919801668,0
              176.0159066494,-38.3918148834,0
              176.0161679175,-38.3917191662,0
              176.0164499780,-38.3916540387,0
              176.0172730273,-38.3915265567,0
              176.0176630225,-38.3914854944,0
              176.0180408096,-38.3914125386,0
              176.0183827145,-38.3913761242,0
              176.0185047414,-38.3913966073,0
              176.0184156339,-38.3904893819,0
              176.0186145499,-38.3904694499,0
              176.0196055996,-38.3902194169,0
              176.0200209663,-38.3899293168,0
              176.0207313666,-38.3897056831,0
              176.0212022719,-38.3891010523,0
              176.0231135171,-38.3894783333,0
              176.0239449545,-38.3896674832,0
              176.0239433153,-38.3894756846,0
              176.0239057829,-38.3892889644,0
              176.0237113936,-38.3887314756,0
              176.0230100148,-38.3874438605,0
              176.0229279410,-38.3871977571,0
              176.0228725682,-38.3868439038,0
              176.0228763596,-38.3866499685,0
              176.0229155322,-38.3865334009,0
              176.0229768238,-38.3864454844,0
              176.0231455541,-38.3863119514,0
              176.0234877063,-38.3861627344,0
              176.0237870694,-38.3860953510,0
              176.0243719717,-38.3860466831,0
              176.0264350335,-38.3857876167,0
              176.0267534340,-38.3857647826,0
              176.0271202997,-38.3857598165,0
              176.0275215837,-38.3857827501,0
              176.0278658160,-38.3858267328,0
              176.0278678663,-38.3857564668,0
              176.0278295002,-38.3856451826,0
              176.0277443500,-38.3855298833,0
              176.0275255337,-38.3853869496,0
              176.0271847340,-38.3852693504,0
              176.0269804668,-38.3852153994,0
              176.0267466493,-38.3851706499,0
              176.0261915837,-38.3850995668,0
              176.0261138501,-38.3850798500,0
              176.0260438666,-38.3850419835,0
              176.0259753671,-38.3849291167,0
              176.0259516341,-38.3847734833,0
              176.0260031836,-38.3845064830,0
              176.0260779008,-38.3843258501,0
              176.0264817840,-38.3836774995,0
              176.0266589339,-38.3834687497,0
              176.0269494675,-38.3832380828,0
              176.0277121501,-38.3827233664,0
              176.0281295168,-38.3823790167,0
              176.0282614834,-38.3823058998,0
              176.0284266174,-38.3822534830,0
              176.0286670668,-38.3822281826,0
              176.0290501004,-38.3822320003,0
              176.0292430667,-38.3821707333,0
              176.0301353000,-38.3816926002,0
              176.0303238332,-38.3815733328,0
              176.0305261333,-38.3814142828,0
              176.0306668499,-38.3812606000,0
              176.0307534503,-38.3811127168,0
              176.0309747164,-38.3808971161,0
              176.0311703832,-38.3806445506,0
              176.0312468331,-38.3805136826,0
              176.0312924166,-38.3803920832,0
              176.0313121498,-38.3802641165,0
              176.0312530831,-38.3797544995,0
              176.0312026340,-38.3795696997,0
              176.0311240176,-38.3794137165,0
              176.0308801501,-38.3790718500,0
              176.0304516508,-38.3782662332,0
              176.0301768840,-38.3779153163,0
              176.0301374164,-38.3778411331,0
              176.0301185842,-38.3777150498,0
              176.0301354501,-38.3775790328,0
              176.0302892668,-38.3772234667,0
              176.0302549340,-38.3771321833,0
              176.0301611174,-38.3770029163,0
              176.0300355676,-38.3768700330,0
              176.0295678167,-38.3764528666,0
              176.0289398336,-38.3760433169,0
              176.0286126162,-38.3757709161,0
              176.0285166673,-38.3756659166,0
              176.0284467665,-38.3755516331,0
              176.0283469667,-38.3753120494,0
              176.0280707674,-38.3744275330,0
              176.0277565168,-38.3738171999,0
              176.0275902665,-38.3734439666,0
              176.0274555169,-38.3729979166,0
              176.0274342003,-38.3728677832,0
              176.0274333005,-38.3726865830,0
              176.0274854006,-38.3723850831,0
              176.0276731841,-38.3718826329,0
              176.0276869001,-38.3716628162,0
              176.0275661833,-38.3706707164,0
              176.0275190340,-38.3704085662,0
              176.0274649663,-38.3702620669,0
              176.0274818834,-38.3701220160,0
              176.0273662840,-38.3698255829,0
              176.0272683340,-38.3692491500,0
              176.0272288506,-38.3691254828,0
              176.0271538498,-38.3690247163,0
              176.0270973831,-38.3689785329,0
              176.0269403331,-38.3689098502,0
              176.0267849339,-38.3688933000,0
              176.0263881675,-38.3689300331,0
              176.0262919503,-38.3689128668,0
              176.0258320831,-38.3687585834,0
              176.0256765839,-38.3687273498,0
              176.0255830171,-38.3687303000,0
              176.0251734002,-38.3688141496,0
              176.0250196671,-38.3688217831,0
              176.0248966325,-38.3687611502,0
              176.0247794334,-38.3686382501,0
              176.0247745006,-38.3685774494,0
              176.0248052498,-38.3684263502,0
              176.0248969840,-38.3683875499,0
              176.0252208834,-38.3682976832,0
              176.0252980326,-38.3682611999,0
              176.0253418831,-38.3682132661,0
              176.0253261337,-38.3681541494,0
              176.0252724502,-38.3680986666,0
              176.0252197830,-38.3680697164,0
              176.0248728338,-38.3679768995,0
              176.0247812665,-38.3679092995,0
              176.0247514668,-38.3678522330,0
              176.0247514671,-38.3677975494,0
              176.0247896664,-38.3677274661,0
              176.0248474667,-38.3676894502,0
              176.0251579342,-38.3675729167,0
              176.0252364506,-38.3674988162,0
              176.0252936000,-38.3673809501,0
              176.0252756995,-38.3672352669,0
              176.0251686174,-38.3670371168,0
              176.0251225325,-38.3669001500,0
              176.0251148335,-38.3667761161,0
              176.0251400334,-38.3665098997,0
              176.0251201666,-38.3664537327,0
              176.0250734169,-38.3664089334,0
              176.0250038666,-38.3663729835,0
              176.0248463502,-38.3663311833,0
              176.0247641338,-38.3663261997,0
              176.0246718671,-38.3663413332,0
              176.0246048165,-38.3663720334,0
              176.0244886336,-38.3664660502,0
              176.0243275334,-38.3666302496,0
              176.0241918339,-38.3666921161,0
              176.0241064162,-38.3666964161,0
              176.0240432831,-38.3666650164,0
              176.0239852501,-38.3666116832,0
              176.0238792330,-38.3664679835,0
              176.0237291504,-38.3661424332,0
              176.0236480506,-38.3656744001,0
              176.0236342004,-38.3654849162,0
              176.0236573001,-38.3653452161,0
              176.0237802500,-38.3650794832,0
              176.0239315504,-38.3648645829,0
              176.0240257501,-38.3647592328,0
              176.0242787001,-38.3645690001,0
              176.0248074495,-38.3643084831,0
              176.0250933175,-38.3641408837,0
              176.0253574502,-38.3640490835,0
              176.0259862660,-38.3637805667,0
              176.0261752162,-38.3637235831,0
              176.0264390833,-38.3637048827,0
              176.0270456166,-38.3638302327,0
              176.0274947998,-38.3637836660,0
              176.0277286668,-38.3637390332,0
              176.0282327841,-38.3636098996,0
              176.0283910000,-38.3635881500,0
              176.0285218834,-38.3635887665,0
              176.0287675499,-38.3636368002,0
              176.0293569338,-38.3638846331,0
              176.0295382004,-38.3639243166,0
              176.0297782169,-38.3639354332,0
              176.0299573001,-38.3639159834,0
              176.0301928831,-38.3638589169,0
              176.0306772001,-38.3636956167,0
              176.0311286999,-38.3635657832,0
              176.0315793831,-38.3633434667,0
              176.0318116331,-38.3631596162,0
              176.0319033167,-38.3630561333,0
              176.0322612667,-38.3624975494,0
              176.0323683837,-38.3622808334,0
              176.0324473673,-38.3622093496,0
              176.0330235998,-38.3619349330,0
              176.0333367331,-38.3617228661,0
              176.0334947332,-38.3616338835,0
              176.0336368338,-38.3615752831,0
              176.0338546832,-38.3615145828,0
              176.0341888326,-38.3613320501,0
              176.0348083661,-38.3611330995,0
              176.0353994336,-38.3609777168,0
              176.0355392173,-38.3609167002,0
              176.0356370829,-38.3608541335,0
              176.0357691164,-38.3607276163,0
              176.0358464663,-38.3605770996,0
              176.0359023671,-38.3603162996,0
              176.0359400166,-38.3598982672,0
              176.0359964839,-38.3597248834,0
              176.0361054004,-38.3595265499,0
              176.0363586169,-38.3592732163,0
              176.0365853338,-38.3590887334,0
              176.0370577505,-38.3588841995,0
              176.0372164005,-38.3587805827,0
              176.0373501500,-38.3586328165,0
              176.0374594002,-38.3584329002,0
              176.0375231835,-38.3582504328,0
              176.0376183335,-38.3581551497,0
              176.0376858175,-38.3581227326,0
              176.0378400997,-38.3581076665,0
              176.0380100166,-38.3581260331,0
              176.0381536503,-38.3581670002,0
              176.0382978000,-38.3582423165,0
              176.0388206996,-38.3585755498,0
              176.0392119999,-38.3587725330,0
              176.0392863166,-38.3587923329,0
              176.0394432502,-38.3587982166,0
              176.0395757165,-38.3587925497,0
              176.0397719333,-38.3587529162,0
              176.0398495672,-38.3587277168,0
              176.0399081165,-38.3586888994,0
              176.0399386334,-38.3586260165,0
              176.0399899498,-38.3581385496,0
              176.0400211835,-38.3580873333,0
              176.0400657663,-38.3580572669,0
              176.0403208008,-38.3579852993,0
              176.0406339494,-38.3579528993,0
              176.0409551005,-38.3579617170,0
              176.0414318667,-38.3580307667,0
              176.0415088334,-38.3580291495,0
              176.0416221998,-38.3579994833,0
              176.0417536170,-38.3579219497,0
              176.0418602997,-38.3577589329,0
              176.0419360333,-38.3577160501,0
              176.0421087170,-38.3574606998,0
              176.0422606669,-38.3572945665,0
              176.0424339331,-38.3571636331,0
              176.0426120502,-38.3570758331,0
              176.0428647669,-38.3570118828,0
              176.0433953999,-38.3569677169,0
              176.0436239662,-38.3569375667,0
              176.0438034332,-38.3568948327,0
              176.0441938840,-38.3567406167,0
              176.0444610665,-38.3565745835,0
              176.0445648000,-38.3565336165,0
              176.0446388342,-38.3565286833,0
              176.0446703666,-38.3565413499,0
              176.0448450498,-38.3567103164,0
              176.0449108502,-38.3567478663,0
              176.0449676504,-38.3567506162,0
              176.0452337839,-38.3566684663,0
              176.0455213000,-38.3565099330,0
              176.0456733335,-38.3564636831,0
              176.0458528170,-38.3564438835,0
              176.0462689000,-38.3564645505,0
              176.0464649330,-38.3564388662,0
              176.0465325333,-38.3564084826,0
              176.0466037500,-38.3563143166,0
              176.0466648333,-38.3561550834,0
              176.0466874174,-38.3560287996,0
              176.0466885338,-38.3557928162,0
              176.0467426333,-38.3555930663,0
              176.0467590000,-38.3553716996,0
              176.0468120337,-38.3552424832,0
              176.0469318003,-38.3550898996,0
              176.0473906000,-38.3546671667,0
              176.0475881331,-38.3543215665,0
              176.0476846000,-38.3542107666,0
              176.0477507832,-38.3541714837,0
              176.0478231839,-38.3541497163,0
              176.0479447833,-38.3541565161,0
              176.0480236999,-38.3541810496,0
              176.0482208998,-38.3542947661,0
              176.0484732492,-38.3544926165,0
              176.0486023172,-38.3545685828,0
              176.0487267007,-38.3546124497,0
              176.0489350175,-38.3546457334,0
              176.0491844501,-38.3546482660,0
              176.0493820008,-38.3546252997,0
              176.0495361336,-38.3545895834,0
              176.0496986840,-38.3545488332,0
              176.0498948835,-38.3544760666,0
              176.0500953336,-38.3543690327,0
              176.0502934832,-38.3541754338,0
              176.0503406666,-38.3540620996,0
              176.0503300997,-38.3539982161,0
              176.0502923825,-38.3539404335,0
              176.0501730999,-38.3538513669,0
              176.0500427000,-38.3537921332,0
              176.0497407340,-38.3536980327,0
              176.0496253164,-38.3536229502,0
              176.0495781838,-38.3535725002,0
              176.0495522832,-38.3535190333,0
              176.0495244840,-38.3533305669,0
              176.0494185165,-38.3531158835,0
              176.0493650505,-38.3528106494,0
              176.0491714004,-38.3521545829,0
              176.0487977338,-38.3513404165,0
              176.0487327327,-38.3511557000,0
              176.0487219832,-38.3510104834,0
              176.0487560003,-38.3508879667,0
              176.0488593007,-38.3506614497,0
              176.0490609165,-38.3503308172,0
              176.0490597836,-38.3502676493,0
              176.0490368332,-38.3502246835,0
              176.0488695506,-38.3500788495,0
              176.0487684668,-38.3499507330,0
              176.0487505839,-38.3498764996,0
              176.0487858832,-38.3497979335,0
              176.0488606509,-38.3497410502,0
              176.0489894671,-38.3496904001,0
              176.0493176493,-38.3496374331,0
              176.0495668672,-38.3496256665,0
              176.0499266336,-38.3495778164,0
              176.0502162176,-38.3495146666,0
              176.0504061336,-38.3494511327,0
              176.0505418167,-38.3493838501,0
              176.0507080999,-38.3492425169,0
              176.0509249661,-38.3490892333,0
              176.0510192168,-38.3489849996,0
              176.0512039669,-38.3488288004,0
              176.0512776838,-38.3487094835,0
              176.0513868175,-38.3486093332,0
              176.0515231338,-38.3485390167,0
              176.0517552341,-38.3484899996,0
              176.0519734330,-38.3484246499,0
              176.0520296167,-38.3483791330,0
              176.0520971503,-38.3482695329,0
              176.0521152671,-38.3478626831,0
              176.0521624002,-38.3476630331,0
              176.0522004830,-38.3476135830,0
              176.0524916838,-38.3475991164,0
              176.0526527338,-38.3476107163,0
              176.0527780164,-38.3475968999,0
              176.0530630506,-38.3475096328,0
              176.0535839002,-38.3472496665,0
              176.0539275171,-38.3471809495,0
              176.0546615671,-38.3471423827,0
              176.0548129506,-38.3471124335,0
              176.0549608336,-38.3470503334,0
              176.0550182506,-38.3470171834,0
              176.0550868168,-38.3469195166,0
              176.0551618332,-38.3467557165,0
              176.0552026676,-38.3465875994,0
              176.0551808837,-38.3464530167,0
              176.0550638667,-38.3462867664,0
              176.0550588674,-38.3461799994,0
              176.0550845669,-38.3460943328,0
              176.0551539333,-38.3459789326,0
              176.0553086993,-38.3458202161,0
              176.0555650993,-38.3456653165,0
              176.0558604509,-38.3455634504,0
              176.0560850341,-38.3455049999,0
              176.0565601164,-38.3454689168,0
              176.0567727832,-38.3454304326,0
              176.0569243495,-38.3453792669,0
              176.0570545828,-38.3452801998,0
              176.0571420005,-38.3451214994,0
              176.0572105673,-38.3447378327,0
              176.0572716165,-38.3446177995,0
              176.0573836338,-38.3444604995,0
              176.0573924829,-38.3443952829,0
              176.0573688333,-38.3443187995,0
              176.0573251171,-38.3442687661,0
              176.0572589338,-38.3442297329,0
              176.0571024328,-38.3441748827,0
              176.0569369505,-38.3441483660,0
              176.0566332004,-38.3441515163,0
              176.0559170504,-38.3442142004,0
              176.0556801832,-38.3442171496,0
              176.0554348331,-38.3441842333,0
              176.0553030165,-38.3441239827,0
              176.0551889166,-38.3440271828,0
              176.0551545841,-38.3439693494,0
              176.0551010836,-38.3437461169,0
              176.0551657335,-38.3435026665,0
              176.0553370003,-38.3432614162,0
              176.0554788667,-38.3431418168,0
              176.0555442498,-38.3431034839,0
              176.0556736000,-38.3430739164,0
              176.0560607170,-38.3430593000,0
              176.0566747171,-38.3429732000,0
              176.0568383997,-38.3429615165,0
              176.0574083833,-38.3429629999,0
              176.0576251334,-38.3430373494,0
              176.0578129337,-38.3431428833,0
              176.0581870160,-38.3433127493,0
              176.0583384507,-38.3433549667,0
              176.0584122674,-38.3433581499,0
              176.0585420168,-38.3433332501,0
              176.0586750331,-38.3432467334,0
              176.0588412668,-38.3430874499,0
              176.0589624674,-38.3430281326,0
              176.0590575507,-38.3430170668,0
              176.0594014668,-38.3430397499,0
              176.0595756001,-38.3430291501,0
              176.0598152338,-38.3429955834,0
              176.0600979332,-38.3429284000,0
              176.0606365004,-38.3428638999,0
              176.0607660673,-38.3428207998,0
              176.0608958504,-38.3427411501,0
              176.0609739509,-38.3426649831,0
              176.0611834671,-38.3422666330,0
              176.0612349002,-38.3420889827,0
              176.0613761504,-38.3417808998,0
              176.0616528166,-38.3414188500,0
              176.0617717836,-38.3412208662,0
              176.0618886505,-38.3411245000,0
              176.0622567000,-38.3409730667,0
              176.0627277165,-38.3406819663,0
              176.0628343168,-38.3405873334,0
              176.0629424338,-38.3404220831,0
              176.0630227162,-38.3401333831,0
              176.0630221674,-38.3399500501,0
              176.0629909675,-38.3398320996,0
              176.0629401675,-38.3397302828,0
              176.0627945496,-38.3395704666,0
              176.0624268166,-38.3392962835,0
              176.0618635840,-38.3390833162,0
              176.0613994501,-38.3388743662,0
              176.0612862169,-38.3387895995,0
              176.0611298001,-38.3385877831,0
              176.0610129337,-38.3383145833,0
              176.0610053172,-38.3382131005,0
              176.0609543668,-38.3380900164,0
              176.0609312840,-38.3378297498,0
              176.0608439508,-38.3373941669,0
              176.0608320499,-38.3371625499,0
              176.0608028506,-38.3371036660,0
              176.0607047332,-38.3370047330,0
              176.0606330508,-38.3369011326,0
              176.0606068342,-38.3367765166,0
              176.0606107503,-38.3365946660,0
              176.0605937334,-38.3364713161,0
              176.0604382839,-38.3361693167,0
              176.0602182994,-38.3355980335,0
              176.0601953173,-38.3355833331,0
              176.0598951503,-38.3355814002,0
              176.0597858337,-38.3354273663,0
              176.0597203003,-38.3353679499,0
              176.0596066841,-38.3352959668,0
              176.0592991667,-38.3351472999,0
              176.0592129499,-38.3350876664,0
              176.0589124503,-38.3348009994,0
              176.0586870999,-38.3346275162,0
              176.0585926656,-38.3344318737,0
              176.0589585108,-38.3345011866,0
              176.0595432999,-38.3346592323,0
              176.0605572652,-38.3349842681,0
              176.0610951911,-38.3351229859,0
              176.0615914169,-38.3351920949,0
              176.0620466757,-38.3352128416,0
              176.0624223723,-38.3351954257,0
              176.0628425471,-38.3351426480,0
              176.0632588046,-38.3350474181,0
              176.0637473518,-38.3348857162,0
              176.0641637671,-38.3347054295,0
              176.0646170741,-38.3344313733,0
              176.0650749231,-38.3340723255,0
              176.0659700243,-38.3329971648,0
              176.0661359815,-38.3328309593,0
              176.0684919733,-38.3310759188,0
              176.0701562307,-38.3298813018,0
              176.0706163517,-38.3295275006,0
              176.0710094570,-38.3291598698,0
              176.0713347084,-38.3287669125,0
              176.0716418979,-38.3283294458,0
              176.0720264284,-38.3278458704,0
              176.0724371985,-38.3274815954,0
              176.0728610170,-38.3271734584,0
              176.0733687613,-38.3268988191,0
              176.0736370026,-38.3267849957,0
              176.0741835043,-38.3266001058,0
              176.0778372689,-38.3257140114,0
              176.0790284089,-38.3253889018,0
              176.0793946036,-38.3252606540,0
              176.0797279627,-38.3251077643,0
              176.0804175690,-38.3247544895,0
              176.0830179097,-38.3233673567,0
              176.0835625684,-38.3231724429,0
              176.0872879335,-38.3224555327,0
              176.0880740338,-38.3222641495,0
              176.0886364170,-38.3220031329,0
              176.0889052701,-38.3218018916,0
              176.0891994000,-38.3215180496,0
              176.0919740003,-38.3182553499,0
              176.0922835960,-38.3179423975,0
              176.0925461746,-38.3177556431,0
              176.0928639971,-38.3176030756,0
              176.0932203465,-38.3175165999,0
              176.0934740967,-38.3174763045,0
              176.0948104125,-38.3174480770,0
              176.0969418498,-38.3174600996,0
              176.0979079173,-38.3174071759,0
              176.0991922030,-38.3172597055,0
              176.0995630021,-38.3172017106,0
              176.1002219670,-38.3169958641,0
              176.1014230878,-38.3162671565,0
              176.1020597741,-38.3158580056,0
              176.1026565507,-38.3155098472,0
              176.1031959722,-38.3152704022,0
              176.1063504994,-38.3141939242,0
              176.1078709000,-38.3137281667,0
              176.1082555823,-38.3135977441,0
              176.1086893448,-38.3134842027,0
              176.1091251251,-38.3134127392,0
              176.1095647496,-38.3133861285,0
              176.1100181483,-38.3134089209,0
              176.1103372282,-38.3134472167,0
              176.1107554124,-38.3135389333,0
              176.1111151188,-38.3136540450,0
              176.1116370274,-38.3138792632,0
              176.1123785027,-38.3142480455,0
              176.1129376336,-38.3144699835,0
              176.1134100553,-38.3146226228,0
              176.1141552278,-38.3147901957,0
              176.1146626775,-38.3148639550,0
              176.1151006886,-38.3148863544,0
              176.1156923512,-38.3148942368,0
              176.1162654165,-38.3148443999,0
              176.1170820669,-38.3146001666,0
              176.1176515492,-38.3141976165,0
              176.1198443337,-38.3118802329,0
              176.1202910672,-38.3114829502,0
              176.1207600671,-38.3111830165,0
              176.1238253507,-38.3099501161,0
              176.1247261832,-38.3096116663,0
              176.1261097339,-38.3089840329,0
              176.1264995168,-38.3087896833,0
              176.1271552998,-38.3080802833,0
              176.1276509998,-38.3074265333,0
              176.1280317833,-38.3067618167,0
              176.1293188840,-38.3047379661,0
              176.1296322174,-38.3043558500,0
              176.1303509668,-38.3038916500,0
              176.1311027837,-38.3035886664,0
              176.1310167833,-38.3034198831,0
              176.1309687331,-38.3032725667,0
              176.1310124666,-38.3029961500,0
              176.1311446996,-38.3028595498,0
              176.1313817832,-38.3027594500,0
              176.1315853831,-38.3026528335,0
              176.1317108834,-38.3024961660,0
              176.1317494840,-38.3023046339,0
              176.1315768338,-38.3021564500,0
              176.1313288167,-38.3020178997,0
              176.1311585175,-38.3018173669,0
              176.1310583494,-38.3015961839,0
              176.1309100006,-38.3013577000,0
              176.1306878670,-38.3012669339,0
              176.1303280498,-38.3012734499,0
              176.1299170671,-38.3014046335,0
              176.1296333005,-38.3017263668,0
              176.1294105331,-38.3017252334,0
              176.1292494169,-38.3016215331,0
              176.1291914501,-38.3012871333,0
              176.1291392341,-38.3009749499,0
              176.1291488339,-38.3005639498,0
              176.1292683503,-38.3002767666,0
              176.1295156840,-38.3000904834,0
              176.1297341667,-38.2999984002,0
              176.1300033825,-38.2999795334,0
              176.1304632660,-38.2999851001,0
              176.1306327666,-38.2999616167,0
              176.1307912669,-38.2999048160,0
              176.1308432667,-38.2997988001,0
              176.1308159670,-38.2996166002,0
              176.1306627172,-38.2993745160,0
              176.1305615159,-38.2991309665,0
              176.1301867338,-38.2986039331,0
              176.1301308667,-38.2984188328,0
              176.1301993002,-38.2980509500,0
              176.1301018169,-38.2977848829,0
              176.1299490833,-38.2975539833,0
              176.1297886009,-38.2973606502,0
              176.1295936832,-38.2972429829,0
              176.1293766839,-38.2971462993,0
              176.1292852001,-38.2971285333,0
              176.1291430671,-38.2971288499,0
              176.1289124008,-38.2971615498,0
              176.1283727671,-38.2971731664,0
              176.1282144000,-38.2971291335,0
              176.1281166831,-38.2970646999,0
              176.1281152667,-38.2969303162,0
              176.1282095167,-38.2968156167,0
              176.1284222325,-38.2967012838,0
              176.1295968005,-38.2963803330,0
              176.1299528334,-38.2962918000,0
              176.1302960339,-38.2962334836,0
              176.1308002496,-38.2960697661,0
              176.1310131327,-38.2959591495,0
              176.1312501828,-38.2958590665,0
              176.1317006333,-38.2955723164,0
              176.1323911335,-38.2953224829,0
              176.1327427162,-38.2951369664,0
              176.1328844499,-38.2950246500,0
              176.1330128839,-38.2947260001,0
              176.1330924506,-38.2946527834,0
              176.1332043007,-38.2946122668,0
              176.1333181998,-38.2946164832,0
              176.1335270825,-38.2946978833,0
              176.1338431332,-38.2949066332,0
              176.1343112999,-38.2951626339,0
              176.1348407174,-38.2952928661,0
              176.1350447006,-38.2953669662,0
              176.1352266001,-38.2954136497,0
              176.1355585175,-38.2954769001,0
              176.1356388675,-38.2954722493,0
              176.1357591168,-38.2954442664,0
              176.1359086500,-38.2953747327,0
              176.1362293665,-38.2951469664,0
              176.1370801667,-38.2946228497,0
              176.1373112671,-38.2945135829,0
              176.1377707331,-38.2943462993,0
              176.1378371170,-38.2943022496,0
              176.1378881168,-38.2942288332,0
              176.1379424338,-38.2939838660,0
              176.1379486336,-38.2936532664,0
              176.1379315668,-38.2934953329,0
              176.1378839504,-38.2933849493,0
              176.1378276838,-38.2933397499,0
              176.1374543502,-38.2931638335,0
              176.1370988671,-38.2930402163,0
              176.1366430671,-38.2929615994,0
              176.1365002169,-38.2929583664,0
              176.1363003669,-38.2929048497,0
              176.1362332835,-38.2928720834,0
              176.1361970332,-38.2928357333,0
              176.1361460326,-38.2927571334,0
              176.1361161001,-38.2926588664,0
              176.1361257827,-38.2925400999,0
              176.1361808998,-38.2924146833,0
              176.1364176006,-38.2920918501,0
              176.1365539834,-38.2918657167,0
              176.1366566507,-38.2914068160,0
              176.1367821334,-38.2911431495,0
              176.1370205329,-38.2908356160,0
              176.1374920507,-38.2903609998,0
              176.1376132999,-38.2901731500,0
              176.1376140498,-38.2900934995,0
              176.1375890500,-38.2900323335,0
              176.1374763832,-38.2899206333,0
              176.1372276003,-38.2897677996,0
              176.1369620833,-38.2896733006,0
              176.1366585673,-38.2895271496,0
              176.1365996170,-38.2894420668,0
              176.1365927832,-38.2893639994,0
              176.1366659995,-38.2892189995,0
              176.1367332333,-38.2891320172,0
              176.1373148169,-38.2887292332,0
              176.1376933837,-38.2883713827,0
              176.1377870166,-38.2882479173,0
              176.1378156499,-38.2881194998,0
              176.1378356503,-38.2878501334,0
              176.1378019341,-38.2877268997,0
              176.1377472004,-38.2876161839,0
              176.1376690160,-38.2875588670,0
              176.1375791502,-38.2875290997,0
              176.1374565175,-38.2875377169,0
              176.1372529669,-38.2875707331,0
              176.1371192675,-38.2876204835,0
              176.1367692505,-38.2877070333,0
              176.1362565832,-38.2878713665,0
              176.1359044834,-38.2879596668,0
              176.1357618166,-38.2879552331,0
              176.1356337499,-38.2878925330,0
              176.1353044494,-38.2876075996,0
              176.1352283999,-38.2875025828,0
              176.1351506505,-38.2873745664,0
              176.1350519165,-38.2870670001,0
              176.1349893995,-38.2868101829,0
              176.1348878173,-38.2862193329,0
              176.1347954498,-38.2858527995,0
              176.1348463832,-38.2852695165,0
              176.1347964173,-38.2851212165,0
              176.1346718668,-38.2850414170,0
              176.1344923831,-38.2849869827,0
              176.1340739509,-38.2849001337,0
              176.1338799340,-38.2848104994,0
              176.1335833334,-38.2846028998,0
              176.1335047507,-38.2844894500,0
              176.1334655839,-38.2843884830,0
              176.1333436498,-38.2842711666,0
              176.1329818667,-38.2841011497,0
              176.1326535501,-38.2840016170,0
              176.1325053499,-38.2840177494,0
              176.1323516335,-38.2840544496,0
              176.1322422163,-38.2841630501,0
              176.1321780669,-38.2842703499,0
              176.1321649006,-38.2844068333,0
              176.1322287830,-38.2846422494,0
              176.1324434836,-38.2850164494,0
              176.1325904839,-38.2853604493,0
              176.1325921170,-38.2854633163,0
              176.1325733160,-38.2855256668,0
              176.1324915329,-38.2856409500,0
              176.1324334336,-38.2856864663,0
              176.1323456498,-38.2857283497,0
              176.1321891170,-38.2857538165,0
              176.1319735325,-38.2857588495,0
              176.1318157499,-38.2857407000,0
              176.1314855003,-38.2856172501,0
              176.1311762160,-38.2854508162,0
              176.1309126500,-38.2852585998,0
              176.1306193837,-38.2849968829,0
              176.1304828838,-38.2848652827,0
              176.1302772670,-38.2846066663,0
              176.1302207506,-38.2844168998,0
              176.1302102341,-38.2841069495,0
              176.1302236000,-38.2838369168,0
              176.1303129332,-38.2832979498,0
              176.1302948504,-38.2830635995,0
              176.1302432331,-38.2829809662,0
              176.1301146175,-38.2829034496,0
              176.1299312671,-38.2828361830,0
              176.1295836837,-38.2827967832,0
              176.1294149501,-38.2828073832,0
              176.1284825832,-38.2831325669,0
              176.1282893327,-38.2831699674,0
              176.1281708502,-38.2831530334,0
              176.1281301341,-38.2830672161,0
              176.1281497840,-38.2830144665,0
              176.1281489504,-38.2829158998,0
              176.1279212832,-38.2826034169,0
              176.1277469834,-38.2824923993,0
              176.1275334175,-38.2823273994,0
              176.1271011166,-38.2821251334,0
              176.1266173006,-38.2820025995,0
              176.1263399002,-38.2819699001,0
              176.1257938005,-38.2819332332,0
              176.1255119339,-38.2818832495,0
              176.1250701674,-38.2815942666,0
              176.1249355173,-38.2815458998,0
              176.1248621842,-38.2815508838,0
              176.1247721840,-38.2815940332,0
              176.1247172506,-38.2816796826,0
              176.1246100009,-38.2821495501,0
              176.1244655509,-38.2822087495,0
              176.1243226838,-38.2822215167,0
              176.1241420002,-38.2822121493,0
              176.1240042171,-38.2821754671,0
              176.1238802000,-38.2821181000,0
              176.1237839834,-38.2820251501,0
              176.1237041505,-38.2818882331,0
              176.1236580340,-38.2817648667,0
              176.1236970336,-38.2814911997,0
              176.1236310671,-38.2812553168,0
              176.1235524163,-38.2811444664,0
              176.1234409840,-38.2810403501,0
              176.1233317999,-38.2809854503,0
              176.1229828838,-38.2809204499,0
              176.1227195168,-38.2809097994,0
              176.1225880329,-38.2809276163,0
              176.1224945836,-38.2809951000,0
              176.1224202668,-38.2810902164,0
              176.1223609996,-38.2812018163,0
              176.1222876340,-38.2813955333,0
              176.1222188840,-38.2816905995,0
              176.1221991836,-38.2818856168,0
              176.1221377338,-38.2819493667,0
              176.1217578167,-38.2819291667,0
              176.1209970332,-38.2817901162,0
              176.1207827503,-38.2817172828,0
              176.1202258166,-38.2813836162,0
              176.1200989006,-38.2813449499,0
              176.1199125508,-38.2812572329,0
              176.1198626496,-38.2811825494,0
              176.1198340331,-38.2810255333,0
              176.1198736173,-38.2807961326,0
              176.1198262667,-38.2803465332,0
              176.1198012338,-38.2802683327,0
              176.1197642502,-38.2802411998,0
              176.1197205504,-38.2802319661,0
              176.1196284338,-38.2802422334,0
              176.1194735001,-38.2802945496,0
              176.1190261008,-38.2805975168,0
              176.1187509499,-38.2807575167,0
              176.1186001003,-38.2808209830,0
              176.1184630174,-38.2808727833,0
              176.1179562499,-38.2809716995,0
              176.1178385336,-38.2809778669,0
              176.1175630674,-38.2809743998,0
              176.1174398670,-38.2809384327,0
              176.1172184170,-38.2807868831,0
              176.1171057663,-38.2806688997,0
              176.1169575173,-38.2804758167,0
              176.1168976840,-38.2804183326,0
              176.1168396502,-38.2804002498,0
              176.1166593506,-38.2804448167,0
              176.1164675659,-38.2805517162,0
              176.1162348496,-38.2806231329,0
              176.1159927998,-38.2806468999,0
              176.1159276660,-38.2806411329,0
              176.1157864167,-38.2805118332,0
              176.1156878993,-38.2803117002,0
              176.1157043998,-38.2800463166,0
              176.1156740172,-38.2799287999,0
              176.1155882998,-38.2798523168,0
              176.1153733831,-38.2797653996,0
              176.1151405172,-38.2797550996,0
              176.1149591670,-38.2797771504,0
              176.1148268169,-38.2798541667,0
              176.1145555170,-38.2801380502,0
              176.1142931165,-38.2803427667,0
              176.1142235002,-38.2803841998,0
              176.1141351333,-38.2804064330,0
              176.1140712333,-38.2804166832,0
              176.1140184836,-38.2804052166,0
              176.1139581000,-38.2803663499,0
              176.1138657005,-38.2800645831,0
              176.1136640667,-38.2795629995,0
              176.1135484341,-38.2794557165,0
              176.1134705669,-38.2793525502,0
              176.1134071498,-38.2792162501,0
              176.1133642500,-38.2790596331,0
              176.1132766172,-38.2789409327,0
              176.1131881000,-38.2788814327,0
              176.1131737675,-38.2787240163,0
              176.1133993837,-38.2783399662,0
              176.1134896175,-38.2781232333,0
              176.1135103668,-38.2779507171,0
              176.1134666826,-38.2778432165,0
              176.1132892003,-38.2778048001,0
              176.1130335167,-38.2778430335,0
              176.1129563999,-38.2778285493,0
              176.1128731997,-38.2777771163,0
              176.1127800827,-38.2776951994,0
              176.1125361005,-38.2770877168,0
              176.1124799831,-38.2770329498,0
              176.1123945332,-38.2770060834,0
              176.1122835833,-38.2770384998,0
              176.1121873332,-38.2771229666,0
              176.1121160676,-38.2772066997,0
              176.1119528833,-38.2775251163,0
              176.1118487501,-38.2776172997,0
              176.1117292668,-38.2776629498,0
              176.1116015008,-38.2776834827,0
              176.1113118836,-38.2776832161,0
              176.1107084174,-38.2776213826,0
              176.1103438173,-38.2775443328,0
              176.1101775668,-38.2774647327,0
              176.1101593831,-38.2773804497,0
              176.1101969334,-38.2771060166,0
              176.1103062172,-38.2767217002,0
              176.1104220331,-38.2766318002,0
              176.1108455173,-38.2765099002,0
              176.1108863008,-38.2764636665,0
              176.1109118002,-38.2763953006,0
              176.1108951334,-38.2761926999,0
              176.1107685826,-38.2758413329,0
              176.1107071165,-38.2757866997,0
              176.1106163168,-38.2757554494,0
              176.1103765666,-38.2757509497,0
              176.1101771341,-38.2757678662,0
              176.1100125176,-38.2758429835,0
              176.1098901176,-38.2759422662,0
              176.1098468005,-38.2761689666,0
              176.1097921168,-38.2762240663,0
              176.1096930995,-38.2762325168,0
              176.1095655000,-38.2761938326,0
              176.1091154326,-38.2759669996,0
              176.1086367003,-38.2758036995,0
              176.1086299832,-38.2757762162,0
              176.1292748171,-38.2731632169,0
              176.1159928002,-38.2690523500,0
              176.1205172832,-38.2679136168,0
              176.1238563342,-38.2623481505,0
              176.1438397336,-38.2291690001,0
              176.1468559332,-38.2239694335,0
              176.1503348342,-38.2181863995,0
              176.1440662342,-38.2101122496,0
              176.1383289841,-38.2028440339,0
              176.1101085331,-38.1668630000,0
              176.0906106176,-38.1668066667,0
              176.0900395673,-38.1669613501,0
              176.0896215334,-38.1663164669,0
              176.0892597339,-38.1653160495,0
              176.0887461166,-38.1642738997,0
              176.0599606670,-38.1641838327,0
              176.0583110002,-38.1641596161,0
              176.0582982999,-38.1666850496,0
              176.0307125169,-38.1665806495,0
              176.0308103175,-38.1572300327,0
              176.0308958671,-38.1419046166,0
              176.0307861670,-38.1417745995,0
              176.0307447001,-38.1392425497,0
              176.0219846659,-38.1393230998,0
              176.0219854831,-38.1394113998,0
              176.0201918164,-38.1422795835,0
              176.0197339827,-38.1424522998,0
              176.0189931004,-38.1423118665,0
              176.0182366836,-38.1420193660,0
              176.0173261831,-38.1417850498,0
              176.0168606665,-38.1417971663,0
              176.0157777842,-38.1417297501,0
              176.0151859165,-38.1417249828,0
              176.0151841669,-38.1421066001,0
              175.9844560498,-38.1420023327,0
              175.9843278493,-38.1418107496,0
              175.9817465671,-38.1385780335,0
              175.9990880339,-38.1314763669,0
              176.0049341170,-38.1229977668,0
              176.0050538673,-38.1228702000,0
              176.0208773002,-38.0958669166,0
              176.0209219503,-38.0958768667,0
              176.0340684508,-38.0745027331,0
              176.0401752676,-38.0644293995,0
              176.0441816333,-38.0575876831,0
              176.0504088341,-38.0475430503,0
              176.0567755001,-38.0370243829,0
              176.0585797335,-38.0337195995,0
              176.0612775000,-38.0286588335,0
              176.0615888833,-38.0280565831,0
              176.0617319331,-38.0277281332,0
              176.0620198174,-38.0272645332,0
              176.0622517340,-38.0268229329,0
              176.0611743341,-38.0258935826,0
              176.0608842504,-38.0254285667,0
              176.0606068502,-38.0251184167,0
              176.0604106340,-38.0249653999,0
              176.0600305831,-38.0246246327,0
              176.0598421662,-38.0243569835,0
              176.0595028674,-38.0237290162,0
              176.0588041498,-38.0228514500,0
              176.0581348164,-38.0222243826,0
              176.0578554994,-38.0218688502,0
              176.0575813508,-38.0216045161,0
              176.0570150666,-38.0212704668,0
              176.0566695176,-38.0210089498,0
              176.0564272668,-38.0207786830,0
              176.0562035342,-38.0206165828,0
              176.0553460505,-38.0201159493,0
              176.0550902495,-38.0198979331,0
              176.0549069171,-38.0196988334,0
              176.0547558496,-38.0195670839,0
              176.0545014674,-38.0193932997,0
              176.0540878335,-38.0192251995,0
              176.0538552832,-38.0192106334,0
              176.0529383831,-38.0185004996,0
              176.0522046498,-38.0181545330,0
              176.0516434501,-38.0177283494,0
              176.0511312170,-38.0174147494,0
              176.0505764001,-38.0171463169,0
              176.0501879674,-38.0169088000,0
              176.0500221168,-38.0167669667,0
              176.0493093335,-38.0163353330,0
              176.0480355827,-38.0157626501,0
              176.0478254340,-38.0156213997,0
              176.0474908341,-38.0153243999,0
              176.0472506665,-38.0151613162,0
              176.0470418341,-38.0150428493,0
              176.0463032668,-38.0147372500,0
              176.0457793839,-38.0144015332,0
              176.0452455840,-38.0141460498,0
              176.0449517674,-38.0140534164,0
              176.0439614505,-38.0136310999,0
              176.0437963661,-38.0135224332,0
              176.0434693331,-38.0133511163,0
              176.0430187668,-38.0130356163,0
              176.0420891009,-38.0126572164,0
              176.0418197174,-38.0124839326,0
              176.0416739668,-38.0124548494,0
              176.0415706666,-38.0124128163,0
              176.0414059004,-38.0123043667,0
              176.0409018670,-38.0120594331,0
              176.0391368668,-38.0114365667,0
              176.0380065503,-38.0108252834,0
              176.0375639832,-38.0106467335,0
              176.0371822503,-38.0105231826,0
              176.0366043667,-38.0102465668,0
              176.0362814498,-38.0101437668,0
              176.0355728507,-38.0098489661,0
              176.0353231494,-38.0097664169,0
              176.0349237500,-38.0095863162,0
              176.0346406834,-38.0094249330,0
              176.0342504006,-38.0091530495,0
              176.0339614332,-38.0088889834,0
              176.0337816665,-38.0087696334,0
              176.0334704998,-38.0086206829,0
              176.0330724165,-38.0084633997,0
              176.0327900334,-38.0083134168,0
              176.0322755329,-38.0078858997,0
              176.0317055008,-38.0074946498,0
              176.0314322340,-38.0072528831,0
              176.0310157834,-38.0067761496,0
              176.0308033175,-38.0065893665,0
              176.0305340001,-38.0064160497,0
              176.0301346336,-38.0062359331,0
              176.0298025499,-38.0059733827,0
              176.0296495838,-38.0058187832,0
              176.0289573331,-38.0053061334,0
              176.0286363500,-38.0049860332,0
              176.0281845997,-38.0043961995,0
              176.0267733168,-38.0031546168,0
              176.0263626993,-38.0022774996,0
              176.0261920834,-38.0020663663,0
              176.0256508840,-38.0016740661,0
              176.0250606505,-38.0011806163,0
              176.0243848341,-38.0007016666,0
              176.0233514162,-37.9995151669,0
              176.0230494172,-37.9990228830,0
              176.0229566008,-37.9989118668,0
              176.0211952669,-37.9978427335,0
              176.0207345331,-37.9975961830,0
              176.0196692503,-37.9968566663,0
              176.0175865173,-37.9957074494,0
              176.0173172672,-37.9955340999,0
              176.0170231998,-37.9954302331,0
              176.0164036999,-37.9951778667,0
              176.0157913665,-37.9947994830,0
              176.0154365328,-37.9946406169,0
              176.0151725330,-37.9945585335,0
              176.0148333835,-37.9944219499,0
              176.0145667672,-37.9942942495,0
              176.0138812667,-37.9938955828,0
              176.0134774326,-37.9936355495,0
              176.0131800995,-37.9934746332,0
              176.0128853834,-37.9933593335,0
              176.0120516004,-37.9931374327,0
              176.0117418503,-37.9930112333,0
              176.0115020497,-37.9928482667,0
              176.0109400826,-37.9925938340,0
              176.0100442167,-37.9922940829,0
              176.0088445166,-37.9919708166,0
              176.0085191174,-37.9918223169,0
              176.0082407505,-37.9917407332,0
              176.0058250501,-37.9913119328,0
              176.0043764001,-37.9911689328,0
              176.0019372173,-37.9908323502,0
              176.0006343006,-37.9907184496,0
              175.9995541835,-37.9907223831,0
              175.9986295998,-37.9906750835,0
              175.9981774507,-37.9905767666,0
              175.9979598673,-37.9905501661,0
              175.9945732502,-37.9902698165,0
              175.9937140328,-37.9901058494,0
              175.9932468840,-37.9899966168,0
              175.9925882836,-37.9898141161,0
              175.9923550169,-37.9897651833,0
              175.9885065829,-37.9894665333,0
              175.9883484325,-37.9894721167,0
              175.9859582674,-37.9892364164,0
              175.9853924331,-37.9891649328,0
              175.9848285169,-37.9891276660,0
              175.9836105673,-37.9889877327,0
              175.9833648660,-37.9889735497,0
              175.9800515006,-37.9884616328,0
              175.9784691333,-37.9879915163,0
              175.9780451167,-37.9878806833,0
              175.9755231664,-37.9876036002,0
              175.9741362166,-37.9872750995,0
              175.9724390503,-37.9868088167,0
              175.9714801830,-37.9864080327,0
              175.9712698665,-37.9862553663,0
              175.9705202001,-37.9854814502,0
              175.9703772335,-37.9852464162,0
              175.9702793326,-37.9850440997,0
              175.9701465171,-37.9839742501,0
              175.9701349335,-37.9835174169,0
              175.9702613671,-37.9827014000,0
              175.9703797999,-37.9822514502,0
              175.9704768502,-37.9814250168,0
              175.9705337998,-37.9811600998,0
              175.9706100006,-37.9802201001,0
              175.9708816832,-37.9789188667,0
              175.9712878172,-37.9779558168,0
              175.9715002840,-37.9776397163,0
              175.9716781498,-37.9772219498,0
              175.9717953003,-37.9767491501,0
              175.9718810004,-37.9764832170,0
              175.9725334999,-37.9752942995,0
              175.9726146673,-37.9749485162,0
              175.9726115166,-37.9746400000,0
              175.9726311837,-37.9744792665,0
              175.9726117330,-37.9741370327,0
              175.9722054835,-37.9723109831,0
              175.9717945163,-37.9711593833,0
              175.9716822659,-37.9709575500,0
              175.9715745508,-37.9708355826,0
              175.9715099668,-37.9707120994,0
              175.9713245834,-37.9704899502,0
              175.9711039840,-37.9701547327,0
              175.9707345164,-37.9697332833,0
              175.9703127502,-37.9694051165,0
              175.9698780998,-37.9688487328,0
              175.9693780337,-37.9684089827,0
              175.9687599670,-37.9676646498,0
              175.9680170996,-37.9670047665,0
              175.9676580166,-37.9667658499,0
              175.9672564666,-37.9665398668,0
              175.9665676834,-37.9660724665,0
              175.9659441006,-37.9657399830,0
              175.9656215167,-37.9656369998,0
              175.9652564501,-37.9655469329,0
              175.9649808497,-37.9655108664,0
              175.9646497169,-37.9655110002,0
              175.9643773497,-37.9655319669,0
              175.9639220334,-37.9656279497,0
              175.9637672000,-37.9656905335,0
              175.9633058834,-37.9659353996,0
              175.9626824166,-37.9663689329,0
              175.9625046331,-37.9665352327,0
              175.9623386338,-37.9666553997,0
              175.9621713503,-37.9667527332,0
              175.9617433175,-37.9670764164,0
              175.9611033842,-37.9677276164,0
              175.9609766336,-37.9677777661,0
              175.9608061672,-37.9678180167,0
              175.9606481000,-37.9678235166,0
              175.9601406998,-37.9677611164,0
              175.9592841672,-37.9675057826,0
              175.9585374173,-37.9669292331,0
              175.9585043341,-37.9668585660,0
              175.9584131175,-37.9668371162,0
              175.9581615172,-37.9665814495,0
              175.9581274492,-37.9664869828,0
              175.9580352165,-37.9664417168,0
              175.9579079168,-37.9662781669,0
              175.9575310007,-37.9659066166,0
              175.9574979169,-37.9658359835,0
              175.9572813175,-37.9656986329,0
              175.9570657665,-37.9655850834,0
              175.9569745508,-37.9655636332,0
              175.9567891000,-37.9654492998,0
              175.9566978504,-37.9654278503,0
              175.9564201833,-37.9652682667,0
              175.9563289506,-37.9652468326,0
              175.9558337335,-37.9649260998,0
              175.9557425173,-37.9649046667,0
              175.9556793674,-37.9648348161,0
              175.9555881337,-37.9648133671,0
              175.9555550500,-37.9647427334,0
              175.9554648334,-37.9647451001,0
              175.9554016838,-37.9646752494,0
              175.9553094502,-37.9646300001,0
              175.9552763832,-37.9645593497,0
              175.9551851335,-37.9645379161,0
              175.9551520668,-37.9644672665,0
              175.9548036332,-37.9642839994,0
              175.9542095831,-37.9636612333,0
              175.9536618168,-37.9631387997,0
              175.9535339169,-37.9629848662,0
              175.9532843498,-37.9627567828,0
              175.9532024339,-37.9626349334,0
              175.9530934174,-37.9625372827,0
              175.9529331165,-37.9623391666,0
              175.9528007832,-37.9621282327,0
              175.9524724500,-37.9614463162,0
              175.9520861673,-37.9609503164,0
              175.9518692666,-37.9605833162,0
              175.9514416832,-37.9599291494,0
              175.9511124995,-37.9592358333,0
              175.9509639831,-37.9590028000,0
              175.9504771674,-37.9581455498,0
              175.9500846838,-37.9575697504,0
              175.9494264839,-37.9567437663,0
              175.9486413333,-37.9544708330,0
              175.9481262336,-37.9532488338,0
              175.9480499003,-37.9530122668,0
              175.9477478831,-37.9522947331,0
              175.9473804000,-37.9512943495,0
              175.9468175328,-37.9494567996,0
              175.9467898176,-37.9492865161,0
              175.9462307841,-37.9473114666,0
              175.9458480503,-37.9463003830,0
              175.9442040002,-37.9413576165,0
              175.9440835168,-37.9411117830,0
              175.9436109994,-37.9398762329,0
              175.9434925675,-37.9394701168,0
              175.9433617505,-37.9389043999,0
              175.9430161832,-37.9378113836,0
              175.9429884836,-37.9376411163,0
              175.9427354338,-37.9368067667,0
              175.9425970006,-37.9365160330,0
              175.9422467669,-37.9355491165,0
              175.9414540172,-37.9320522333,0
              175.9410625832,-37.9309271329,0
              175.9409971841,-37.9306442827,0
              175.9409400175,-37.9302809332,0
              175.9409134995,-37.9299389665,0
              175.9409458342,-37.9294224998,0
              175.9411036009,-37.9288427001,0
              175.9412339998,-37.9284701833,0
              175.9412975837,-37.9281695831,0
              175.9414009001,-37.9278212834,0
              175.9415707666,-37.9275841663,0
              175.9418796002,-37.9272715832,0
              175.9422634999,-37.9268066165,0
              175.9424044995,-37.9265708828,0
              175.9426076332,-37.9263893331,0
              175.9430068329,-37.9259350500,0
              175.9432282169,-37.9256153161,0
              175.9436200495,-37.9252529164,0
              175.9438826670,-37.9250913500,0
              175.9443213166,-37.9247724335,0
              175.9446263165,-37.9245973495,0
              175.9449295508,-37.9243994666,0
              175.9450929165,-37.9242656161,0
              175.9456561000,-37.9238719668,0
              175.9459007331,-37.9236655006,0
              175.9464488337,-37.9230780665,0
              175.9466528498,-37.9229079000,0
              175.9469010170,-37.9227470334,0
              175.9473249665,-37.9226118997,0
              175.9479681995,-37.9223172829,0
              175.9482631830,-37.9221998999,0
              175.9489512673,-37.9219826995,0
              175.9492338661,-37.9218055329,0
              175.9496528235,-37.9216804588,0
              175.9514033169,-37.9210113999,0
              175.9523723839,-37.9206626831,0
              175.9524710774,-37.9206302185,0
              175.9526640326,-37.9205613334,0
              175.9528751623,-37.9204972948,0
              175.9531188007,-37.9204171493,0
              175.9542780976,-37.9200717545,0
              175.9543555834,-37.9200482502,0
              175.9543722403,-37.9200437051,0
              175.9544302665,-37.9200264164,0
              175.9551509001,-37.9198312335,0
              175.9556500831,-37.9196487669,0
              175.9771878333,-37.9136730328,0
              175.9580390501,-37.9057537828,0
              175.9542377668,-37.9019086329,0
            </coordinates>
          </LinearRing>
        </outerBoundaryIs>
      </Polygon>
    </Placemark>
    <Placemark>
      <description><![CDATA[Unknown Area Type<BR><BR><B>TA_NAME</B> = Rotorua District<BR><B>TA_NAME_MACRON</B> = Rotorua District<BR><B>MAJOR_REGION_NAME</B> = Bay of Plenty Region<BR><B>AREA_HA</B> = 100821.98<BR><B>KML_STYLE</B> = PolyStyle00]]></description>
      <styleUrl>#area1</styleUrl>
      <Polygon>
        <outerBoundaryIs>
          <LinearRing>
            <coordinates>
              176.4764211841,-38.5332676333,0
              176.4769601661,-38.5323985169,0
              176.4770748833,-38.5321021163,0
              176.4775146674,-38.5280770333,0
              176.4773132676,-38.5266244001,0
              176.4751757331,-38.5189653998,0
              176.4747452840,-38.5174958665,0
              176.4746947833,-38.5170908665,0
              176.4746930341,-38.5165946832,0
              176.4747900166,-38.5159400834,0
              176.4762790170,-38.5100854330,0
              176.4819331498,-38.4918280164,0
              176.4819895166,-38.4916015169,0
              176.4863869669,-38.4772811001,0
              176.4896512501,-38.4668735332,0
              176.4931723163,-38.4554368998,0
              176.4928988160,-38.4553837998,0
              176.4999383835,-38.4324739164,0
              176.5053247671,-38.4022137994,0
              176.4954871666,-38.3917433166,0
              176.4910295674,-38.3870347332,0
              176.4825859671,-38.3781775499,0
              176.4787336841,-38.3739935829,0
              176.4739976671,-38.3689744331,0
              176.4725445674,-38.3662133493,0
              176.4703773841,-38.3619949665,0
              176.4689125673,-38.3590903161,0
              176.4687624834,-38.3589569005,0
              176.4668467336,-38.3586106004,0
              176.4645519334,-38.3585318835,0
              176.4628788002,-38.3580245327,0
              176.4603826005,-38.3580420837,0
              176.4578171834,-38.3571770333,0
              176.4554550834,-38.3568710162,0
              176.4516398832,-38.3569078832,0
              176.4491441670,-38.3567425834,0
              176.4481924997,-38.3565104162,0
              176.4469759009,-38.3565168665,0
              176.4471367161,-38.3550934161,0
              176.4464884170,-38.3537395996,0
              176.4463854163,-38.3526466334,0
              176.4458904176,-38.3517976998,0
              176.4461062667,-38.3508626497,0
              176.4475855841,-38.3497220505,0
              176.4483452006,-38.3484246660,0
              176.4500722162,-38.3461720505,0
              176.4506697834,-38.3457210162,0
              176.4507034830,-38.3452023500,0
              176.4518350998,-38.3442177664,0
              176.4517296675,-38.3436357160,0
              176.4510938675,-38.3390794998,0
              176.4499248173,-38.3305247998,0
              176.4497116334,-38.3296161671,0
              176.4494402332,-38.3290487831,0
              176.4489896176,-38.3282654501,0
              176.4480741493,-38.3271715496,0
              176.4457652500,-38.3251307496,0
              176.4426302006,-38.3224317832,0
              176.4404343501,-38.3204027666,0
              176.4402965501,-38.3203127660,0
              176.4406072171,-38.3202100338,0
              176.4410947839,-38.3198494831,0
              176.4440877165,-38.3174957173,0
              176.4446072507,-38.3172453484,0
              176.4443081331,-38.3170687834,0
              176.4405741325,-38.3155721322,0
              176.4406719839,-38.3141704995,0
              176.4403388685,-38.3133828164,0
              176.4385791521,-38.3133797323,0
              176.4363053850,-38.3144005166,0
              176.4350272665,-38.3145188327,0
              176.4319736330,-38.3137920664,0
              176.4315445831,-38.3136259656,0
              176.4303905829,-38.3133739828,0
              176.4291435338,-38.3134151168,0
              176.4287449161,-38.3138172835,0
              176.4283800838,-38.3142144496,0
              176.4275932505,-38.3153936667,0
              176.4273706003,-38.3156523662,0
              176.4271235168,-38.3158978661,0
              176.4266851831,-38.3162675000,0
              176.4262691667,-38.3165688499,0
              176.4243879840,-38.3177598165,0
              176.4238189666,-38.3180709163,0
              176.4234171994,-38.3182411998,0
              176.4229412164,-38.3184005996,0
              176.4225538168,-38.3185639166,0
              176.4220567173,-38.3187480666,0
              176.4200694673,-38.3193864830,0
              176.4195273834,-38.3195902837,0
              176.4187490334,-38.3199185499,0
              176.4180466173,-38.3202378329,0
              176.4167441340,-38.3208805327,0
              176.4164241836,-38.3210779666,0
              176.4162296000,-38.3212429000,0
              176.4158652002,-38.3216260498,0
              176.4154220840,-38.3221726163,0
              176.4152690504,-38.3222967499,0
              176.4149594667,-38.3224934832,0
              176.4145613172,-38.3227055327,0
              176.4132173496,-38.3232996332,0
              176.4127116833,-38.3235419828,0
              176.4120054337,-38.3240527000,0
              176.4110390503,-38.3248110331,0
              176.4105548332,-38.3251360831,0
              176.4103020500,-38.3252782166,0
              176.4098922008,-38.3254801330,0
              176.4092456673,-38.3257432497,0
              176.4085691333,-38.3259553827,0
              176.4079499008,-38.3260977166,0
              176.4072716173,-38.3262024834,0
              176.4063958000,-38.3262631163,0
              176.4047820175,-38.3262941834,0
              176.4043706669,-38.3262772005,0
              176.4039698499,-38.3262263833,0
              176.4037411836,-38.3261747169,0
              176.4035358327,-38.3261078668,0
              176.4032894498,-38.3259681497,0
              176.4030139332,-38.3257451668,0
              176.4023931668,-38.3251383496,0
              176.4021481334,-38.3249557499,0
              176.4018806165,-38.3248175164,0
              176.4015980837,-38.3246957168,0
              176.4013028504,-38.3245903000,0
              176.4009195325,-38.3244813327,0
              176.4006042341,-38.3244122332,0
              176.4002032009,-38.3243482834,0
              176.3997986840,-38.3243090830,0
              176.3994037006,-38.3242903831,0
              176.3986892008,-38.3243160661,0
              176.3974976165,-38.3244428834,0
              176.3972597833,-38.3244548499,0
              176.3968628008,-38.3244361327,0
              176.3960304997,-38.3243370662,0
              176.3947413172,-38.3243611331,0
              176.3944237168,-38.3243525501,0
              176.3940780001,-38.3243213501,0
              176.3935412666,-38.3242059502,0
              176.3929460500,-38.3240130666,0
              176.3919881161,-38.3236108165,0
              176.3911762838,-38.3233085495,0
              176.3908246331,-38.3231510163,0
              176.3904944337,-38.3229729834,0
              176.3900695502,-38.3226836660,0
              176.3897433836,-38.3224009499,0
              176.3894527001,-38.3220928664,0
              176.3891279166,-38.3216767161,0
              176.3888438999,-38.3212266496,0
              176.3884055828,-38.3203722495,0
              176.3883181833,-38.3200648830,0
              176.3882166832,-38.3193715998,0
              176.3881665839,-38.3192119328,0
              176.3881041337,-38.3190976829,0
              176.3879124173,-38.3188227995,0
              176.3876805496,-38.3185621664,0
              176.3869329842,-38.3178311002,0
              176.3866075837,-38.3175418327,0
              176.3862011167,-38.3172299334,0
              176.3858925001,-38.3170293501,0
              176.3855014002,-38.3168189335,0
              176.3851512674,-38.3166707500,0
              176.3848627672,-38.3165881332,0
              176.3845623175,-38.3165241171,0
              176.3830728994,-38.3162956996,0
              176.3823837005,-38.3161159667,0
              176.3818591334,-38.3159399828,0
              176.3813575162,-38.3157312827,0
              176.3808904671,-38.3154868496,0
              176.3805263335,-38.3152463161,0
              176.3802159175,-38.3150023668,0
              176.3799606504,-38.3147619165,0
              176.3797370339,-38.3144971335,0
              176.3795099834,-38.3141540331,0
              176.3793544999,-38.3138504668,0
              176.3791926671,-38.3134643830,0
              176.3789208175,-38.3125800494,0
              176.3788275499,-38.3123358494,0
              176.3787124005,-38.3121012666,0
              176.3785673333,-38.3118793164,0
              176.3784396829,-38.3117486667,0
              176.3779630166,-38.3114267330,0
              176.3775924669,-38.3110871827,0
              176.3771812840,-38.3102802499,0
              176.3752182340,-38.3082702665,0
              176.3749808670,-38.3080650995,0
              176.3718777002,-38.3065264327,0
              176.3712763009,-38.3060360497,0
              176.3700091839,-38.3045641834,0
              176.3660582329,-38.3022677496,0
              176.3655919507,-38.3017589662,0
              176.3650215835,-38.3007114498,0
              176.3616330507,-38.2984590329,0
              176.3594920838,-38.2966776499,0
              176.3570604833,-38.2952549829,0
              176.3568915341,-38.2950218330,0
              176.3566554333,-38.2945361664,0
              176.3566330842,-38.2942120166,0
              176.3568469670,-38.2932257829,0
              176.3568375675,-38.2927388833,0
              176.3558804665,-38.2915383337,0
              176.3553339174,-38.2910239826,0
              176.3549824503,-38.2908557498,0
              176.3526699170,-38.2901825333,0
              176.3519992503,-38.2898017668,0
              176.3513949667,-38.2883633833,0
              176.3509508342,-38.2878351664,0
              176.3493101836,-38.2872773663,0
              176.3486640007,-38.2869770660,0
              176.3481574495,-38.2865805662,0
              176.3479795503,-38.2860173834,0
              176.3477648505,-38.2843951501,0
              176.3470420002,-38.2829792997,0
              176.3467038334,-38.2825593334,0
              176.3462419841,-38.2820872833,0
              176.3452386831,-38.2814645002,0
              176.3440009500,-38.2810448505,0
              176.3432990175,-38.2809895502,0
              176.3427635002,-38.2810393668,0
              176.3416009502,-38.2812409333,0
              176.3409886176,-38.2811693329,0
              176.3406116500,-38.2809498497,0
              176.3402541162,-38.2805750667,0
              176.3399987835,-38.2798073501,0
              176.3395239174,-38.2788597336,0
              176.3389457332,-38.2779992661,0
              176.3379963999,-38.2766494997,0
              176.3364035170,-38.2737116496,0
              176.3339463006,-38.2709237002,0
              176.3323855673,-38.2686416497,0
              176.3319071003,-38.2680924997,0
              176.3313778992,-38.2676449831,0
              176.3316055340,-38.2674479996,0
              176.3311947335,-38.2668380326,0
              176.3310423832,-38.2665176001,0
              176.3309963001,-38.2661017501,0
              176.3312316334,-38.2653268996,0
              176.3316450837,-38.2644695662,0
              176.3318401503,-38.2639570997,0
              176.3320801169,-38.2628529661,0
              176.3321487837,-38.2622172332,0
              176.3311079500,-38.2606983495,0
              176.3306529675,-38.2602601667,0
              176.3301888335,-38.2601015501,0
              176.3295975170,-38.2600441498,0
              176.3290458175,-38.2602070833,0
              176.3281749001,-38.2606911997,0
              176.3274693502,-38.2609524996,0
              176.3268218674,-38.2609998329,0
              176.3257026002,-38.2607864668,0
              176.3251070497,-38.2608474494,0
              176.3243743676,-38.2611131662,0
              176.3231923831,-38.2612928498,0
              176.3221957333,-38.2610931663,0
              176.3208210338,-38.2606756167,0
              176.3203710000,-38.2603682993,0
              176.3199302001,-38.2596410000,0
              176.3189134275,-38.2550094236,0
              176.3186535332,-38.2537020833,0
              176.3181531723,-38.2514075078,0
              176.3179397229,-38.2505859883,0
              176.3175391498,-38.2496794590,0
              176.3171756076,-38.2491343279,0
              176.3166888731,-38.2485943683,0
              176.3161259902,-38.2481114181,0
              176.3126178634,-38.2457087128,0
              176.3111997580,-38.2447708967,0
              176.3097720704,-38.2439094465,0
              176.3077799105,-38.2428404120,0
              176.3050021255,-38.2413958335,0
              176.3043492039,-38.2409519404,0
              176.3020960993,-38.2393363137,0
              176.3013381271,-38.2384431187,0
              176.3006170737,-38.2366361284,0
              176.3003505741,-38.2361252512,0
              176.2995532597,-38.2351808381,0
              176.2986067473,-38.2337788929,0
              176.2983495582,-38.2331993044,0
              176.2982075497,-38.2327080744,0
              176.2978258170,-38.2306440795,0
              176.2976898820,-38.2300595461,0
              176.2975477982,-38.2295556170,0
              176.2972581796,-38.2290633358,0
              176.2969382245,-38.2286901467,0
              176.2964284999,-38.2282976803,0
              176.2959250568,-38.2280177704,0
              176.2954906319,-38.2278586296,0
              176.2950608373,-38.2277401679,0
              176.2935759730,-38.2274471122,0
              176.2931190763,-38.2273182963,0
              176.2924323130,-38.2270185096,0
              176.2916808829,-38.2264783504,0
              176.2914251833,-38.2262693503,0
              176.2900512999,-38.2249690332,0
              176.2887392829,-38.2237995824,0
              176.2880789833,-38.2234290499,0
              176.2864823502,-38.2227382332,0
              176.2853870670,-38.2223573660,0
              176.2840721493,-38.2217685666,0
              176.2827728507,-38.2208395000,0
              176.2826106341,-38.2204340333,0
              176.2815187180,-38.2192405986,0
              176.2810735326,-38.2189060322,0
              176.2779670017,-38.2175631327,0
              176.2758158019,-38.2166882329,0
              176.2744932343,-38.2161084659,0
              176.2726321335,-38.2151686998,0
              176.2714295334,-38.2146774156,0
              176.2702820672,-38.2145028006,0
              176.2684262511,-38.2143744665,0
              176.2673866848,-38.2143264987,0
              176.2669214180,-38.2142708824,0
              176.2655056828,-38.2147127498,0
              176.2649989835,-38.2147856666,0
              176.2648107171,-38.2147554160,0
              176.2646912841,-38.2148703667,0
              176.2636343342,-38.2153765829,0
              176.2604904999,-38.2171311833,0
              176.2584192664,-38.2192178329,0
              176.2576519173,-38.2190294495,0
              176.2570025001,-38.2185213168,0
              176.2559704333,-38.2186052833,0
              176.2551831170,-38.2186159666,0
              176.2552444338,-38.2194666998,0
              176.2542886506,-38.2194806493,0
              176.2521498175,-38.2190624500,0
              176.2549351661,-38.2259956664,0
              176.2538758337,-38.2268418500,0
              176.2527429669,-38.2280125494,0
              176.2499623009,-38.2295931165,0
              176.2470590341,-38.2299397169,0
              176.2464828841,-38.2302109832,0
              176.2450228508,-38.2311085663,0
              176.2447344172,-38.2315100666,0
              176.2441624665,-38.2320363163,0
              176.2439604338,-38.2322002669,0
              176.2425941836,-38.2326520665,0
              176.2403287835,-38.2339993669,0
              176.2388110669,-38.2353418339,0
              176.2364848675,-38.2366531499,0
              176.2355629666,-38.2376702835,0
              176.2336074335,-38.2383953829,0
              176.2323038008,-38.2390287832,0
              176.2322044171,-38.2391251831,0
              176.2320578664,-38.2390825827,0
              176.2313643168,-38.2387544498,0
              176.2305804169,-38.2385575331,0
              176.2285135168,-38.2381723668,0
              176.2271574832,-38.2379477827,0
              176.2241545003,-38.2375233332,0
              176.2232812500,-38.2375893666,0
              176.2217042338,-38.2379500828,0
              176.2215600998,-38.2376648171,0
              176.2216451839,-38.2371515328,0
              176.2211428671,-38.2368769665,0
              176.2202076841,-38.2362590166,0
              176.2199852834,-38.2358577997,0
              176.2194332841,-38.2352746832,0
              176.2191479175,-38.2343298999,0
              176.2192389834,-38.2334863661,0
              176.2200122336,-38.2324448333,0
              176.2199715993,-38.2320711167,0
              176.2205911173,-38.2308606832,0
              176.2207382995,-38.2305247664,0
              176.2219197334,-38.2301284496,0
              176.2227223502,-38.2294476502,0
              176.2240974335,-38.2289470495,0
              176.2239241500,-38.2282813661,0
              176.2236047836,-38.2281864662,0
              176.2241101506,-38.2274040497,0
              176.2241219342,-38.2273611834,0
              176.2241068165,-38.2273189830,0
              176.2240683334,-38.2272873161,0
              176.2240155336,-38.2272736000,0
              176.2232474668,-38.2272288496,0
              176.2227797005,-38.2270932833,0
              176.2225101173,-38.2271541493,0
              176.2222832668,-38.2273050494,0
              176.2219842661,-38.2274707832,0
              176.2172575834,-38.2277885000,0
              176.2172780673,-38.2276189832,0
              176.2183104169,-38.2265866326,0
              176.2161295839,-38.2192931164,0
              176.2119380167,-38.2183613665,0
              176.2101374499,-38.2192168827,0
              176.2092742838,-38.2194273328,0
              176.2074282840,-38.2142291168,0
              176.2043152835,-38.2053457001,0
              176.2039307837,-38.2054454494,0
              176.2031676493,-38.2063323168,0
              176.2010309166,-38.2079074332,0
              176.1996299675,-38.2081197496,0
              176.1994956499,-38.2076515166,0
              176.1945416834,-38.2083716329,0
              176.1904818672,-38.1958673499,0
              176.1668185840,-38.2040296827,0
              176.1648643662,-38.2057139328,0
              176.1606683837,-38.2092466831,0
              176.1560997668,-38.2132251498,0
              176.1540016340,-38.2149950665,0
              176.1503348342,-38.2181863995,0
              176.1468559332,-38.2239694335,0
              176.1438397336,-38.2291690001,0
              176.1238563342,-38.2623481505,0
              176.1205172832,-38.2679136168,0
              176.1159928002,-38.2690523500,0
              176.1292748171,-38.2731632169,0
              176.1086299832,-38.2757762162,0
              176.1086367003,-38.2758036995,0
              176.1091154326,-38.2759669996,0
              176.1095655000,-38.2761938326,0
              176.1096930995,-38.2762325168,0
              176.1097921168,-38.2762240663,0
              176.1098468005,-38.2761689666,0
              176.1098901176,-38.2759422662,0
              176.1100125176,-38.2758429835,0
              176.1101771341,-38.2757678662,0
              176.1103765666,-38.2757509497,0
              176.1106163168,-38.2757554494,0
              176.1107071165,-38.2757866997,0
              176.1107685826,-38.2758413329,0
              176.1108951334,-38.2761926999,0
              176.1109118002,-38.2763953006,0
              176.1108863008,-38.2764636665,0
              176.1108455173,-38.2765099002,0
              176.1104220331,-38.2766318002,0
              176.1103062172,-38.2767217002,0
              176.1101969334,-38.2771060166,0
              176.1101593831,-38.2773804497,0
              176.1101775668,-38.2774647327,0
              176.1103438173,-38.2775443328,0
              176.1107084174,-38.2776213826,0
              176.1113118836,-38.2776832161,0
              176.1116015008,-38.2776834827,0
              176.1117292668,-38.2776629498,0
              176.1118487501,-38.2776172997,0
              176.1119528833,-38.2775251163,0
              176.1121160676,-38.2772066997,0
              176.1121873332,-38.2771229666,0
              176.1122835833,-38.2770384998,0
              176.1123945332,-38.2770060834,0
              176.1124799831,-38.2770329498,0
              176.1125361005,-38.2770877168,0
              176.1127800827,-38.2776951994,0
              176.1128731997,-38.2777771163,0
              176.1129563999,-38.2778285493,0
              176.1130335167,-38.2778430335,0
              176.1132892003,-38.2778048001,0
              176.1134666826,-38.2778432165,0
              176.1135103668,-38.2779507171,0
              176.1134896175,-38.2781232333,0
              176.1133993837,-38.2783399662,0
              176.1131737675,-38.2787240163,0
              176.1131881000,-38.2788814327,0
              176.1132766172,-38.2789409327,0
              176.1133642500,-38.2790596331,0
              176.1134071498,-38.2792162501,0
              176.1134705669,-38.2793525502,0
              176.1135484341,-38.2794557165,0
              176.1136640667,-38.2795629995,0
              176.1138657005,-38.2800645831,0
              176.1139581000,-38.2803663499,0
              176.1140184836,-38.2804052166,0
              176.1140712333,-38.2804166832,0
              176.1141351333,-38.2804064330,0
              176.1142235002,-38.2803841998,0
              176.1142931165,-38.2803427667,0
              176.1145555170,-38.2801380502,0
              176.1148268169,-38.2798541667,0
              176.1149591670,-38.2797771504,0
              176.1151405172,-38.2797550996,0
              176.1153733831,-38.2797653996,0
              176.1155882998,-38.2798523168,0
              176.1156740172,-38.2799287999,0
              176.1157043998,-38.2800463166,0
              176.1156878993,-38.2803117002,0
              176.1157864167,-38.2805118332,0
              176.1159276660,-38.2806411329,0
              176.1159927998,-38.2806468999,0
              176.1162348496,-38.2806231329,0
              176.1164675659,-38.2805517162,0
              176.1166593506,-38.2804448167,0
              176.1168396502,-38.2804002498,0
              176.1168976840,-38.2804183326,0
              176.1169575173,-38.2804758167,0
              176.1171057663,-38.2806688997,0
              176.1172184170,-38.2807868831,0
              176.1174398670,-38.2809384327,0
              176.1175630674,-38.2809743998,0
              176.1178385336,-38.2809778669,0
              176.1179562499,-38.2809716995,0
              176.1184630174,-38.2808727833,0
              176.1186001003,-38.2808209830,0
              176.1187509499,-38.2807575167,0
              176.1190261008,-38.2805975168,0
              176.1194735001,-38.2802945496,0
              176.1196284338,-38.2802422334,0
              176.1197205504,-38.2802319661,0
              176.1197642502,-38.2802411998,0
              176.1198012338,-38.2802683327,0
              176.1198262667,-38.2803465332,0
              176.1198736173,-38.2807961326,0
              176.1198340331,-38.2810255333,0
              176.1198626496,-38.2811825494,0
              176.1199125508,-38.2812572329,0
              176.1200989006,-38.2813449499,0
              176.1202258166,-38.2813836162,0
              176.1207827503,-38.2817172828,0
              176.1209970332,-38.2817901162,0
              176.1217578167,-38.2819291667,0
              176.1221377338,-38.2819493667,0
              176.1221991836,-38.2818856168,0
              176.1222188840,-38.2816905995,0
              176.1222876340,-38.2813955333,0
              176.1223609996,-38.2812018163,0
              176.1224202668,-38.2810902164,0
              176.1224945836,-38.2809951000,0
              176.1225880329,-38.2809276163,0
              176.1227195168,-38.2809097994,0
              176.1229828838,-38.2809204499,0
              176.1233317999,-38.2809854503,0
              176.1234409840,-38.2810403501,0
              176.1235524163,-38.2811444664,0
              176.1236310671,-38.2812553168,0
              176.1236970336,-38.2814911997,0
              176.1236580340,-38.2817648667,0
              176.1237041505,-38.2818882331,0
              176.1237839834,-38.2820251501,0
              176.1238802000,-38.2821181000,0
              176.1240042171,-38.2821754671,0
              176.1241420002,-38.2822121493,0
              176.1243226838,-38.2822215167,0
              176.1244655509,-38.2822087495,0
              176.1246100009,-38.2821495501,0
              176.1247172506,-38.2816796826,0
              176.1247721840,-38.2815940332,0
              176.1248621842,-38.2815508838,0
              176.1249355173,-38.2815458998,0
              176.1250701674,-38.2815942666,0
              176.1255119339,-38.2818832495,0
              176.1257938005,-38.2819332332,0
              176.1263399002,-38.2819699001,0
              176.1266173006,-38.2820025995,0
              176.1271011166,-38.2821251334,0
              176.1275334175,-38.2823273994,0
              176.1277469834,-38.2824923993,0
              176.1279212832,-38.2826034169,0
              176.1281489504,-38.2829158998,0
              176.1281497840,-38.2830144665,0
              176.1281301341,-38.2830672161,0
              176.1281708502,-38.2831530334,0
              176.1282893327,-38.2831699674,0
              176.1284825832,-38.2831325669,0
              176.1294149501,-38.2828073832,0
              176.1295836837,-38.2827967832,0
              176.1299312671,-38.2828361830,0
              176.1301146175,-38.2829034496,0
              176.1302432331,-38.2829809662,0
              176.1302948504,-38.2830635995,0
              176.1303129332,-38.2832979498,0
              176.1302236000,-38.2838369168,0
              176.1302102341,-38.2841069495,0
              176.1302207506,-38.2844168998,0
              176.1302772670,-38.2846066663,0
              176.1304828838,-38.2848652827,0
              176.1306193837,-38.2849968829,0
              176.1309126500,-38.2852585998,0
              176.1311762160,-38.2854508162,0
              176.1314855003,-38.2856172501,0
              176.1318157499,-38.2857407000,0
              176.1319735325,-38.2857588495,0
              176.1321891170,-38.2857538165,0
              176.1323456498,-38.2857283497,0
              176.1324334336,-38.2856864663,0
              176.1324915329,-38.2856409500,0
              176.1325733160,-38.2855256668,0
              176.1325921170,-38.2854633163,0
              176.1325904839,-38.2853604493,0
              176.1324434836,-38.2850164494,0
              176.1322287830,-38.2846422494,0
              176.1321649006,-38.2844068333,0
              176.1321780669,-38.2842703499,0
              176.1322422163,-38.2841630501,0
              176.1323516335,-38.2840544496,0
              176.1325053499,-38.2840177494,0
              176.1326535501,-38.2840016170,0
              176.1329818667,-38.2841011497,0
              176.1333436498,-38.2842711666,0
              176.1334655839,-38.2843884830,0
              176.1335047507,-38.2844894500,0
              176.1335833334,-38.2846028998,0
              176.1338799340,-38.2848104994,0
              176.1340739509,-38.2849001337,0
              176.1344923831,-38.2849869827,0
              176.1346718668,-38.2850414170,0
              176.1347964173,-38.2851212165,0
              176.1348463832,-38.2852695165,0
              176.1347954498,-38.2858527995,0
              176.1348878173,-38.2862193329,0
              176.1349893995,-38.2868101829,0
              176.1350519165,-38.2870670001,0
              176.1351506505,-38.2873745664,0
              176.1352283999,-38.2875025828,0
              176.1353044494,-38.2876075996,0
              176.1356337499,-38.2878925330,0
              176.1357618166,-38.2879552331,0
              176.1359044834,-38.2879596668,0
              176.1362565832,-38.2878713665,0
              176.1367692505,-38.2877070333,0
              176.1371192675,-38.2876204835,0
              176.1372529669,-38.2875707331,0
              176.1374565175,-38.2875377169,0
              176.1375791502,-38.2875290997,0
              176.1376690160,-38.2875588670,0
              176.1377472004,-38.2876161839,0
              176.1378019341,-38.2877268997,0
              176.1378356503,-38.2878501334,0
              176.1378156499,-38.2881194998,0
              176.1377870166,-38.2882479173,0
              176.1376933837,-38.2883713827,0
              176.1373148169,-38.2887292332,0
              176.1367332333,-38.2891320172,0
              176.1366659995,-38.2892189995,0
              176.1365927832,-38.2893639994,0
              176.1365996170,-38.2894420668,0
              176.1366585673,-38.2895271496,0
              176.1369620833,-38.2896733006,0
              176.1372276003,-38.2897677996,0
              176.1374763832,-38.2899206333,0
              176.1375890500,-38.2900323335,0
              176.1376140498,-38.2900934995,0
              176.1376132999,-38.2901731500,0
              176.1374920507,-38.2903609998,0
              176.1370205329,-38.2908356160,0
              176.1367821334,-38.2911431495,0
              176.1366566507,-38.2914068160,0
              176.1365539834,-38.2918657167,0
              176.1364176006,-38.2920918501,0
              176.1361808998,-38.2924146833,0
              176.1361257827,-38.2925400999,0
              176.1361161001,-38.2926588664,0
              176.1361460326,-38.2927571334,0
              176.1361970332,-38.2928357333,0
              176.1362332835,-38.2928720834,0
              176.1363003669,-38.2929048497,0
              176.1365002169,-38.2929583664,0
              176.1366430671,-38.2929615994,0
              176.1370988671,-38.2930402163,0
              176.1374543502,-38.2931638335,0
              176.1378276838,-38.2933397499,0
              176.1378839504,-38.2933849493,0
              176.1379315668,-38.2934953329,0
              176.1379486336,-38.2936532664,0
              176.1379424338,-38.2939838660,0
              176.1378881168,-38.2942288332,0
              176.1378371170,-38.2943022496,0
              176.1377707331,-38.2943462993,0
              176.1373112671,-38.2945135829,0
              176.1370801667,-38.2946228497,0
              176.1362293665,-38.2951469664,0
              176.1359086500,-38.2953747327,0
              176.1357591168,-38.2954442664,0
              176.1356388675,-38.2954722493,0
              176.1355585175,-38.2954769001,0
              176.1352266001,-38.2954136497,0
              176.1350447006,-38.2953669662,0
              176.1348407174,-38.2952928661,0
              176.1343112999,-38.2951626339,0
              176.1338431332,-38.2949066332,0
              176.1335270825,-38.2946978833,0
              176.1333181998,-38.2946164832,0
              176.1332043007,-38.2946122668,0
              176.1330924506,-38.2946527834,0
              176.1330128839,-38.2947260001,0
              176.1328844499,-38.2950246500,0
              176.1327427162,-38.2951369664,0
              176.1323911335,-38.2953224829,0
              176.1317006333,-38.2955723164,0
              176.1312501828,-38.2958590665,0
              176.1310131327,-38.2959591495,0
              176.1308002496,-38.2960697661,0
              176.1302960339,-38.2962334836,0
              176.1299528334,-38.2962918000,0
              176.1295968005,-38.2963803330,0
              176.1284222325,-38.2967012838,0
              176.1282095167,-38.2968156167,0
              176.1281152667,-38.2969303162,0
              176.1281166831,-38.2970646999,0
              176.1282144000,-38.2971291335,0
              176.1283727671,-38.2971731664,0
              176.1289124008,-38.2971615498,0
              176.1291430671,-38.2971288499,0
              176.1292852001,-38.2971285333,0
              176.1293766839,-38.2971462993,0
              176.1295936832,-38.2972429829,0
              176.1297886009,-38.2973606502,0
              176.1299490833,-38.2975539833,0
              176.1301018169,-38.2977848829,0
              176.1301993002,-38.2980509500,0
              176.1301308667,-38.2984188328,0
              176.1301867338,-38.2986039331,0
              176.1305615159,-38.2991309665,0
              176.1306627172,-38.2993745160,0
              176.1308159670,-38.2996166002,0
              176.1308432667,-38.2997988001,0
              176.1307912669,-38.2999048160,0
              176.1306327666,-38.2999616167,0
              176.1304632660,-38.2999851001,0
              176.1300033825,-38.2999795334,0
              176.1297341667,-38.2999984002,0
              176.1295156840,-38.3000904834,0
              176.1292683503,-38.3002767666,0
              176.1291488339,-38.3005639498,0
              176.1291392341,-38.3009749499,0
              176.1291914501,-38.3012871333,0
              176.1292494169,-38.3016215331,0
              176.1294105331,-38.3017252334,0
              176.1296333005,-38.3017263668,0
              176.1299170671,-38.3014046335,0
              176.1303280498,-38.3012734499,0
              176.1306878670,-38.3012669339,0
              176.1309100006,-38.3013577000,0
              176.1310583494,-38.3015961839,0
              176.1311585175,-38.3018173669,0
              176.1313288167,-38.3020178997,0
              176.1315768338,-38.3021564500,0
              176.1317494840,-38.3023046339,0
              176.1317108834,-38.3024961660,0
              176.1315853831,-38.3026528335,0
              176.1313817832,-38.3027594500,0
              176.1311446996,-38.3028595498,0
              176.1310124666,-38.3029961500,0
              176.1309687331,-38.3032725667,0
              176.1310167833,-38.3034198831,0
              176.1311027837,-38.3035886664,0
              176.1303509668,-38.3038916500,0
              176.1296322174,-38.3043558500,0
              176.1293188840,-38.3047379661,0
              176.1280317833,-38.3067618167,0
              176.1276509998,-38.3074265333,0
              176.1271552998,-38.3080802833,0
              176.1264995168,-38.3087896833,0
              176.1261097339,-38.3089840329,0
              176.1247261832,-38.3096116663,0
              176.1238253507,-38.3099501161,0
              176.1207600671,-38.3111830165,0
              176.1202910672,-38.3114829502,0
              176.1198443337,-38.3118802329,0
              176.1176515492,-38.3141976165,0
              176.1170820669,-38.3146001666,0
              176.1162654165,-38.3148443999,0
              176.1156923512,-38.3148942368,0
              176.1151006886,-38.3148863544,0
              176.1146626775,-38.3148639550,0
              176.1141552278,-38.3147901957,0
              176.1134100553,-38.3146226228,0
              176.1129376336,-38.3144699835,0
              176.1123785027,-38.3142480455,0
              176.1116370274,-38.3138792632,0
              176.1111151188,-38.3136540450,0
              176.1107554124,-38.3135389333,0
              176.1103372282,-38.3134472167,0
              176.1100181483,-38.3134089209,0
              176.1095647496,-38.3133861285,0
              176.1091251251,-38.3134127392,0
              176.1086893448,-38.3134842027,0
              176.1082555823,-38.3135977441,0
              176.1078709000,-38.3137281667,0
              176.1063504994,-38.3141939242,0
              176.1031959722,-38.3152704022,0
              176.1026565507,-38.3155098472,0
              176.1020597741,-38.3158580056,0
              176.1014230878,-38.3162671565,0
              176.1002219670,-38.3169958641,0
              176.0995630021,-38.3172017106,0
              176.0991922030,-38.3172597055,0
              176.0979079173,-38.3174071759,0
              176.0969418498,-38.3174600996,0
              176.0948104125,-38.3174480770,0
              176.0934740967,-38.3174763045,0
              176.0932203465,-38.3175165999,0
              176.0928639971,-38.3176030756,0
              176.0925461746,-38.3177556431,0
              176.0922835960,-38.3179423975,0
              176.0919740003,-38.3182553499,0
              176.0891994000,-38.3215180496,0
              176.0889052701,-38.3218018916,0
              176.0886364170,-38.3220031329,0
              176.0880740338,-38.3222641495,0
              176.0872879335,-38.3224555327,0
              176.0835625684,-38.3231724429,0
              176.0830179097,-38.3233673567,0
              176.0804175690,-38.3247544895,0
              176.0797279627,-38.3251077643,0
              176.0793946036,-38.3252606540,0
              176.0790284089,-38.3253889018,0
              176.0778372689,-38.3257140114,0
              176.0741835043,-38.3266001058,0
              176.0736370026,-38.3267849957,0
              176.0733687613,-38.3268988191,0
              176.0728610170,-38.3271734584,0
              176.0724371985,-38.3274815954,0
              176.0720264284,-38.3278458704,0
              176.0716418979,-38.3283294458,0
              176.0713347084,-38.3287669125,0
              176.0710094570,-38.3291598698,0
              176.0706163517,-38.3295275006,0
              176.0701562307,-38.3298813018,0
              176.0684919733,-38.3310759188,0
              176.0661359815,-38.3328309593,0
              176.0659700243,-38.3329971648,0
              176.0650749231,-38.3340723255,0
              176.0646170741,-38.3344313733,0
              176.0641637671,-38.3347054295,0
              176.0637473518,-38.3348857162,0
              176.0632588046,-38.3350474181,0
              176.0628425471,-38.3351426480,0
              176.0624223723,-38.3351954257,0
              176.0620466757,-38.3352128416,0
              176.0615914169,-38.3351920949,0
              176.0610951911,-38.3351229859,0
              176.0605572652,-38.3349842681,0
              176.0595432999,-38.3346592323,0
              176.0589585108,-38.3345011866,0
              176.0585926656,-38.3344318737,0
              176.0586870999,-38.3346275162,0
              176.0589124503,-38.3348009994,0
              176.0592129499,-38.3350876664,0
              176.0592991667,-38.3351472999,0
              176.0596066841,-38.3352959668,0
              176.0597203003,-38.3353679499,0
              176.0597858337,-38.3354273663,0
              176.0598951503,-38.3355814002,0
              176.0601953173,-38.3355833331,0
              176.0602182994,-38.3355980335,0
              176.0604382839,-38.3361693167,0
              176.0605937334,-38.3364713161,0
              176.0606107503,-38.3365946660,0
              176.0606068342,-38.3367765166,0
              176.0606330508,-38.3369011326,0
              176.0607047332,-38.3370047330,0
              176.0608028506,-38.3371036660,0
              176.0608320499,-38.3371625499,0
              176.0608439508,-38.3373941669,0
              176.0609312840,-38.3378297498,0
              176.0609543668,-38.3380900164,0
              176.0610053172,-38.3382131005,0
              176.0610129337,-38.3383145833,0
              176.0611298001,-38.3385877831,0
              176.0612862169,-38.3387895995,0
              176.0613994501,-38.3388743662,0
              176.0618635840,-38.3390833162,0
              176.0624268166,-38.3392962835,0
              176.0627945496,-38.3395704666,0
              176.0629401675,-38.3397302828,0
              176.0629909675,-38.3398320996,0
              176.0630221674,-38.3399500501,0
              176.0630227162,-38.3401333831,0
              176.0629424338,-38.3404220831,0
              176.0628343168,-38.3405873334,0
              176.0627277165,-38.3406819663,0
              176.0622567000,-38.3409730667,0
              176.0618886505,-38.3411245000,0
              176.0617717836,-38.3412208662,0
              176.0616528166,-38.3414188500,0
              176.0613761504,-38.3417808998,0
              176.0612349002,-38.3420889827,0
              176.0611834671,-38.3422666330,0
              176.0609739509,-38.3426649831,0
              176.0608958504,-38.3427411501,0
              176.0607660673,-38.3428207998,0
              176.0606365004,-38.3428638999,0
              176.0600979332,-38.3429284000,0
              176.0598152338,-38.3429955834,0
              176.0595756001,-38.3430291501,0
              176.0594014668,-38.3430397499,0
              176.0590575507,-38.3430170668,0
              176.0589624674,-38.3430281326,0
              176.0588412668,-38.3430874499,0
              176.0586750331,-38.3432467334,0
              176.0585420168,-38.3433332501,0
              176.0584122674,-38.3433581499,0
              176.0583384507,-38.3433549667,0
              176.0581870160,-38.3433127493,0
              176.0578129337,-38.3431428833,0
              176.0576251334,-38.3430373494,0
              176.0574083833,-38.3429629999,0
              176.0568383997,-38.3429615165,0
              176.0566747171,-38.3429732000,0
              176.0560607170,-38.3430593000,0
              176.0556736000,-38.3430739164,0
              176.0555442498,-38.3431034839,0
              176.0554788667,-38.3431418168,0
              176.0553370003,-38.3432614162,0
              176.0551657335,-38.3435026665,0
              176.0551010836,-38.3437461169,0
              176.0551545841,-38.3439693494,0
              176.0551889166,-38.3440271828,0
              176.0553030165,-38.3441239827,0
              176.0554348331,-38.3441842333,0
              176.0556801832,-38.3442171496,0
              176.0559170504,-38.3442142004,0
              176.0566332004,-38.3441515163,0
              176.0569369505,-38.3441483660,0
              176.0571024328,-38.3441748827,0
              176.0572589338,-38.3442297329,0
              176.0573251171,-38.3442687661,0
              176.0573688333,-38.3443187995,0
              176.0573924829,-38.3443952829,0
              176.0573836338,-38.3444604995,0
              176.0572716165,-38.3446177995,0
              176.0572105673,-38.3447378327,0
              176.0571420005,-38.3451214994,0
              176.0570545828,-38.3452801998,0
              176.0569243495,-38.3453792669,0
              176.0567727832,-38.3454304326,0
              176.0565601164,-38.3454689168,0
              176.0560850341,-38.3455049999,0
              176.0558604509,-38.3455634504,0
              176.0555650993,-38.3456653165,0
              176.0553086993,-38.3458202161,0
              176.0551539333,-38.3459789326,0
              176.0550845669,-38.3460943328,0
              176.0550588674,-38.3461799994,0
              176.0550638667,-38.3462867664,0
              176.0551808837,-38.3464530167,0
              176.0552026676,-38.3465875994,0
              176.0551618332,-38.3467557165,0
              176.0550868168,-38.3469195166,0
              176.0550182506,-38.3470171834,0
              176.0549608336,-38.3470503334,0
              176.0548129506,-38.3471124335,0
              176.0546615671,-38.3471423827,0
              176.0539275171,-38.3471809495,0
              176.0535839002,-38.3472496665,0
              176.0530630506,-38.3475096328,0
              176.0527780164,-38.3475968999,0
              176.0526527338,-38.3476107163,0
              176.0524916838,-38.3475991164,0
              176.0522004830,-38.3476135830,0
              176.0521624002,-38.3476630331,0
              176.0521152671,-38.3478626831,0
              176.0520971503,-38.3482695329,0
              176.0520296167,-38.3483791330,0
              176.0519734330,-38.3484246499,0
              176.0517552341,-38.3484899996,0
              176.0515231338,-38.3485390167,0
              176.0513868175,-38.3486093332,0
              176.0512776838,-38.3487094835,0
              176.0512039669,-38.3488288004,0
              176.0510192168,-38.3489849996,0
              176.0509249661,-38.3490892333,0
              176.0507080999,-38.3492425169,0
              176.0505418167,-38.3493838501,0
              176.0504061336,-38.3494511327,0
              176.0502162176,-38.3495146666,0
              176.0499266336,-38.3495778164,0
              176.0495668672,-38.3496256665,0
              176.0493176493,-38.3496374331,0
              176.0489894671,-38.3496904001,0
              176.0488606509,-38.3497410502,0
              176.0487858832,-38.3497979335,0
              176.0487505839,-38.3498764996,0
              176.0487684668,-38.3499507330,0
              176.0488695506,-38.3500788495,0
              176.0490368332,-38.3502246835,0
              176.0490597836,-38.3502676493,0
              176.0490609165,-38.3503308172,0
              176.0488593007,-38.3506614497,0
              176.0487560003,-38.3508879667,0
              176.0487219832,-38.3510104834,0
              176.0487327327,-38.3511557000,0
              176.0487977338,-38.3513404165,0
              176.0491714004,-38.3521545829,0
              176.0493650505,-38.3528106494,0
              176.0494185165,-38.3531158835,0
              176.0495244840,-38.3533305669,0
              176.0495522832,-38.3535190333,0
              176.0495781838,-38.3535725002,0
              176.0496253164,-38.3536229502,0
              176.0497407340,-38.3536980327,0
              176.0500427000,-38.3537921332,0
              176.0501730999,-38.3538513669,0
              176.0502923825,-38.3539404335,0
              176.0503300997,-38.3539982161,0
              176.0503406666,-38.3540620996,0
              176.0502934832,-38.3541754338,0
              176.0500953336,-38.3543690327,0
              176.0498948835,-38.3544760666,0
              176.0496986840,-38.3545488332,0
              176.0495361336,-38.3545895834,0
              176.0493820008,-38.3546252997,0
              176.0491844501,-38.3546482660,0
              176.0489350175,-38.3546457334,0
              176.0487267007,-38.3546124497,0
              176.0486023172,-38.3545685828,0
              176.0484732492,-38.3544926165,0
              176.0482208998,-38.3542947661,0
              176.0480236999,-38.3541810496,0
              176.0479447833,-38.3541565161,0
              176.0478231839,-38.3541497163,0
              176.0477507832,-38.3541714837,0
              176.0476846000,-38.3542107666,0
              176.0475881331,-38.3543215665,0
              176.0473906000,-38.3546671667,0
              176.0469318003,-38.3550898996,0
              176.0468120337,-38.3552424832,0
              176.0467590000,-38.3553716996,0
              176.0467426333,-38.3555930663,0
              176.0466885338,-38.3557928162,0
              176.0466874174,-38.3560287996,0
              176.0466648333,-38.3561550834,0
              176.0466037500,-38.3563143166,0
              176.0465325333,-38.3564084826,0
              176.0464649330,-38.3564388662,0
              176.0462689000,-38.3564645505,0
              176.0458528170,-38.3564438835,0
              176.0456733335,-38.3564636831,0
              176.0455213000,-38.3565099330,0
              176.0452337839,-38.3566684663,0
              176.0449676504,-38.3567506162,0
              176.0449108502,-38.3567478663,0
              176.0448450498,-38.3567103164,0
              176.0446703666,-38.3565413499,0
              176.0446388342,-38.3565286833,0
              176.0445648000,-38.3565336165,0
              176.0444610665,-38.3565745835,0
              176.0441938840,-38.3567406167,0
              176.0438034332,-38.3568948327,0
              176.0436239662,-38.3569375667,0
              176.0433953999,-38.3569677169,0
              176.0428647669,-38.3570118828,0
              176.0426120502,-38.3570758331,0
              176.0424339331,-38.3571636331,0
              176.0422606669,-38.3572945665,0
              176.0421087170,-38.3574606998,0
              176.0419360333,-38.3577160501,0
              176.0418602997,-38.3577589329,0
              176.0417536170,-38.3579219497,0
              176.0416221998,-38.3579994833,0
              176.0415088334,-38.3580291495,0
              176.0414318667,-38.3580307667,0
              176.0409551005,-38.3579617170,0
              176.0406339494,-38.3579528993,0
              176.0403208008,-38.3579852993,0
              176.0400657663,-38.3580572669,0
              176.0400211835,-38.3580873333,0
              176.0399899498,-38.3581385496,0
              176.0399386334,-38.3586260165,0
              176.0399081165,-38.3586888994,0
              176.0398495672,-38.3587277168,0
              176.0397719333,-38.3587529162,0
              176.0395757165,-38.3587925497,0
              176.0394432502,-38.3587982166,0
              176.0392863166,-38.3587923329,0
              176.0392119999,-38.3587725330,0
              176.0388206996,-38.3585755498,0
              176.0382978000,-38.3582423165,0
              176.0381536503,-38.3581670002,0
              176.0380100166,-38.3581260331,0
              176.0378400997,-38.3581076665,0
              176.0376858175,-38.3581227326,0
              176.0376183335,-38.3581551497,0
              176.0375231835,-38.3582504328,0
              176.0374594002,-38.3584329002,0
              176.0373501500,-38.3586328165,0
              176.0372164005,-38.3587805827,0
              176.0370577505,-38.3588841995,0
              176.0365853338,-38.3590887334,0
              176.0363586169,-38.3592732163,0
              176.0361054004,-38.3595265499,0
              176.0359964839,-38.3597248834,0
              176.0359400166,-38.3598982672,0
              176.0359023671,-38.3603162996,0
              176.0358464663,-38.3605770996,0
              176.0357691164,-38.3607276163,0
              176.0356370829,-38.3608541335,0
              176.0355392173,-38.3609167002,0
              176.0353994336,-38.3609777168,0
              176.0348083661,-38.3611330995,0
              176.0341888326,-38.3613320501,0
              176.0338546832,-38.3615145828,0
              176.0336368338,-38.3615752831,0
              176.0334947332,-38.3616338835,0
              176.0333367331,-38.3617228661,0
              176.0330235998,-38.3619349330,0
              176.0324473673,-38.3622093496,0
              176.0323683837,-38.3622808334,0
              176.0322612667,-38.3624975494,0
              176.0319033167,-38.3630561333,0
              176.0318116331,-38.3631596162,0
              176.0315793831,-38.3633434667,0
              176.0311286999,-38.3635657832,0
              176.0306772001,-38.3636956167,0
              176.0301928831,-38.3638589169,0
              176.0299573001,-38.3639159834,0
              176.0297782169,-38.3639354332,0
              176.0295382004,-38.3639243166,0
              176.0293569338,-38.3638846331,0
              176.0287675499,-38.3636368002,0
              176.0285218834,-38.3635887665,0
              176.0283910000,-38.3635881500,0
              176.0282327841,-38.3636098996,0
              176.0277286668,-38.3637390332,0
              176.0274947998,-38.3637836660,0
              176.0270456166,-38.3638302327,0
              176.0264390833,-38.3637048827,0
              176.0261752162,-38.3637235831,0
              176.0259862660,-38.3637805667,0
              176.0253574502,-38.3640490835,0
              176.0250933175,-38.3641408837,0
              176.0248074495,-38.3643084831,0
              176.0242787001,-38.3645690001,0
              176.0240257501,-38.3647592328,0
              176.0239315504,-38.3648645829,0
              176.0237802500,-38.3650794832,0
              176.0236573001,-38.3653452161,0
              176.0236342004,-38.3654849162,0
              176.0236480506,-38.3656744001,0
              176.0237291504,-38.3661424332,0
              176.0238792330,-38.3664679835,0
              176.0239852501,-38.3666116832,0
              176.0240432831,-38.3666650164,0
              176.0241064162,-38.3666964161,0
              176.0241918339,-38.3666921161,0
              176.0243275334,-38.3666302496,0
              176.0244886336,-38.3664660502,0
              176.0246048165,-38.3663720334,0
              176.0246718671,-38.3663413332,0
              176.0247641338,-38.3663261997,0
              176.0248463502,-38.3663311833,0
              176.0250038666,-38.3663729835,0
              176.0250734169,-38.3664089334,0
              176.0251201666,-38.3664537327,0
              176.0251400334,-38.3665098997,0
              176.0251148335,-38.3667761161,0
              176.0251225325,-38.3669001500,0
              176.0251686174,-38.3670371168,0
              176.0252756995,-38.3672352669,0
              176.0252936000,-38.3673809501,0
              176.0252364506,-38.3674988162,0
              176.0251579342,-38.3675729167,0
              176.0248474667,-38.3676894502,0
              176.0247896664,-38.3677274661,0
              176.0247514671,-38.3677975494,0
              176.0247514668,-38.3678522330,0
              176.0247812665,-38.3679092995,0
              176.0248728338,-38.3679768995,0
              176.0252197830,-38.3680697164,0
              176.0252724502,-38.3680986666,0
              176.0253261337,-38.3681541494,0
              176.0253418831,-38.3682132661,0
              176.0252980326,-38.3682611999,0
              176.0252208834,-38.3682976832,0
              176.0248969840,-38.3683875499,0
              176.0248052498,-38.3684263502,0
              176.0247745006,-38.3685774494,0
              176.0247794334,-38.3686382501,0
              176.0248966325,-38.3687611502,0
              176.0250196671,-38.3688217831,0
              176.0251734002,-38.3688141496,0
              176.0255830171,-38.3687303000,0
              176.0256765839,-38.3687273498,0
              176.0258320831,-38.3687585834,0
              176.0262919503,-38.3689128668,0
              176.0263881675,-38.3689300331,0
              176.0267849339,-38.3688933000,0
              176.0269403331,-38.3689098502,0
              176.0270973831,-38.3689785329,0
              176.0271538498,-38.3690247163,0
              176.0272288506,-38.3691254828,0
              176.0272683340,-38.3692491500,0
              176.0273662840,-38.3698255829,0
              176.0274818834,-38.3701220160,0
              176.0274649663,-38.3702620669,0
              176.0275190340,-38.3704085662,0
              176.0275661833,-38.3706707164,0
              176.0276869001,-38.3716628162,0
              176.0276731841,-38.3718826329,0
              176.0274854006,-38.3723850831,0
              176.0274333005,-38.3726865830,0
              176.0274342003,-38.3728677832,0
              176.0274555169,-38.3729979166,0
              176.0275902665,-38.3734439666,0
              176.0277565168,-38.3738171999,0
              176.0280707674,-38.3744275330,0
              176.0283469667,-38.3753120494,0
              176.0284467665,-38.3755516331,0
              176.0285166673,-38.3756659166,0
              176.0286126162,-38.3757709161,0
              176.0289398336,-38.3760433169,0
              176.0295678167,-38.3764528666,0
              176.0300355676,-38.3768700330,0
              176.0301611174,-38.3770029163,0
              176.0302549340,-38.3771321833,0
              176.0302892668,-38.3772234667,0
              176.0301354501,-38.3775790328,0
              176.0301185842,-38.3777150498,0
              176.0301374164,-38.3778411331,0
              176.0301768840,-38.3779153163,0
              176.0304516508,-38.3782662332,0
              176.0308801501,-38.3790718500,0
              176.0311240176,-38.3794137165,0
              176.0312026340,-38.3795696997,0
              176.0312530831,-38.3797544995,0
              176.0313121498,-38.3802641165,0
              176.0312924166,-38.3803920832,0
              176.0312468331,-38.3805136826,0
              176.0311703832,-38.3806445506,0
              176.0309747164,-38.3808971161,0
              176.0307534503,-38.3811127168,0
              176.0306668499,-38.3812606000,0
              176.0305261333,-38.3814142828,0
              176.0303238332,-38.3815733328,0
              176.0301353000,-38.3816926002,0
              176.0292430667,-38.3821707333,0
              176.0290501004,-38.3822320003,0
              176.0286670668,-38.3822281826,0
              176.0284266174,-38.3822534830,0
              176.0282614834,-38.3823058998,0
              176.0281295168,-38.3823790167,0
              176.0277121501,-38.3827233664,0
              176.0269494675,-38.3832380828,0
              176.0266589339,-38.3834687497,0
              176.0264817840,-38.3836774995,0
              176.0260779008,-38.3843258501,0
              176.0260031836,-38.3845064830,0
              176.0259516341,-38.3847734833,0
              176.0259753671,-38.3849291167,0
              176.0260438666,-38.3850419835,0
              176.0261138501,-38.3850798500,0
              176.0261915837,-38.3850995668,0
              176.0267466493,-38.3851706499,0
              176.0269804668,-38.3852153994,0
              176.0271847340,-38.3852693504,0
              176.0275255337,-38.3853869496,0
              176.0277443500,-38.3855298833,0
              176.0278295002,-38.3856451826,0
              176.0278678663,-38.3857564668,0
              176.0278658160,-38.3858267328,0
              176.0282399835,-38.3859074161,0
              176.0285401339,-38.3859937329,0
              176.0291485499,-38.3862181829,0
              176.0296412508,-38.3864442995,0
              176.0298619666,-38.3865108668,0
              176.0300602507,-38.3865397664,0
              176.0303776332,-38.3865460662,0
              176.0311991332,-38.3865047327,0
              176.0320672827,-38.3864207327,0
              176.0324665166,-38.3863968832,0
              176.0326246509,-38.3864040494,0
              176.0332750500,-38.3863843496,0
              176.0335143333,-38.3863990494,0
              176.0336747834,-38.3863844002,0
              176.0337526505,-38.3864020831,0
              176.0343944835,-38.3863839666,0
              176.0345504172,-38.3863989164,0
              176.0346328668,-38.3863878167,0
              176.0350259169,-38.3863906666,0
              176.0354994838,-38.3863510500,0
              176.0360607999,-38.3862642163,0
              176.0368287667,-38.3860910994,0
              176.0375393332,-38.3858822827,0
              176.0378447493,-38.3858603174,0
              176.0382503340,-38.3857917500,0
              176.0387071175,-38.3857626996,0
              176.0390461834,-38.3857232331,0
              176.0392103498,-38.3856764506,0
              176.0395296504,-38.3856183164,0
              176.0399717165,-38.3855678160,0
              176.0405104166,-38.3854352327,0
              176.0407699997,-38.3853933829,0
              176.0409094497,-38.3853940499,0
              176.0414690340,-38.3853492334,0
              176.0422116169,-38.3852266166,0
              176.0424361498,-38.3852100494,0
              176.0426991338,-38.3852103664,0
              176.0431574001,-38.3853213668,0
              176.0439699667,-38.3857197666,0
              176.0445775833,-38.3859475330,0
              176.0452570670,-38.3861517996,0
              176.0455450669,-38.3862524664,0
              176.0459752004,-38.3864211831,0
              176.0468824999,-38.3868336999,0
              176.0475617665,-38.3871615327,0
              176.0487879501,-38.3877005999,0
              176.0490009840,-38.3877813826,0
              176.0513102673,-38.3888495166,0
              176.0523626001,-38.3893143167,0
              176.0529278834,-38.3895387833,0
              176.0531666341,-38.3896704663,0
              176.0534092329,-38.3898838994,0
              176.0535856001,-38.3900956334,0
              176.0538104999,-38.3904599327,0
              176.0539231996,-38.3906185333,0
              176.0540172008,-38.3907173660,0
              176.0541311675,-38.3907881166,0
              176.0545143837,-38.3909531666,0
              176.0549320660,-38.3911757662,0
              176.0550387495,-38.3912505997,0
              176.0552659996,-38.3914952662,0
              176.0554323831,-38.3916290333,0
              176.0556329674,-38.3917158997,0
              176.0557806175,-38.3917581164,0
              176.0561195830,-38.3918464669,0
              176.0564425670,-38.3918958166,0
              176.0565735334,-38.3919315666,0
              176.0568489672,-38.3920391331,0
              176.0573838836,-38.3922813329,0
              176.0576806002,-38.3924387500,0
              176.0578864498,-38.3925782499,0
              176.0585765496,-38.3931381162,0
              176.0587055169,-38.3932250332,0
              176.0590282006,-38.3933897165,0
              176.0591010501,-38.3934813160,0
              176.0591793665,-38.3935273828,0
              176.0593138835,-38.3936580998,0
              176.0595572500,-38.3939526167,0
              176.0597199493,-38.3941091997,0
              176.0597748674,-38.3941281998,0
              176.0599857674,-38.3944030498,0
              176.0600391503,-38.3947207996,0
              176.0600502497,-38.3952728996,0
              176.0601019331,-38.3954475833,0
              176.0601913668,-38.3956100161,0
              176.0602513336,-38.3956772335,0
              176.0603582340,-38.3957449496,0
              176.0611781501,-38.3960793668,0
              176.0614233501,-38.3962184334,0
              176.0614760675,-38.3963469994,0
              176.0615427505,-38.3966790499,0
              176.0615923160,-38.3967867164,0
              176.0616323004,-38.3968255166,0
              176.0616869836,-38.3968456166,0
              176.0618496172,-38.3968668996,0
              176.0619791495,-38.3968414499,0
              176.0621193666,-38.3967689667,0
              176.0621591336,-38.3967161161,0
              176.0621709008,-38.3965956663,0
              176.0622136497,-38.3964855168,0
              176.0622927166,-38.3963845160,0
              176.0624704661,-38.3962399999,0
              176.0626980833,-38.3961609501,0
              176.0630119508,-38.3961227167,0
              176.0630978174,-38.3961401994,0
              176.0632620167,-38.3962045996,0
              176.0634742337,-38.3963173497,0
              176.0637007162,-38.3965105497,0
              176.0638048492,-38.3966475834,0
              176.0639849836,-38.3970123661,0
              176.0642194662,-38.3972188166,0
              176.0645086334,-38.3973636001,0
              176.0648557167,-38.3975676494,0
              176.0649952834,-38.3976199994,0
              176.0650475166,-38.3976706999,0
              176.0652582506,-38.3977913163,0
              176.0655473999,-38.3980192329,0
              176.0656487331,-38.3981165161,0
              176.0661229341,-38.3987359830,0
              176.0664660666,-38.3990804499,0
              176.0668821502,-38.3996046501,0
              176.0669582671,-38.3996337838,0
              176.0671098331,-38.3998167501,0
              176.0675081331,-38.4001537831,0
              176.0676505674,-38.4003054499,0
              176.0678871175,-38.4006025829,0
              176.0682120837,-38.4009574665,0
              176.0684021334,-38.4012858502,0
              176.0684967660,-38.4015944330,0
              176.0685640672,-38.4020257000,0
              176.0685690001,-38.4026204335,0
              176.0686421495,-38.4031092832,0
              176.0686405166,-38.4034256661,0
              176.0685455834,-38.4043082331,0
              176.0685729007,-38.4046848827,0
              176.0686328170,-38.4050383998,0
              176.0687042825,-38.4052872163,0
              176.0688145841,-38.4054809329,0
              176.0688631168,-38.4055101665,0
              176.0688929330,-38.4055526495,0
              176.0689189335,-38.4056254669,0
              176.0690616336,-38.4057537501,0
              176.0690989507,-38.4058154164,0
              176.0692782668,-38.4059420162,0
              176.0694278498,-38.4059947494,0
              176.0694832333,-38.4060444002,0
              176.0696823163,-38.4061533500,0
              176.0699037673,-38.4062302994,0
              176.0699466502,-38.4062870500,0
              176.0704059841,-38.4064208330,0
              176.0713920665,-38.4068955328,0
              176.0716239500,-38.4069371338,0
              176.0720736841,-38.4070883832,0
              176.0723542674,-38.4072128501,0
              176.0726171328,-38.4073617001,0
              176.0729496828,-38.4074906498,0
              176.0732161167,-38.4076123993,0
              176.0734037999,-38.4077175669,0
              176.0739285335,-38.4079134663,0
              176.0743609335,-38.4079937162,0
              176.0747569168,-38.4080304664,0
              176.0749254163,-38.4080139827,0
              176.0751046006,-38.4080262994,0
              176.0754446662,-38.4079794166,0
              176.0757703664,-38.4079645165,0
              176.0761595669,-38.4079046830,0
              176.0762244338,-38.4079177505,0
              176.0765316500,-38.4078500999,0
              176.0767891167,-38.4078121332,0
              176.0770103498,-38.4077966826,0
              176.0772367674,-38.4078127162,0
              176.0776239829,-38.4078880161,0
              176.0777117332,-38.4078825168,0
              176.0779220335,-38.4079146830,0
              176.0790521836,-38.4079089661,0
              176.0792093005,-38.4078903495,0
              176.0794623997,-38.4079242668,0
              176.0795638840,-38.4079160499,0
              176.0797839828,-38.4079813669,0
              176.0799870837,-38.4080698664,0
              176.0805723673,-38.4082739161,0
              176.0806289000,-38.4083089497,0
              176.0808878494,-38.4083916502,0
              176.0809815837,-38.4083882001,0
              176.0810571003,-38.4084097832,0
              176.0816001834,-38.4084726997,0
              176.0821880659,-38.4084512328,0
              176.0822523341,-38.4084794835,0
              176.0827333834,-38.4085930001,0
              176.0828799661,-38.4085905500,0
              176.0831045326,-38.4085570501,0
              176.0831819335,-38.4085327330,0
              176.0833831841,-38.4084441494,0
              176.0835036499,-38.4083727166,0
              176.0836539660,-38.4082445330,0
              176.0836805163,-38.4081889835,0
              176.0837800333,-38.4080962168,0
              176.0838328160,-38.4080159830,0
              176.0839804670,-38.4078829663,0
              176.0841859662,-38.4076450669,0
              176.0844377326,-38.4074474838,0
              176.0846227999,-38.4072595665,0
              176.0847989003,-38.4071458162,0
              176.0850635163,-38.4070276001,0
              176.0852979669,-38.4069761504,0
              176.0858309501,-38.4070169173,0
              176.0863959835,-38.4069890666,0
              176.0867136671,-38.4069296831,0
              176.0872036673,-38.4067455497,0
              176.0873781005,-38.4067071497,0
              176.0877016837,-38.4066713834,0
              176.0879448168,-38.4066793165,0
              176.0882752836,-38.4067388500,0
              176.0884267670,-38.4067857165,0
              176.0887714004,-38.4069575664,0
              176.0890469672,-38.4071565164,0
              176.0892291006,-38.4073620002,0
              176.0895767507,-38.4078724999,0
              176.0903980659,-38.4086780328,0
              176.0907728002,-38.4090940834,0
              176.0912904166,-38.4095482834,0
              176.0917549166,-38.4099832000,0
              176.0920616006,-38.4102402333,0
              176.0923601674,-38.4104572997,0
              176.0926850842,-38.4106411666,0
              176.0930132665,-38.4107659827,0
              176.0933191002,-38.4108385831,0
              176.0942163331,-38.4110117664,0
              176.0945853009,-38.4111318334,0
              176.0953412339,-38.4115054168,0
              176.0956028832,-38.4116507162,0
              176.0957468502,-38.4117539001,0
              176.0960674663,-38.4120375332,0
              176.0962601502,-38.4121590161,0
              176.0965428498,-38.4122814832,0
              176.0967946998,-38.4123514002,0
              176.0974521341,-38.4124338661,0
              176.0979107832,-38.4125630169,0
              176.0981423662,-38.4126005834,0
              176.0984733831,-38.4125829665,0
              176.0990003671,-38.4124741329,0
              176.0991550506,-38.4124541330,0
              176.0992425004,-38.4124570328,0
              176.0994745842,-38.4124967168,0
              176.1001424165,-38.4126672999,0
              176.1005332008,-38.4127323328,0
              176.1025196665,-38.4128018332,0
              176.1030775165,-38.4128600161,0
              176.1036310331,-38.4129357666,0
              176.1041059506,-38.4130250660,0
              176.1048570341,-38.4132764168,0
              176.1052334840,-38.4133748165,0
              176.1055873504,-38.4134116828,0
              176.1059099338,-38.4134026335,0
              176.1061509174,-38.4133728664,0
              176.1064642663,-38.4133049501,0
              176.1067802837,-38.4132096499,0
              176.1071339666,-38.4130595327,0
              176.1076806997,-38.4127462998,0
              176.1084278339,-38.4122269667,0
              176.1088615673,-38.4119463505,0
              176.1093849328,-38.4116544172,0
              176.1098040337,-38.4114678001,0
              176.1099493827,-38.4114162169,0
              176.1103630835,-38.4113260497,0
              176.1109875506,-38.4112124161,0
              176.1113540660,-38.4111837662,0
              176.1118334992,-38.4111901493,0
              176.1127181501,-38.4112542000,0
              176.1130378007,-38.4113107998,0
              176.1133469668,-38.4113930997,0
              176.1136363501,-38.4115045164,0
              176.1138580501,-38.4116235496,0
              176.1143447332,-38.4120431494,0
              176.1144665666,-38.4121270495,0
              176.1147338338,-38.4122627999,0
              176.1150220676,-38.4123762996,0
              176.1159545174,-38.4126919169,0
              176.1165824000,-38.4128622162,0
              176.1170488508,-38.4129525665,0
              176.1177015001,-38.4130514494,0
              176.1181997998,-38.4130904333,0
              176.1184312501,-38.4131321333,0
              176.1186522667,-38.4132205333,0
              176.1188227170,-38.4133466662,0
              176.1190134832,-38.4135571170,0
              176.1192157841,-38.4138419996,0
              176.1195908504,-38.4145431667,0
              176.1197448503,-38.4147822666,0
              176.1200511169,-38.4150685171,0
              176.1208179508,-38.4156595835,0
              176.1212194672,-38.4160527337,0
              176.1217428338,-38.4166343329,0
              176.1224560326,-38.4175497999,0
              176.1227479666,-38.4178869333,0
              176.1237890502,-38.4188051165,0
              176.1242746164,-38.4193894338,0
              176.1245387825,-38.4196513163,0
              176.1247814164,-38.4198120827,0
              176.1257654164,-38.4203675163,0
              176.1259519832,-38.4204931827,0
              176.1261079660,-38.4206329827,0
              176.1261927834,-38.4207550662,0
              176.1262371499,-38.4208721828,0
              176.1263172174,-38.4213179493,0
              176.1263503832,-38.4214225828,0
              176.1266086173,-38.4219680833,0
              176.1268080665,-38.4225208496,0
              176.1269683659,-38.4228117169,0
              176.1272157008,-38.4230529493,0
              176.1278104499,-38.4235191998,0
              176.1285636334,-38.4243680499,0
              176.1292900501,-38.4250435163,0
              176.1295360666,-38.4252915662,0
              176.1298110164,-38.4256016828,0
              176.1300194008,-38.4258734669,0
              176.1302234674,-38.4262293160,0
              176.1302776838,-38.4264128668,0
              176.1303795005,-38.4269146996,0
              176.1304496005,-38.4271166169,0
              176.1305918500,-38.4273407493,0
              176.1311862840,-38.4280961829,0
              176.1313398009,-38.4283168995,0
              176.1315454001,-38.4286901494,0
              176.1316579675,-38.4289938000,0
              176.1317001997,-38.4292118666,0
              176.1317195502,-38.4297355168,0
              176.1320135339,-38.4305569166,0
              176.1320755834,-38.4308712327,0
              176.1320663835,-38.4310462500,0
              176.1318664828,-38.4315052340,0
              176.1318149831,-38.4316909668,0
              176.1317878833,-38.4318793668,0
              176.1317805008,-38.4320899163,0
              176.1317989174,-38.4322822167,0
              176.1318568169,-38.4324647166,0
              176.1319478837,-38.4326139664,0
              176.1320913498,-38.4327638999,0
              176.1322652003,-38.4329014831,0
              176.1331798507,-38.4335160330,0
              176.1342272000,-38.4345145997,0
              176.1344780342,-38.4347936502,0
              176.1346337503,-38.4350142831,0
              176.1347245001,-38.4352002666,0
              176.1348873337,-38.4356666833,0
              176.1349571167,-38.4357808163,0
              176.1350091834,-38.4358227000,0
              176.1351403176,-38.4358885000,0
              176.1354759170,-38.4360065000,0
              176.1360109002,-38.4363659669,0
              176.1370097335,-38.4369376161,0
              176.1375038341,-38.4372594663,0
              176.1383252002,-38.4378331502,0
              176.1386555501,-38.4381155496,0
              176.1388941340,-38.4383727668,0
              176.1390877666,-38.4386514999,0
              176.1392493008,-38.4389967160,0
              176.1393444835,-38.4393688332,0
              176.1394092835,-38.4400386501,0
              176.1393876001,-38.4403606493,0
              176.1393389834,-38.4405442663,0
              176.1392882674,-38.4406605000,0
              176.1391300326,-38.4408900328,0
              176.1388664829,-38.4411317004,0
              176.1384218175,-38.4414213662,0
              176.1380175339,-38.4416442326,0
              176.1376829509,-38.4417934330,0
              176.1376305173,-38.4418375669,0
              176.1376036170,-38.4418865660,0
              176.1376066503,-38.4419356827,0
              176.1377306670,-38.4422846001,0
              176.1377787669,-38.4423710335,0
              176.1379515341,-38.4424884165,0
              176.1384378834,-38.4426995161,0
              176.1385993504,-38.4428383995,0
              176.1387366006,-38.4429954665,0
              176.1389789002,-38.4433937331,0
              176.1392590506,-38.4441308999,0
              176.1393748164,-38.4443637495,0
              176.1395100667,-38.4445178826,0
              176.1399552336,-38.4448966506,0
              176.1401669496,-38.4451647998,0
              176.1403383995,-38.4454520660,0
              176.1405516997,-38.4459579668,0
              176.1407564500,-38.4467562999,0
              176.1411935500,-38.4480618495,0
              176.1419202997,-38.4500181831,0
              176.1422582667,-38.4507966997,0
              176.1423711342,-38.4511843001,0
              176.1424324667,-38.4515616830,0
              176.1424448331,-38.4519421002,0
              176.1424028166,-38.4523472002,0
              176.1423326834,-38.4526558161,0
              176.1418352663,-38.4541026665,0
              176.1417151170,-38.4543193497,0
              176.1413309162,-38.4548037001,0
              176.1412451002,-38.4549970999,0
              176.1412050003,-38.4551845169,0
              176.1412059165,-38.4555067832,0
              176.1412819336,-38.4558268501,0
              176.1413579501,-38.4560086326,0
              176.1416124835,-38.4563457668,0
              176.1416861829,-38.4565196661,0
              176.1416466493,-38.4566958327,0
              176.1414717337,-38.4570324166,0
              176.1413783165,-38.4574692330,0
              176.1413652832,-38.4577226828,0
              176.1413821334,-38.4580555998,0
              176.1414595834,-38.4584966499,0
              176.1415220331,-38.4586803829,0
              176.1416231501,-38.4588953503,0
              176.1420213332,-38.4594429331,0
              176.1422001336,-38.4597625165,0
              176.1422614674,-38.4599443329,0
              176.1422811175,-38.4600816329,0
              176.1422415168,-38.4607793832,0
              176.1424420996,-38.4611881506,0
              176.1425856005,-38.4614140494,0
              176.1427795339,-38.4616630499,0
              176.1437182671,-38.4621060993,0
              176.1444182332,-38.4625063502,0
              176.1453420168,-38.4628886666,0
              176.1458625672,-38.4631390666,0
              176.1460629503,-38.4632542994,0
              176.1462429839,-38.4633806501,0
              176.1464537495,-38.4635922833,0
              176.1465421500,-38.4637557838,0
              176.1466078668,-38.4639964830,0
              176.1466520495,-38.4647059327,0
              176.1467676161,-38.4654582499,0
              176.1468123663,-38.4656340995,0
              176.1469641504,-38.4659972997,0
              176.1470053342,-38.4661544162,0
              176.1470049494,-38.4663396001,0
              176.1469529341,-38.4665880828,0
              176.1467882173,-38.4670611660,0
              176.1466425507,-38.4674191332,0
              176.1464120670,-38.4678888328,0
              176.1458346500,-38.4692518832,0
              176.1454088994,-38.4699553503,0
              176.1452234670,-38.4703682166,0
              176.1451722326,-38.4706936664,0
              176.1451756333,-38.4709983333,0
              176.1452233831,-38.4713077165,0
              176.1454337505,-38.4721466828,0
              176.1454200832,-38.4722170327,0
              176.1454686173,-38.4722704332,0
              176.1455311333,-38.4725211332,0
              176.1455202496,-38.4725916668,0
              176.1455349000,-38.4726542501,0
              176.1456053169,-38.4728999666,0
              176.1456389838,-38.4729550332,0
              176.1456222168,-38.4730245169,0
              176.1456710503,-38.4731368997,0
              176.1456691665,-38.4733243996,0
              176.1456661666,-38.4733857996,0
              176.1456362666,-38.4734561326,0
              176.1456560835,-38.4734997165,0
              176.1454158499,-38.4740403669,0
              176.1452720662,-38.4744507498,0
              176.1452727334,-38.4745959501,0
              176.1451101665,-38.4753085831,0
              176.1450855508,-38.4757861338,0
              176.1450979500,-38.4760547666,0
              176.1452055007,-38.4766996998,0
              176.1452622498,-38.4769181663,0
              176.1454076339,-38.4777087663,0
              176.1454606835,-38.4781840835,0
              176.1456058171,-38.4786323333,0
              176.1457752500,-38.4789331666,0
              176.1460028669,-38.4791467500,0
              176.1462499829,-38.4794453662,0
              176.1465498839,-38.4798769660,0
              176.1468464174,-38.4802353164,0
              176.1469571171,-38.4806111834,0
              176.1470166828,-38.4808906996,0
              176.1470350009,-38.4816237828,0
              176.1471809839,-38.4824265826,0
              176.1471578008,-38.4825984162,0
              176.1470038503,-38.4829696164,0
              176.1470074504,-38.4831985165,0
              176.1470741998,-38.4833721829,0
              176.1471396167,-38.4834826332,0
              176.1473785668,-38.4837823661,0
              176.1477708340,-38.4844042502,0
              176.1478889335,-38.4847056994,0
              176.1479439170,-38.4850100166,0
              176.1479886501,-38.4853866001,0
              176.1479978502,-38.4858162667,0
              176.1479699507,-38.4863681835,0
              176.1479918839,-38.4866079831,0
              176.1479398834,-38.4867883830,0
              176.1479070829,-38.4870463001,0
              176.1479092506,-38.4872337663,0
              176.1479477997,-38.4873482497,0
              176.1480603667,-38.4874769004,0
              176.1483427995,-38.4877346168,0
              176.1484050166,-38.4877749826,0
              176.1484735668,-38.4877551660,0
              176.1485528170,-38.4877733995,0
              176.1487874334,-38.4878933997,0
              176.1490441500,-38.4879797999,0
              176.1492343835,-38.4880640997,0
              176.1495824165,-38.4882501334,0
              176.1504913498,-38.4886496327,0
              176.1509345340,-38.4888938827,0
              176.1511050503,-38.4890040662,0
              176.1514660831,-38.4891763495,0
              176.1521608500,-38.4893768501,0
              176.1525529666,-38.4895239501,0
              176.1528465832,-38.4897241328,0
              176.1531656670,-38.4899958666,0
              176.1538463002,-38.4903146833,0
              176.1539394501,-38.4903788494,0
              176.1540827337,-38.4905294662,0
              176.1541509836,-38.4906359999,0
              176.1542589336,-38.4909315667,0
              176.1543204003,-38.4912717831,0
              176.1543569166,-38.4922117327,0
              176.1544181166,-38.4926202501,0
              176.1544709001,-38.4928405666,0
              176.1545237006,-38.4929677661,0
              176.1545950832,-38.4930666834,0
              176.1546762668,-38.4931218993,0
              176.1547958665,-38.4931349829,0
              176.1550152004,-38.4930860500,0
              176.1559466502,-38.4926717000,0
              176.1561803502,-38.4925909665,0
              176.1566699832,-38.4923787334,0
              176.1567380835,-38.4923888827,0
              176.1572198673,-38.4921534329,0
              176.1578966676,-38.4917396501,0
              176.1580754172,-38.4916595166,0
              176.1584921834,-38.4915129833,0
              176.1590067339,-38.4914069160,0
              176.1594567006,-38.4913825166,0
              176.1601224499,-38.4913922161,0
              176.1607629336,-38.4916305497,0
              176.1608409165,-38.4916867163,0
              176.1609332338,-38.4917258162,0
              176.1609618835,-38.4917822829,0
              176.1612311002,-38.4919527661,0
              176.1618954329,-38.4922871501,0
              176.1620151174,-38.4923980999,0
              176.1622365007,-38.4924957335,0
              176.1623890507,-38.4925030999,0
              176.1627369506,-38.4926875826,0
              176.1629943166,-38.4928845504,0
              176.1635029840,-38.4931795166,0
              176.1638733008,-38.4934215331,0
              176.1640519163,-38.4935540998,0
              176.1645176508,-38.4939939999,0
              176.1648555499,-38.4942022160,0
              176.1650014160,-38.4942626661,0
              176.1651542329,-38.4943018162,0
              176.1655183835,-38.4943204668,0
              176.1656709666,-38.4943478334,0
              176.1659639166,-38.4944474163,0
              176.1662433163,-38.4945888831,0
              176.1672779838,-38.4952033993,0
              176.1683307335,-38.4956582669,0
              176.1690627335,-38.4958341495,0
              176.1693177168,-38.4959810494,0
              176.1697577173,-38.4963062834,0
              176.1706139501,-38.4966795994,0
              176.1708539509,-38.4968402666,0
              176.1709658667,-38.4969531327,0
              176.1722903159,-38.4980600497,0
              176.1724227833,-38.4983643000,0
              176.1724663335,-38.4985819829,0
              176.1724333827,-38.4987678167,0
              176.1722826500,-38.4991598166,0
              176.1719201836,-38.4997704167,0
              176.1712179832,-38.5008340330,0
              176.1706081832,-38.5015773497,0
              176.1704716333,-38.5017829993,0
              176.1703092170,-38.5020908667,0
              176.1702515996,-38.5021643333,0
              176.1702559339,-38.5022599995,0
              176.1702082673,-38.5024812332,0
              176.1701927839,-38.5028844162,0
              176.1701650672,-38.5030425166,0
              176.1702774832,-38.5034089169,0
              176.1702874161,-38.5039882001,0
              176.1703415172,-38.5041495168,0
              176.1706419997,-38.5044578998,0
              176.1708230007,-38.5046868500,0
              176.1708567007,-38.5047577663,0
              176.1708713676,-38.5048917335,0
              176.1709338166,-38.5051148334,0
              176.1709403172,-38.5052583326,0
              176.1709886666,-38.5055181164,0
              176.1709715340,-38.5056394328,0
              176.1709011166,-38.5057383997,0
              176.1708841341,-38.5057979166,0
              176.1709412167,-38.5060767663,0
              176.1710825661,-38.5063799167,0
              176.1712636000,-38.5066650669,0
              176.1712846994,-38.5068053334,0
              176.1713317834,-38.5069220326,0
              176.1715444665,-38.5071572831,0
              176.1716096841,-38.5072512500,0
              176.1716129338,-38.5073230168,0
              176.1716458998,-38.5073795167,0
              176.1718022341,-38.5075839834,0
              176.1719059000,-38.5077566329,0
              176.1719766001,-38.5080831496,0
              176.1721530833,-38.5084813673,0
              176.1721563329,-38.5085531169,0
              176.1722570165,-38.5087385000,0
              176.1724193668,-38.5089768161,0
              176.1724226174,-38.5090485827,0
              176.1724462333,-38.5091056494,0
              176.1725437331,-38.5092053828,0
              176.1726780660,-38.5093048667,0
              176.1726813167,-38.5093766000,0
              176.1727136175,-38.5094316167,0
              176.1728530002,-38.5095696165,0
              176.1731356839,-38.5099865495,0
              176.1733077163,-38.5102038333,0
              176.1735857001,-38.5105008164,0
              176.1738208001,-38.5106906327,0
              176.1739202500,-38.5107901326,0
              176.1739694336,-38.5108971998,0
              176.1739886164,-38.5110287330,0
              176.1740582341,-38.5111384169,0
              176.1742927335,-38.5113275332,0
              176.1747745833,-38.5116172501,0
              176.1749227999,-38.5117565832,0
              176.1749908509,-38.5117931498,0
              176.1753296664,-38.5118802161,0
              176.1753885668,-38.5119128497,0
              176.1754196341,-38.5119582000,0
              176.1754361334,-38.5120906166,0
              176.1754921668,-38.5122052493,0
              176.1758783675,-38.5126637994,0
              176.1759480334,-38.5129723494,0
              176.1759794001,-38.5135470498,0
              176.1760750338,-38.5137886328,0
              176.1761178002,-38.5140256330,0
              176.1763239833,-38.5144234831,0
              176.1765063503,-38.5147044665,0
              176.1765881506,-38.5148710996,0
              176.1767271167,-38.5150299660,0
              176.1767753496,-38.5152122168,0
              176.1769805998,-38.5154588168,0
              176.1771109338,-38.5157714832,0
              176.1771538839,-38.5159576835,0
              176.1771721064,-38.5162107335,0
              176.1772712625,-38.5168434305,0
              176.1774350128,-38.5173908589,0
              176.1775013744,-38.5177473656,0
              176.1776920676,-38.5179543444,0
              176.1777723425,-38.5180857966,0
              176.1778648476,-38.5181815058,0
              176.1779958014,-38.5182545075,0
              176.1782723259,-38.5183602378,0
              176.1787461748,-38.5186013628,0
              176.1790609904,-38.5187290722,0
              176.1798219572,-38.5189445449,0
              176.1799154522,-38.5189899726,0
              176.1818740276,-38.5193772190,0
              176.1827200237,-38.5192969985,0
              176.1836930580,-38.5190702974,0
              176.1838656442,-38.5188558413,0
              176.1843813519,-38.5184413555,0
              176.1850233090,-38.5181378450,0
              176.1859980001,-38.5179492175,0
              176.1868794974,-38.5178489310,0
              176.1875369923,-38.5178977586,0
              176.1882462646,-38.5177449476,0
              176.1890946798,-38.5174453222,0
              176.1902494834,-38.5172136118,0
              176.1913982610,-38.5171203038,0
              176.1922390412,-38.5171974757,0
              176.1929419487,-38.5174500258,0
              176.1934725190,-38.5179218015,0
              176.1950552736,-38.5187223841,0
              176.1961952089,-38.5189772787,0
              176.1970757019,-38.5195395880,0
              176.1982261141,-38.5208525014,0
              176.1994461363,-38.5220919904,0
              176.2010319496,-38.5237791105,0
              176.2018047049,-38.5243729337,0
              176.2028927350,-38.5246863882,0
              176.2037090888,-38.5246211282,0
              176.2048738878,-38.5242030761,0
              176.2062780104,-38.5234352138,0
              176.2073653789,-38.5225043999,0
              176.2093543996,-38.5205620273,0
              176.2099085247,-38.5203322991,0
              176.2108625503,-38.5200799998,0
              176.2131992483,-38.5198272080,0
              176.2164844634,-38.5196082094,0
              176.2194656584,-38.5195118988,0
              176.2220178211,-38.5191842020,0
              176.2232159011,-38.5191082920,0
              176.2237144598,-38.5192661729,0
              176.2242902127,-38.5195220361,0
              176.2250036675,-38.5202737996,0
              176.2252410003,-38.5206350831,0
              176.2254482998,-38.5208861166,0
              176.2260173833,-38.5213663332,0
              176.2265829676,-38.5219130000,0
              176.2269870173,-38.5221408497,0
              176.2272983335,-38.5222572168,0
              176.2275789000,-38.5223402329,0
              176.2279897168,-38.5224079499,0
              176.2284229508,-38.5223378994,0
              176.2287388006,-38.5222485165,0
              176.2291854500,-38.5221552167,0
              176.2293570661,-38.5220929827,0
              176.2297797341,-38.5218061829,0
              176.2301924005,-38.5213140665,0
              176.2304921334,-38.5208938665,0
              176.2305402674,-38.5206868163,0
              176.2306308832,-38.5204556328,0
              176.2306264508,-38.5203643667,0
              176.2306504999,-38.5202608330,0
              176.2306388497,-38.5200212831,0
              176.2306875331,-38.5198256328,0
              176.2308805170,-38.5193058005,0
              176.2311383000,-38.5189211164,0
              176.2315173505,-38.5186356334,0
              176.2319785842,-38.5182448667,0
              176.2325169170,-38.5179432006,0
              176.2329266830,-38.5176910494,0
              176.2336237668,-38.5173617831,0
              176.2342398002,-38.5171187000,0
              176.2348077166,-38.5168730668,0
              176.2355699325,-38.5164868827,0
              176.2358801338,-38.5162873995,0
              176.2363866000,-38.5158345334,0
              176.2366921837,-38.5156292498,0
              176.2369574165,-38.5155244496,0
              176.2375511500,-38.5153778494,0
              176.2377697335,-38.5153037001,0
              176.2380952660,-38.5150807998,0
              176.2383025670,-38.5149610500,0
              176.2400530337,-38.5140953828,0
              176.2404380999,-38.5138705327,0
              176.2406511502,-38.5137083329,0
              176.2409104167,-38.5134661493,0
              176.2412019996,-38.5131427163,0
              176.2417111001,-38.5125046167,0
              176.2420696339,-38.5122171834,0
              176.2422517335,-38.5120139330,0
              176.2423215334,-38.5118781667,0
              176.2423723338,-38.5116920828,0
              176.2423844342,-38.5115676172,0
              176.2423713840,-38.5112510162,0
              176.2424118835,-38.5110673664,0
              176.2425726000,-38.5107759503,0
              176.2427465339,-38.5105461999,0
              176.2429365998,-38.5103417494,0
              176.2433095997,-38.5100425494,0
              176.2438784007,-38.5096965830,0
              176.2442810499,-38.5094887328,0
              176.2449555506,-38.5092055828,0
              176.2453104998,-38.5090359001,0
              176.2456431004,-38.5088592330,0
              176.2461970326,-38.5085211832,0
              176.2463786169,-38.5084503331,0
              176.2467542672,-38.5083374165,0
              176.2471608332,-38.5081408666,0
              176.2473874833,-38.5080560165,0
              176.2476973174,-38.5079874502,0
              176.2481883327,-38.5079383332,0
              176.2485106840,-38.5079409834,0
              176.2489596175,-38.5079709329,0
              176.2492761166,-38.5080185327,0
              176.2495985335,-38.5080919496,0
              176.2499139496,-38.5081908335,0
              176.2504691000,-38.5084446328,0
              176.2509949506,-38.5086276334,0
              176.2517920508,-38.5086453331,0
              176.2523469835,-38.5086141495,0
              176.2527430503,-38.5085632495,0
              176.2533734000,-38.5084578503,0
              176.2541853502,-38.5083619672,0
              176.2544955009,-38.5083009829,0
              176.2547180176,-38.5082381999,0
              176.2549791006,-38.5081367172,0
              176.2551821165,-38.5080358831,0
              176.2554386666,-38.5078809167,0
              176.2556795331,-38.5077082668,0
              176.2560683509,-38.5073834495,0
              176.2565217498,-38.5069397330,0
              176.2571692499,-38.5063500165,0
              176.2575463832,-38.5059558330,0
              176.2579421668,-38.5054801504,0
              176.2581050837,-38.5052624998,0
              176.2584484498,-38.5046530664,0
              176.2585679331,-38.5044918661,0
              176.2587114832,-38.5043475833,0
              176.2589337501,-38.5041914834,0
              176.2592050335,-38.5040522163,0
              176.2598025836,-38.5038120501,0
              176.2601857673,-38.5037085827,0
              176.2605008168,-38.5036864662,0
              176.2608162672,-38.5037237499,0
              176.2614817339,-38.5039007669,0
              176.2619201675,-38.5040648999,0
              176.2621832669,-38.5042070328,0
              176.2623032334,-38.5043019665,0
              176.2627848337,-38.5048146326,0
              176.2629989000,-38.5049994662,0
              176.2633155001,-38.5051550326,0
              176.2639024827,-38.5053717995,0
              176.2642511998,-38.5053612999,0
              176.2645971175,-38.5052937326,0
              176.2647201665,-38.5052209995,0
              176.2648650670,-38.5050665331,0
              176.2650411670,-38.5048001334,0
              176.2652147165,-38.5044465165,0
              176.2653409006,-38.5039823166,0
              176.2654072670,-38.5032237497,0
              176.2654553999,-38.5029424665,0
              176.2655377168,-38.5026976995,0
              176.2656444167,-38.5024577499,0
              176.2657742667,-38.5022244169,0
              176.2659260840,-38.5019995334,0
              176.2660986329,-38.5017849328,0
              176.2664139170,-38.5014492334,0
              176.2666837665,-38.5012145329,0
              176.2670370165,-38.5009531331,0
              176.2674529003,-38.5006769329,0
              176.2679713676,-38.5003784006,0
              176.2683569169,-38.5001728826,0
              176.2690575004,-38.4998481997,0
              176.2693887668,-38.4996714828,0
              176.2695708339,-38.4995520668,0
              176.2697575840,-38.4994036330,0
              176.2700516839,-38.4991013496,0
              176.2702715169,-38.4987804500,0
              176.2704111002,-38.4984869333,0
              176.2705330676,-38.4981178998,0
              176.2707666662,-38.4972581828,0
              176.2708876835,-38.4969560334,0
              176.2711242675,-38.4966311839,0
              176.2716971667,-38.4959864666,0
              176.2721921832,-38.4950541000,0
              176.2724258672,-38.4947065999,0
              176.2727871503,-38.4942889001,0
              176.2731551834,-38.4939298668,0
              176.2735990509,-38.4935664168,0
              176.2744284498,-38.4929657004,0
              176.2747698672,-38.4926991833,0
              176.2753737831,-38.4921602835,0
              176.2755641667,-38.4919531827,0
              176.2756840505,-38.4917909661,0
              176.2758031335,-38.4915642328,0
              176.2758604669,-38.4913231827,0
              176.2758859833,-38.4900930167,0
              176.2759119829,-38.4899039994,0
              176.2759637003,-38.4897245168,0
              176.2760942163,-38.4894937334,0
              176.2762821674,-38.4892881834,0
              176.2765169837,-38.4891069498,0
              176.2767846165,-38.4889539664,0
              176.2771597167,-38.4887951327,0
              176.2775370834,-38.4886955168,0
              176.2796871994,-38.4883644831,0
              176.2800725341,-38.4882832001,0
              176.2803444337,-38.4882072665,0
              176.2808525341,-38.4880206334,0
              176.2812722674,-38.4878319665,0
              176.2816605507,-38.4876350994,0
              176.2825880502,-38.4871253000,0
              176.2835827335,-38.4867211667,0
              176.2839127165,-38.4866242998,0
              176.2843501832,-38.4865591834,0
              176.2849017167,-38.4863648672,0
              176.2855215667,-38.4862196666,0
              176.2863432001,-38.4859682998,0
              176.2868107667,-38.4858603327,0
              176.2874361669,-38.4857481167,0
              176.2883957669,-38.4856083337,0
              176.2892508839,-38.4854327838,0
              176.2898242173,-38.4853609493,0
              176.2903120170,-38.4853513167,0
              176.2911580176,-38.4853925667,0
              176.2926653233,-38.4854247042,0
              176.2935701252,-38.4853158139,0
              176.2947616334,-38.4852492332,0
              176.2953483958,-38.4854087584,0
              176.2956123954,-38.4858780378,0
              176.2955908422,-38.4864030307,0
              176.2954995404,-38.4870610853,0
              176.2955969661,-38.4875350561,0
              176.2957987723,-38.4879703326,0
              176.2962158515,-38.4884710512,0
              176.2966393940,-38.4887809005,0
              176.2973214739,-38.4891072986,0
              176.2978731751,-38.4892347634,0
              176.2985221957,-38.4891687964,0
              176.2989818804,-38.4889413151,0
              176.2992538581,-38.4885880280,0
              176.2995781183,-38.4873870988,0
              176.2999527608,-38.4866257084,0
              176.3004377473,-38.4859565466,0
              176.3010406848,-38.4855462487,0
              176.3016842306,-38.4853612405,0
              176.3022375401,-38.4855243937,0
              176.3026134844,-38.4857878938,0
              176.3031053106,-38.4865963415,0
              176.3035717566,-38.4875127643,0
              176.3043309309,-38.4885466515,0
              176.3048694667,-38.4890722494,0
              176.3054896176,-38.4895213502,0
              176.3072503175,-38.4909401333,0
              176.3079973162,-38.4915730494,0
              176.3083136669,-38.4918975997,0
              176.3085376994,-38.4922316334,0
              176.3087313665,-38.4926507498,0
              176.3089688008,-38.4933381998,0
              176.3090657341,-38.4937741834,0
              176.3090959671,-38.4941805498,0
              176.3090735335,-38.4945580167,0
              176.3090302674,-38.4947428995,0
              176.3086769501,-38.4955542669,0
              176.3085505332,-38.4959264836,0
              176.3085073831,-38.4961735494,0
              176.3085129661,-38.4964162001,0
              176.3085664508,-38.4966649833,0
              176.3086974337,-38.4969681334,0
              176.3088455999,-38.4971978330,0
              176.3092071337,-38.4976607330,0
              176.3094833665,-38.4979054005,0
              176.3097388501,-38.4980522502,0
              176.3098777170,-38.4981040000,0
              176.3100578003,-38.4981470999,0
              176.3102122669,-38.4981654666,0
              176.3104549334,-38.4981695829,0
              176.3111581676,-38.4980952169,0
              176.3116281496,-38.4980099663,0
              176.3119344168,-38.4979301665,0
              176.3124482999,-38.4976758662,0
              176.3127359338,-38.4975634497,0
              176.3130299663,-38.4975039496,0
              176.3132558168,-38.4975144829,0
              176.3134869006,-38.4975572665,0
              176.3137204503,-38.4976205665,0
              176.3141113332,-38.4977395334,0
              176.3142439997,-38.4978040829,0
              176.3145473998,-38.4980156830,0
              176.3150677509,-38.4984947333,0
              176.3152639173,-38.4986955326,0
              176.3154852999,-38.4989600995,0
              176.3158960835,-38.4995603334,0
              176.3161283000,-38.5000331993,0
              176.3162997670,-38.5005865337,0
              176.3163547999,-38.5008992334,0
              176.3164381338,-38.5016598994,0
              176.3164487498,-38.5019123494,0
              176.3164344671,-38.5020996002,0
              176.3163450504,-38.5024092165,0
              176.3159048665,-38.5034419333,0
              176.3158556832,-38.5036290995,0
              176.3158427167,-38.5038113167,0
              176.3158935003,-38.5040553167,0
              176.3160219832,-38.5043106166,0
              176.3161130834,-38.5044240168,0
              176.3162200840,-38.5045215830,0
              176.3164071840,-38.5046278834,0
              176.3165825004,-38.5046787835,0
              176.3167431000,-38.5046961998,0
              176.3169116334,-38.5046923494,0
              176.3170810002,-38.5046688001,0
              176.3172441166,-38.5046270330,0
              176.3174335162,-38.5045526331,0
              176.3176721007,-38.5043946661,0
              176.3178705838,-38.5041852827,0
              176.3181105999,-38.5038405663,0
              176.3185185000,-38.5030288994,0
              176.3186887335,-38.5027423999,0
              176.3188344009,-38.5025628673,0
              176.3189855998,-38.5024106000,0
              176.3191597675,-38.5022769667,0
              176.3192882836,-38.5022023499,0
              176.3195666670,-38.5020820828,0
              176.3198009502,-38.5020219835,0
              176.3200428330,-38.5019958163,0
              176.3204521669,-38.5019904664,0
              176.3206455997,-38.5020067996,0
              176.3208191503,-38.5020434827,0
              176.3208936508,-38.5020705831,0
              176.3212134338,-38.5022644665,0
              176.3213791841,-38.5023977993,0
              176.3214701665,-38.5025236495,0
              176.3215941502,-38.5028933668,0
              176.3216800659,-38.5030761001,0
              176.3217398166,-38.5033238669,0
              176.3217569167,-38.5035774166,0
              176.3217466835,-38.5038093494,0
              176.3216268504,-38.5044951667,0
              176.3216076172,-38.5047241831,0
              176.3216355659,-38.5050997330,0
              176.3217077499,-38.5053491998,0
              176.3217991834,-38.5055192335,0
              176.3218919497,-38.5056266495,0
              176.3220512832,-38.5057661334,0
              176.3225331005,-38.5061243665,0
              176.3228876667,-38.5064787161,0
              176.3230006176,-38.5066434503,0
              176.3231248670,-38.5068864661,0
              176.3231868003,-38.5070898499,0
              176.3232000339,-38.5072223827,0
              176.3231687169,-38.5074023830,0
              176.3231379008,-38.5074624500,0
              176.3230532838,-38.5075496497,0
              176.3229358332,-38.5076239663,0
              176.3227945670,-38.5076891839,0
              176.3223402667,-38.5078541330,0
              176.3222224003,-38.5078270661,0
              176.3219463332,-38.5078270332,0
              176.3216296173,-38.5077935830,0
              176.3208929173,-38.5076522999,0
              176.3200236829,-38.5075110502,0
              176.3197061831,-38.5074825501,0
              176.3191488335,-38.5074679166,0
              176.3188326328,-38.5075024832,0
              176.3184836005,-38.5076125335,0
              176.3183399325,-38.5076838831,0
              176.3181431499,-38.5078136497,0
              176.3179296836,-38.5080191334,0
              176.3178179331,-38.5081893160,0
              176.3177610005,-38.5083472000,0
              176.3177502498,-38.5084599164,0
              176.3177741174,-38.5086373828,0
              176.3178624167,-38.5088851166,0
              176.3181395335,-38.5094116001,0
              176.3186169174,-38.5104659829,0
              176.3187536507,-38.5109577828,0
              176.3189103830,-38.5117393993,0
              176.3189226502,-38.5119274833,0
              176.3188984339,-38.5121164502,0
              176.3187369668,-38.5126898831,0
              176.3185601326,-38.5131097662,0
              176.3183340668,-38.5135175830,0
              176.3179719001,-38.5140803834,0
              176.3176026335,-38.5145674831,0
              176.3163460167,-38.5159923160,0
              176.3141797000,-38.5183667002,0
              176.3132504003,-38.5194329834,0
              176.3127357007,-38.5200726329,0
              176.3124375839,-38.5204843163,0
              176.3121426827,-38.5209321661,0
              176.3114360167,-38.5221525500,0
              176.3111656334,-38.5225537328,0
              176.3109986003,-38.5228433331,0
              176.3109207833,-38.5230190496,0
              176.3108639831,-38.5232070328,0
              176.3108483826,-38.5233870996,0
              176.3108685667,-38.5236304000,0
              176.3109638827,-38.5240006664,0
              176.3112721999,-38.5248136332,0
              176.3113852665,-38.5251835498,0
              176.3114959667,-38.5256189165,0
              176.3115394667,-38.5259308667,0
              176.3115412334,-38.5262128328,0
              176.3115141001,-38.5264646164,0
              176.3114420000,-38.5267921326,0
              176.3113443009,-38.5271043164,0
              176.3108140839,-38.5276594329,0
              176.3105678326,-38.5278583331,0
              176.3102644995,-38.5280651500,0
              176.3094200001,-38.5285565327,0
              176.3077166833,-38.5294859331,0
              176.3069078830,-38.5299019831,0
              176.3066536335,-38.5300540500,0
              176.3064121670,-38.5302266668,0
              176.3060349342,-38.5305526994,0
              176.3055257998,-38.5310601002,0
              176.3046458661,-38.5318817835,0
              176.3042164839,-38.5323396000,0
              176.3038768169,-38.5327664828,0
              176.3035878507,-38.5330285660,0
              176.3034088672,-38.5332705834,0
              176.3029796669,-38.5336233662,0
              176.3026895007,-38.5338921999,0
              176.3025597005,-38.5340429501,0
              176.3024331659,-38.5342724332,0
              176.3023551505,-38.5345806327,0
              176.3023524159,-38.5347787329,0
              176.3024123333,-38.5349509495,0
              176.3024958174,-38.5350335326,0
              176.3026252834,-38.5350994673,0
              176.3027921334,-38.5351515997,0
              176.3031918666,-38.5352289665,0
              176.3035186663,-38.5352482166,0
              176.3036529836,-38.5352902671,0
              176.3037158006,-38.5353328002,0
              176.3038604994,-38.5354834669,0
              176.3039353005,-38.5356120998,0
              176.3039478998,-38.5356635502,0
              176.3040044169,-38.5357299494,0
              176.3041008335,-38.5359551006,0
              176.3041272341,-38.5360801829,0
              176.3041088665,-38.5361450500,0
              176.3040710842,-38.5361796333,0
              176.3040158662,-38.5362049833,0
              176.3037817673,-38.5362544173,0
              176.3034455664,-38.5362852832,0
              176.3029632340,-38.5363588666,0
              176.3023147833,-38.5363414832,0
              176.3020951661,-38.5363143661,0
              176.3019311504,-38.5363162995,0
              176.3010945508,-38.5361968498,0
              176.3006648834,-38.5361834995,0
              176.3002309507,-38.5362380334,0
              176.2999147669,-38.5363030997,0
              176.2996821838,-38.5363723830,0
              176.2993761334,-38.5365060002,0
              176.2991944667,-38.5366059162,0
              176.2988247834,-38.5368733829,0
              176.2986010494,-38.5371253002,0
              176.2983768171,-38.5375310160,0
              176.2983287827,-38.5376373500,0
              176.2982869003,-38.5378426333,0
              176.2982686328,-38.5380310997,0
              176.2982757842,-38.5381576001,0
              176.2983666999,-38.5384758667,0
              176.2985034325,-38.5386918500,0
              176.2986413832,-38.5388460999,0
              176.2988046327,-38.5389941497,0
              176.3002329329,-38.5401510832,0
              176.3007686167,-38.5406297669,0
              176.3010585492,-38.5409320163,0
              176.3013205003,-38.5412439500,0
              176.3015671006,-38.5415687169,0
              176.3017895832,-38.5419045168,0
              176.3020085335,-38.5422832335,0
              176.3021855833,-38.5426354995,0
              176.3034657998,-38.5454754832,0
              176.3038199174,-38.5463585001,0
              176.3039376504,-38.5467288327,0
              176.3039798832,-38.5469780999,0
              176.3039833495,-38.5471828333,0
              176.3039570508,-38.5474454830,0
              176.3038942672,-38.5476560997,0
              176.3039056663,-38.5476870999,0
              176.3037834172,-38.5479878833,0
              176.3033702161,-38.5485434666,0
              176.3028941331,-38.5489059334,0
              176.3028165670,-38.5490054665,0
              176.3026107999,-38.5491271662,0
              176.3025394840,-38.5492280496,0
              176.3024080165,-38.5492920167,0
              176.3019626006,-38.5496462663,0
              176.3012135004,-38.5501671167,0
              176.3007122494,-38.5505477495,0
              176.3004627167,-38.5507203997,0
              176.3001097333,-38.5509071667,0
              176.2999298501,-38.5509735171,0
              176.3002370009,-38.5512926838,0
              176.3021783500,-38.5530361165,0
              176.3203177008,-38.5580396494,0
              176.3213469945,-38.5583067030,0
              176.3215609335,-38.5583814662,0
              176.3589651328,-38.5686875337,0
              176.3733434833,-38.5365262833,0
              176.3867938337,-38.5064716164,0
              176.3937410499,-38.5086283162,0
              176.3951934336,-38.5090260498,0
              176.3960047331,-38.5094313161,0
              176.3967979670,-38.5093335497,0
              176.3988566008,-38.5101951834,0
              176.3988322173,-38.5102107163,0
              176.3993904994,-38.5104507327,0
              176.4024468007,-38.5112824664,0
              176.4084919339,-38.5132340331,0
              176.4088720665,-38.5133770496,0
              176.4094039673,-38.5135428829,0
              176.4136049329,-38.5146377001,0
              176.4171823837,-38.5157480669,0
              176.4175144327,-38.5159510162,0
              176.4185588167,-38.5167185329,0
              176.4221497666,-38.5181452169,0
              176.4240267671,-38.5188564663,0
              176.4255899340,-38.5186042162,0
              176.4284060336,-38.5194520999,0
              176.4287093504,-38.5195852162,0
              176.4323974327,-38.5207558998,0
              176.4347255831,-38.5214550667,0
              176.4487690506,-38.5258611997,0
              176.4530159838,-38.5270243829,0
              176.4538826672,-38.5271693995,0
              176.4548619169,-38.5274795331,0
              176.4554793337,-38.5277974002,0
              176.4560226331,-38.5285022662,0
              176.4564187501,-38.5289003830,0
              176.4569611668,-38.5290802663,0
              176.4571610332,-38.5296994662,0
              176.4585791176,-38.5307979827,0
              176.4594484008,-38.5313464326,0
              176.4597919835,-38.5314834665,0
              176.4621425507,-38.5311646493,0
              176.4668188176,-38.5310055666,0
              176.4684583670,-38.5308718833,0
              176.4704230338,-38.5312949668,0
              176.4730682165,-38.5321969328,0
              176.4764211841,-38.5332676333,0
            </coordinates>
          </LinearRing>
        </outerBoundaryIs>
      </Polygon>
    </Placemark>
    <Placemark>
      <description><![CDATA[Unknown Area Type<BR><BR><B>TA_NAME</B> = Taupo District<BR><B>TA_NAME_MACRON</B> = Taupo District<BR><B>MAJOR_REGION_NAME</B> = Waikato Region<BR><B>AREA_HA</B> = 452179.04<BR><B>KML_STYLE</B> = PolyStyle00]]></description>
      <styleUrl>#area1</styleUrl>
      <Polygon>
        <outerBoundaryIs>
          <LinearRing>
            <coordinates>
              175.6833370673,-38.3012331833,0
              175.6823687998,-38.3010783829,0
              175.6819006326,-38.3010351835,0
              175.6814087334,-38.3010308335,0
              175.6808207674,-38.3011174327,0
              175.6804453506,-38.3012570501,0
              175.6802915169,-38.3013519501,0
              175.6798745832,-38.3015230494,0
              175.6797370842,-38.3016383328,0
              175.6795859499,-38.3018022329,0
              175.6795145839,-38.3019226664,0
              175.6793133841,-38.3021549495,0
              175.6788772841,-38.3025336993,0
              175.6785303832,-38.3027708830,0
              175.6783607838,-38.3028617339,0
              175.6778677008,-38.3031857327,0
              175.6777271331,-38.3032688672,0
              175.6775593505,-38.3033423995,0
              175.6770927332,-38.3034770327,0
              175.6768639675,-38.3035136663,0
              175.6766727337,-38.3035812501,0
              175.6765240659,-38.3035994835,0
              175.6765120164,-38.3035809499,0
              175.6764508503,-38.3035715668,0
              175.6762996173,-38.3035812998,0
              175.6761957502,-38.3035527339,0
              175.6757964833,-38.3033866167,0
              175.6756888840,-38.3033236664,0
              175.6755215508,-38.3032783995,0
              175.6751435165,-38.3032918494,0
              175.6750106826,-38.3033218661,0
              175.6749758505,-38.3033171666,0
              175.6749567332,-38.3032933827,0
              175.6749013008,-38.3033081827,0
              175.6748767998,-38.3033061667,0
              175.6748791160,-38.3032945826,0
              175.6747821503,-38.3033457329,0
              175.6747829506,-38.3033290828,0
              175.6747191175,-38.3033214499,0
              175.6746642502,-38.3033541166,0
              175.6746557837,-38.3033405333,0
              175.6745789172,-38.3034285997,0
              175.6745434008,-38.3034166995,0
              175.6743950172,-38.3035032665,0
              175.6743339172,-38.3035541829,0
              175.6742531666,-38.3036941163,0
              175.6742984496,-38.3037920497,0
              175.6743896006,-38.3038694504,0
              175.6743678836,-38.3038964663,0
              175.6745284824,-38.3040252161,0
              175.6745526160,-38.3041475168,0
              175.6746708159,-38.3042771662,0
              175.6746574671,-38.3044293168,0
              175.6747194837,-38.3045103671,0
              175.6747123666,-38.3047183663,0
              175.6747415325,-38.3048705830,0
              175.6748941008,-38.3052061827,0
              175.6749714670,-38.3052826000,0
              175.6751208836,-38.3055234667,0
              175.6751510328,-38.3057535165,0
              175.6751110666,-38.3058208999,0
              175.6750464663,-38.3060470329,0
              175.6749686168,-38.3061221330,0
              175.6749259832,-38.3061907495,0
              175.6748849663,-38.3062642495,0
              175.6748795834,-38.3063317168,0
              175.6748015170,-38.3064160499,0
              175.6747838504,-38.3064623165,0
              175.6745795507,-38.3067180833,0
              175.6745504002,-38.3067948499,0
              175.6744903838,-38.3068606327,0
              175.6741100664,-38.3071330667,0
              175.6738406831,-38.3072692506,0
              175.6733534838,-38.3075706335,0
              175.6732057005,-38.3076303172,0
              175.6731433505,-38.3077035994,0
              175.6728327660,-38.3079674833,0
              175.6727162834,-38.3080544670,0
              175.6725888835,-38.3081235161,0
              175.6722212673,-38.3082531998,0
              175.6720888659,-38.3083292831,0
              175.6719467008,-38.3083803829,0
              175.6714910670,-38.3084077161,0
              175.6709945165,-38.3085202166,0
              175.6707026665,-38.3085115502,0
              175.6703482161,-38.3084153998,0
              175.6700365660,-38.3081986998,0
              175.6699754505,-38.3080881166,0
              175.6698321008,-38.3079350495,0
              175.6697067168,-38.3077537334,0
              175.6694614830,-38.3075475666,0
              175.6691721003,-38.3074124828,0
              175.6690875001,-38.3074294327,0
              175.6690213998,-38.3074616164,0
              175.6689397498,-38.3075300497,0
              175.6688401333,-38.3076519328,0
              175.6687148665,-38.3080746665,0
              175.6686205832,-38.3088523169,0
              175.6686072336,-38.3095178333,0
              175.6685762003,-38.3096750495,0
              175.6684597500,-38.3098907995,0
              175.6681702340,-38.3102150326,0
              175.6680798668,-38.3103805326,0
              175.6679857332,-38.3104855161,0
              175.6678610334,-38.3105595498,0
              175.6677877167,-38.3105831330,0
              175.6676248331,-38.3106063668,0
              175.6674540165,-38.3106020162,0
              175.6672631498,-38.3105704163,0
              175.6671242172,-38.3105267168,0
              175.6666641167,-38.3103167833,0
              175.6663827174,-38.3102305668,0
              175.6661008994,-38.3101091502,0
              175.6659747999,-38.3100745001,0
              175.6658893003,-38.3100740002,0
              175.6658138168,-38.3100916000,0
              175.6655904675,-38.3101865834,0
              175.6652272502,-38.3107484162,0
              175.6649740505,-38.3113271994,0
              175.6647887004,-38.3118736997,0
              175.6647084837,-38.3121645661,0
              175.6646870166,-38.3123254167,0
              175.6645990169,-38.3125257161,0
              175.6645436335,-38.3128243495,0
              175.6644315171,-38.3131048493,0
              175.6643689167,-38.3132034494,0
              175.6643541335,-38.3132922668,0
              175.6642640331,-38.3133973332,0
              175.6641337501,-38.3135003332,0
              175.6638301172,-38.3137880334,0
              175.6635954004,-38.3139047833,0
              175.6633622834,-38.3141535499,0
              175.6630637172,-38.3142801326,0
              175.6629913670,-38.3143714832,0
              175.6629536168,-38.3144525663,0
              175.6625386672,-38.3150774334,0
              175.6624293505,-38.3152960997,0
              175.6623496000,-38.3155479166,0
              175.6621613507,-38.3157897502,0
              175.6620172825,-38.3160473831,0
              175.6619385842,-38.3162667835,0
              175.6618723498,-38.3167331498,0
              175.6619211662,-38.3172425163,0
              175.6618985331,-38.3174834669,0
              175.6618774334,-38.3175389332,0
              175.6617186504,-38.3177167664,0
              175.6616225675,-38.3177877831,0
              175.6613929498,-38.3180131329,0
              175.6612710004,-38.3180916331,0
              175.6607708004,-38.3183097828,0
              175.6607198667,-38.3183453497,0
              175.6605278170,-38.3185652165,0
              175.6604406500,-38.3187161328,0
              175.6604130172,-38.3190533663,0
              175.6603601837,-38.3192652669,0
              175.6603438659,-38.3194442498,0
              175.6603069999,-38.3194680327,0
              175.6604049839,-38.3195961665,0
              175.6607480660,-38.3202485996,0
              175.6608181999,-38.3206742827,0
              175.6608734500,-38.3207977333,0
              175.6609523159,-38.3211947334,0
              175.6609777667,-38.3212513502,0
              175.6610861162,-38.3213471827,0
              175.6616099832,-38.3216641999,0
              175.6616889333,-38.3216760331,0
              175.6618186668,-38.3217232499,0
              175.6620847168,-38.3218381667,0
              175.6623344501,-38.3220564826,0
              175.6624354999,-38.3221135667,0
              175.6625549165,-38.3221198335,0
              175.6626617500,-38.3221012333,0
              175.6627439502,-38.3221221327,0
              175.6628275008,-38.3222529006,0
              175.6629624341,-38.3223595334,0
              175.6630156837,-38.3223834329,0
              175.6632000667,-38.3224155993,0
              175.6635124498,-38.3223759832,0
              175.6638196332,-38.3222769661,0
              175.6642964336,-38.3222791662,0
              175.6647105999,-38.3223149166,0
              175.6647869001,-38.3223336826,0
              175.6648960337,-38.3223745328,0
              175.6651157333,-38.3224928500,0
              175.6653429838,-38.3225812165,0
              175.6654440337,-38.3226382826,0
              175.6656423670,-38.3228051996,0
              175.6658493332,-38.3230451498,0
              175.6662114841,-38.3236133331,0
              175.6664514670,-38.3238799669,0
              175.6667278660,-38.3242602001,0
              175.6667846327,-38.3243000334,0
              175.6669646332,-38.3243689331,0
              175.6670775507,-38.3244325998,0
              175.6671356670,-38.3245067335,0
              175.6673101501,-38.3246582000,0
              175.6674299668,-38.3247491667,0
              175.6675308339,-38.3248016498,0
              175.6677141831,-38.3248819331,0
              175.6680554993,-38.3249881327,0
              175.6683841665,-38.3251427163,0
              175.6685135508,-38.3251807827,0
              175.6692899175,-38.3253359500,0
              175.6694625001,-38.3253638169,0
              175.6698066336,-38.3253921169,0
              175.6700325504,-38.3254461497,0
              175.6709865341,-38.3258328160,0
              175.6712707840,-38.3260411335,0
              175.6716488672,-38.3262700663,0
              175.6722323167,-38.3265466662,0
              175.6723324665,-38.3265808664,0
              175.6725905341,-38.3266386996,0
              175.6728813169,-38.3266408000,0
              175.6729855169,-38.3266291161,0
              175.6732144673,-38.3265365502,0
              175.6733501663,-38.3265126497,0
              175.6738796994,-38.3266737829,0
              175.6739359498,-38.3266998831,0
              175.6740710838,-38.3268110832,0
              175.6746575669,-38.3271654498,0
              175.6747902497,-38.3272881335,0
              175.6751336832,-38.3275224831,0
              175.6753969668,-38.3276397162,0
              175.6756048172,-38.3277514332,0
              175.6760466837,-38.3279009506,0
              175.6762920670,-38.3279316167,0
              175.6764568167,-38.3279069997,0
              175.6767415671,-38.3278290996,0
              175.6769163334,-38.3277630499,0
              175.6773794671,-38.3276372999,0
              175.6775170334,-38.3276614334,0
              175.6775911506,-38.3276985493,0
              175.6776936495,-38.3277922165,0
              175.6778188668,-38.3279471333,0
              175.6778505840,-38.3280150493,0
              175.6778679172,-38.3281611666,0
              175.6778549834,-38.3283514996,0
              175.6778938837,-38.3285291495,0
              175.6779661673,-38.3287425997,0
              175.6781675000,-38.3292093328,0
              175.6785552660,-38.3295364495,0
              175.6786681175,-38.3297466329,0
              175.6786913835,-38.3299704328,0
              175.6786276331,-38.3302741995,0
              175.6786265830,-38.3306199328,0
              175.6787056002,-38.3309316827,0
              175.6787457669,-38.3309925163,0
              175.6788318662,-38.3310385000,0
              175.6789788665,-38.3310807165,0
              175.6794898993,-38.3311392664,0
              175.6796046840,-38.3311753836,0
              175.6798288503,-38.3313324839,0
              175.6802900671,-38.3315295995,0
              175.6804099497,-38.3315472826,0
              175.6806040992,-38.3315311163,0
              175.6811843173,-38.3315742161,0
              175.6818291000,-38.3315584998,0
              175.6819754836,-38.3315846994,0
              175.6822629163,-38.3317242334,0
              175.6825508675,-38.3319507499,0
              175.6827852997,-38.3320732494,0
              175.6828667671,-38.3321491000,0
              175.6830009501,-38.3322351163,0
              175.6831212839,-38.3322642328,0
              175.6834700831,-38.3322625997,0
              175.6836633836,-38.3322991161,0
              175.6838506504,-38.3324044327,0
              175.6840458830,-38.3325645164,0
              175.6841798836,-38.3326459664,0
              175.6843365831,-38.3327131164,0
              175.6844513835,-38.3327492500,0
              175.6847029169,-38.3327133494,0
              175.6848223495,-38.3327196000,0
              175.6849283493,-38.3327536327,0
              175.6852587836,-38.3329516333,0
              175.6853697669,-38.3329649498,0
              175.6861098003,-38.3329308667,0
              175.6863267334,-38.3329026834,0
              175.6866116830,-38.3328293327,0
              175.6867522162,-38.3327801162,0
              175.6868290168,-38.3327370335,0
              175.6872491832,-38.3324039667,0
              175.6873345335,-38.3323560834,0
              175.6874376506,-38.3323169333,0
              175.6875818006,-38.3322859496,0
              175.6879533659,-38.3322329164,0
              175.6884017339,-38.3322443001,0
              175.6885997169,-38.3322290498,0
              175.6886827667,-38.3322421328,0
              175.6887758669,-38.3323058001,0
              175.6889197995,-38.3325027999,0
              175.6889515664,-38.3325975166,0
              175.6889388002,-38.3327273835,0
              175.6887463335,-38.3330378501,0
              175.6886819332,-38.3332540000,0
              175.6886693838,-38.3339719496,0
              175.6886978173,-38.3340894833,0
              175.6887482669,-38.3341852500,0
              175.6888250336,-38.3342744661,0
              175.6889137832,-38.3343283662,0
              175.6890388334,-38.3344584667,0
              175.6891534831,-38.3345502661,0
              175.6892102833,-38.3346399662,0
              175.6892493994,-38.3348052667,0
              175.6892510825,-38.3349489000,0
              175.6892997339,-38.3350580498,0
              175.6893970167,-38.3351859660,0
              175.6894145330,-38.3352831161,0
              175.6893938333,-38.3353657333,0
              175.6893034498,-38.3355006664,0
              175.6892066667,-38.3357571661,0
              175.6891036497,-38.3359102163,0
              175.6890153162,-38.3359823668,0
              175.6889029505,-38.3361811665,0
              175.6888814338,-38.3363725161,0
              175.6889179832,-38.3364557000,0
              175.6890783167,-38.3366683502,0
              175.6891180837,-38.3368488997,0
              175.6890802326,-38.3369175834,0
              175.6890156500,-38.3369716499,0
              175.6888766832,-38.3370572663,0
              175.6887477006,-38.3371128833,0
              175.6886753499,-38.3371391327,0
              175.6883968994,-38.3371230173,0
              175.6883398503,-38.3371418830,0
              175.6880034670,-38.3374065161,0
              175.6877127662,-38.3375489502,0
              175.6876793502,-38.3375936668,0
              175.6876745832,-38.3376427999,0
              175.6877827836,-38.3377978163,0
              175.6878346840,-38.3379331501,0
              175.6878268666,-38.3379613499,0
              175.6877427673,-38.3380281332,0
              175.6876722503,-38.3380438333,0
              175.6876009838,-38.3380402834,0
              175.6873924494,-38.3379927334,0
              175.6872500493,-38.3379891332,0
              175.6870788008,-38.3380439993,0
              175.6866589173,-38.3382221165,0
              175.6865763502,-38.3382713673,0
              175.6865256839,-38.3383408666,0
              175.6865014669,-38.3384622667,0
              175.6865215165,-38.3385791003,0
              175.6865749168,-38.3387595832,0
              175.6866643833,-38.3389416331,0
              175.6867125826,-38.3390963330,0
              175.6867162828,-38.3391925497,0
              175.6866730168,-38.3395122495,0
              175.6866745166,-38.3396663000,0
              175.6867477165,-38.3398551164,0
              175.6869374331,-38.3400294832,0
              175.6869804341,-38.3400830334,0
              175.6870190165,-38.3401876999,0
              175.6869979667,-38.3407354166,0
              175.6869378499,-38.3410046329,0
              175.6868540499,-38.3415508329,0
              175.6868724170,-38.3418047661,0
              175.6869525675,-38.3419236669,0
              175.6870509507,-38.3419966163,0
              175.6871136666,-38.3420669001,0
              175.6874453006,-38.3421938001,0
              175.6874936993,-38.3422381829,0
              175.6875113339,-38.3422920326,0
              175.6875038000,-38.3423272329,0
              175.6877763341,-38.3427499995,0
              175.6881443666,-38.3431185162,0
              175.6882232998,-38.3434061494,0
              175.6883281494,-38.3435892496,0
              175.6884204998,-38.3436780831,0
              175.6885263675,-38.3437152661,0
              175.6888371827,-38.3437626834,0
              175.6892473672,-38.3438774663,0
              175.6896197162,-38.3439383495,0
              175.6900378335,-38.3440596835,0
              175.6903356173,-38.3441155834,0
              175.6905625335,-38.3442117168,0
              175.6908440831,-38.3443888500,0
              175.6910240175,-38.3446318172,0
              175.6910503171,-38.3447218499,0
              175.6912807998,-38.3449516328,0
              175.6914191998,-38.3451805334,0
              175.6916172337,-38.3453743998,0
              175.6916374831,-38.3454221998,0
              175.6918810671,-38.3455631999,0
              175.6920176006,-38.3457107665,0
              175.6921115667,-38.3458415998,0
              175.6922447839,-38.3461255671,0
              175.6923581170,-38.3462401832,0
              175.6924019332,-38.3463389331,0
              175.6924553165,-38.3463971999,0
              175.6925629170,-38.3467397333,0
              175.6927756836,-38.3470951662,0
              175.6928938841,-38.3473935001,0
              175.6928940670,-38.3474573169,0
              175.6928288335,-38.3476086829,0
              175.6925715661,-38.3479550496,0
              175.6924612328,-38.3480482169,0
              175.6923822498,-38.3481814497,0
              175.6921995166,-38.3482478995,0
              175.6917643836,-38.3484557162,0
              175.6917014003,-38.3485199000,0
              175.6916625002,-38.3486066162,0
              175.6916338670,-38.3487546334,0
              175.6915464334,-38.3488825500,0
              175.6914570172,-38.3491000667,0
              175.6914436333,-38.3491564167,0
              175.6914669002,-38.3493787000,0
              175.6914286499,-38.3494596833,0
              175.6913086507,-38.3495370995,0
              175.6910420167,-38.3495792499,0
              175.6906927332,-38.3497067334,0
              175.6905492997,-38.3497903669,0
              175.6904270335,-38.3499219829,0
              175.6904252327,-38.3500965833,0
              175.6905012008,-38.3508515169,0
              175.6904789672,-38.3511773327,0
              175.6903784835,-38.3513189830,0
              175.6899025666,-38.3518529834,0
              175.6898465336,-38.3518937500,0
              175.6897035170,-38.3519495327,0
              175.6895713827,-38.3520272330,0
              175.6894057160,-38.3522294666,0
              175.6893937833,-38.3522643670,0
              175.6894616996,-38.3525271334,0
              175.6895536666,-38.3526632665,0
              175.6897816007,-38.3530974835,0
              175.6898643335,-38.3532070161,0
              175.6899114833,-38.3532377833,0
              175.6901152832,-38.3532766826,0
              175.6901765499,-38.3533140166,0
              175.6903840008,-38.3534996494,0
              175.6906271660,-38.3536258668,0
              175.6909676171,-38.3538761667,0
              175.6911982832,-38.3539196665,0
              175.6912487664,-38.3539604831,0
              175.6913208168,-38.3541834162,0
              175.6912854999,-38.3543372334,0
              175.6912153671,-38.3544489335,0
              175.6909633002,-38.3547462167,0
              175.6908990500,-38.3548745330,0
              175.6907929666,-38.3549568829,0
              175.6906642167,-38.3551682834,0
              175.6906190834,-38.3552741328,0
              175.6903566501,-38.3555931660,0
              175.6902677999,-38.3558055502,0
              175.6902091830,-38.3558855997,0
              175.6901856492,-38.3559704831,0
              175.6901278173,-38.3560611995,0
              175.6901118827,-38.3561233166,0
              175.6901611837,-38.3564713493,0
              175.6901382507,-38.3566770328,0
              175.6900507501,-38.3568472665,0
              175.6899659664,-38.3569499994,0
              175.6899198330,-38.3570616830,0
              175.6898781835,-38.3572251498,0
              175.6898689832,-38.3573996829,0
              175.6898951005,-38.3575609163,0
              175.6899312504,-38.3576456828,0
              175.6900630825,-38.3577988660,0
              175.6901647009,-38.3579491830,0
              175.6902277835,-38.3581364833,0
              175.6902923333,-38.3582575334,0
              175.6903114004,-38.3583175332,0
              175.6903112005,-38.3585745502,0
              175.6902821508,-38.3588906165,0
              175.6901986833,-38.3590728168,0
              175.6900827166,-38.3594067498,0
              175.6900675008,-38.3596050661,0
              175.6901301331,-38.3599178831,0
              175.6900168669,-38.3601898668,0
              175.6899221174,-38.3608040168,0
              175.6898324496,-38.3608941666,0
              175.6896805331,-38.3611303835,0
              175.6896980833,-38.3612745666,0
              175.6898436000,-38.3614437494,0
              175.6898838999,-38.3615383333,0
              175.6898814004,-38.3616008997,0
              175.6898321331,-38.3617145499,0
              175.6896451003,-38.3620061000,0
              175.6896686175,-38.3620581661,0
              175.6900548338,-38.3622446326,0
              175.6903008999,-38.3625174498,0
              175.6904209336,-38.3626127328,0
              175.6905807167,-38.3626647664,0
              175.6908672338,-38.3627948831,0
              175.6909534341,-38.3629013662,0
              175.6910036330,-38.3630982828,0
              175.6910621174,-38.3632169334,0
              175.6911547837,-38.3633341834,0
              175.6913764832,-38.3635510830,0
              175.6915820659,-38.3636477161,0
              175.6918844665,-38.3636562002,0
              175.6920222839,-38.3637105330,0
              175.6922042999,-38.3638961499,0
              175.6922579331,-38.3640234006,0
              175.6923073340,-38.3640620330,0
              175.6923993330,-38.3640671666,0
              175.6925152827,-38.3640025661,0
              175.6926191506,-38.3639657995,0
              175.6926721331,-38.3638916339,0
              175.6927352508,-38.3638488165,0
              175.6928954834,-38.3637974833,0
              175.6930993004,-38.3638032493,0
              175.6932115500,-38.3638662496,0
              175.6933415831,-38.3640235165,0
              175.6934466332,-38.3644832334,0
              175.6934245501,-38.3645680001,0
              175.6931850507,-38.3648186993,0
              175.6931973664,-38.3649192673,0
              175.6932329167,-38.3649649671,0
              175.6933027008,-38.3649854664,0
              175.6934675833,-38.3650990163,0
              175.6935802165,-38.3652209834,0
              175.6936397998,-38.3653298828,0
              175.6937625166,-38.3654940164,0
              175.6938734497,-38.3655836663,0
              175.6942507997,-38.3656577663,0
              175.6942855007,-38.3656813161,0
              175.6945027166,-38.3657478000,0
              175.6947801494,-38.3658771499,0
              175.6948712169,-38.3659011835,0
              175.6950230834,-38.3658964496,0
              175.6955310004,-38.3658171331,0
              175.6957560175,-38.3657504165,0
              175.6960039000,-38.3656365834,0
              175.6961098507,-38.3656387666,0
              175.6962411996,-38.3657220663,0
              175.6964097669,-38.3658942833,0
              175.6964945840,-38.3659033334,0
              175.6966025328,-38.3658918830,0
              175.6967709171,-38.3659864995,0
              175.6967866997,-38.3660637333,0
              175.6967755501,-38.3662158332,0
              175.6968183171,-38.3662657996,0
              175.6968618997,-38.3663733834,0
              175.6968504504,-38.3665144169,0
              175.6968268002,-38.3665582166,0
              175.6967692331,-38.3665983839,0
              175.6966024508,-38.3666429831,0
              175.6963328333,-38.3666235666,0
              175.6961594838,-38.3666318501,0
              175.6960660175,-38.3666906164,0
              175.6960339341,-38.3667346163,0
              175.6960777664,-38.3669577329,0
              175.6961557836,-38.3670465001,0
              175.6964164997,-38.3672353328,0
              175.6964821172,-38.3674108164,0
              175.6965400333,-38.3677721828,0
              175.6965014674,-38.3678307499,0
              175.6964089334,-38.3678407165,0
              175.6963886831,-38.3678633833,0
              175.6964282665,-38.3680131667,0
              175.6964034005,-38.3682077500,0
              175.6965869995,-38.3682640501,0
              175.6967913832,-38.3682649500,0
              175.6969069000,-38.3683032000,0
              175.6969619332,-38.3683429000,0
              175.6971282997,-38.3685672499,0
              175.6971938672,-38.3686244335,0
              175.6973220001,-38.3686612664,0
              175.6977031667,-38.3686510162,0
              175.6977674331,-38.3686749834,0
              175.6977458495,-38.3687353502,0
              175.6975264332,-38.3688869161,0
              175.6975013830,-38.3689467338,0
              175.6975335501,-38.3693622669,0
              175.6975180672,-38.3693992166,0
              175.6974018166,-38.3694873668,0
              175.6972139500,-38.3694718997,0
              175.6971699672,-38.3694995666,0
              175.6971614999,-38.3695352331,0
              175.6972817163,-38.3696587165,0
              175.6972494169,-38.3697703329,0
              175.6968726500,-38.3700173494,0
              175.6963012673,-38.3701554995,0
              175.6961719497,-38.3702705504,0
              175.6960483837,-38.3703522172,0
              175.6958296660,-38.3705946498,0
              175.6957811668,-38.3706878167,0
              175.6957224001,-38.3707335667,0
              175.6954307170,-38.3708369833,0
              175.6952709167,-38.3708552163,0
              175.6951744170,-38.3709085168,0
              175.6951691169,-38.3711358832,0
              175.6949863002,-38.3714694663,0
              175.6949352333,-38.3715327498,0
              175.6948390174,-38.3718487496,0
              175.6948402665,-38.3719435829,0
              175.6949605165,-38.3721872328,0
              175.6949801495,-38.3723308667,0
              175.6950284501,-38.3724516495,0
              175.6950420663,-38.3724756993,0
              175.6951048166,-38.3724963664,0
              175.6951155176,-38.3725182831,0
              175.6951031161,-38.3725617994,0
              175.6950058000,-38.3726306329,0
              175.6949762667,-38.3726903504,0
              175.6949857001,-38.3727297667,0
              175.6950376168,-38.3727617834,0
              175.6952387836,-38.3727935497,0
              175.6953039003,-38.3728751168,0
              175.6953373331,-38.3730117666,0
              175.6954033329,-38.3730434330,0
              175.6954765167,-38.3730427826,0
              175.6956479996,-38.3729621996,0
              175.6956722165,-38.3729693829,0
              175.6956918671,-38.3730043834,0
              175.6956901331,-38.3730687161,0
              175.6956312008,-38.3732197663,0
              175.6955261832,-38.3733807833,0
              175.6954190329,-38.3734864332,0
              175.6954303336,-38.3735238494,0
              175.6955330664,-38.3735224994,0
              175.6955494335,-38.3735453831,0
              175.6955212165,-38.3736169997,0
              175.6955230168,-38.3736635167,0
              175.6955750332,-38.3736977328,0
              175.6957403169,-38.3737115173,0
              175.6957479002,-38.3737257498,0
              175.6956880998,-38.3737814832,0
              175.6956691836,-38.3738384663,0
              175.6956923340,-38.3738911161,0
              175.6957970836,-38.3739418162,0
              175.6958185669,-38.3739878496,0
              175.6957837008,-38.3740330335,0
              175.6955966999,-38.3741128664,0
              175.6955695168,-38.3741379162,0
              175.6955611170,-38.3741758002,0
              175.6956220006,-38.3742209000,0
              175.6958634508,-38.3742749661,0
              175.6961271831,-38.3744681832,0
              175.6962848674,-38.3745043001,0
              175.6963752172,-38.3745464833,0
              175.6964012996,-38.3746389501,0
              175.6964831667,-38.3747168000,0
              175.6964993325,-38.3747707330,0
              175.6964190840,-38.3748801669,0
              175.6964104003,-38.3749468832,0
              175.6964732501,-38.3750429168,0
              175.6966028661,-38.3751539831,0
              175.6966008669,-38.3751750999,0
              175.6965145172,-38.3752724999,0
              175.6965161508,-38.3753511495,0
              175.6965480837,-38.3754114501,0
              175.6967475173,-38.3755451335,0
              175.6967341998,-38.3757471832,0
              175.6967679335,-38.3757818494,0
              175.6968219501,-38.3757949499,0
              175.6969532505,-38.3757674336,0
              175.6970013669,-38.3757740331,0
              175.6970556175,-38.3758658332,0
              175.6971656500,-38.3759441171,0
              175.6971461496,-38.3760587671,0
              175.6971650332,-38.3761104165,0
              175.6971976504,-38.3761162834,0
              175.6972954670,-38.3760607335,0
              175.6974279672,-38.3761373664,0
              175.6975946173,-38.3761499994,0
              175.6976163333,-38.3762015664,0
              175.6975680001,-38.3762991667,0
              175.6975757661,-38.3763543995,0
              175.6975990499,-38.3763737998,0
              175.6976315002,-38.3763752330,0
              175.6977011832,-38.3763569499,0
              175.6977856832,-38.3763571331,0
              175.6978347007,-38.3765321996,0
              175.6980499326,-38.3766790327,0
              175.6980696169,-38.3767449327,0
              175.6979945331,-38.3768786333,0
              175.6979508664,-38.3770237829,0
              175.6979538836,-38.3772110333,0
              175.6979859999,-38.3772767669,0
              175.6980137004,-38.3773015993,0
              175.6980490501,-38.3773051830,0
              175.6981144005,-38.3772836667,0
              175.6982198834,-38.3771713998,0
              175.6982575666,-38.3771627499,0
              175.6983035831,-38.3771871334,0
              175.6983249500,-38.3773395835,0
              175.6983687163,-38.3774150163,0
              175.6985738001,-38.3776572828,0
              175.6986341508,-38.3777611331,0
              175.6985598001,-38.3779813331,0
              175.6985643163,-38.3780310499,0
              175.6985734161,-38.3780474664,0
              175.6986204663,-38.3780629664,0
              175.6987468004,-38.3780887494,0
              175.6987760832,-38.3781179827,0
              175.6987994172,-38.3781750668,0
              175.6987691835,-38.3783398328,0
              175.6987838832,-38.3783926830,0
              175.6988396334,-38.3785232502,0
              175.6989228335,-38.3786354334,0
              175.6989155172,-38.3786644331,0
              175.6988919671,-38.3786749668,0
              175.6986394507,-38.3787353334,0
              175.6986196333,-38.3788056327,0
              175.6986490675,-38.3788747669,0
              175.6988306330,-38.3789991660,0
              175.6988575832,-38.3790238326,0
              175.6988529499,-38.3790494503,0
              175.6986795001,-38.3791522498,0
              175.6985938337,-38.3792673664,0
              175.6985778832,-38.3794007665,0
              175.6986107158,-38.3795218994,0
              175.6985631170,-38.3795285830,0
              175.6984441999,-38.3794760161,0
              175.6982977839,-38.3794407330,0
              175.6981677672,-38.3794283331,0
              175.6980714165,-38.3794494831,0
              175.6980051169,-38.3794822838,0
              175.6978593997,-38.3796108500,0
              175.6977085508,-38.3797153332,0
              175.6965971502,-38.3802217163,0
              175.6965566670,-38.3803194832,0
              175.6967273996,-38.3805722833,0
              175.6965843662,-38.3808044499,0
              175.6964843501,-38.3808772329,0
              175.6962954164,-38.3809626996,0
              175.6961178331,-38.3809951161,0
              175.6959860002,-38.3810545663,0
              175.6958820670,-38.3811415161,0
              175.6956662333,-38.3814563668,0
              175.6955767493,-38.3814549832,0
              175.6954848505,-38.3813903327,0
              175.6953944169,-38.3813643329,0
              175.6952786993,-38.3813776668,0
              175.6951424166,-38.3814372329,0
              175.6949687508,-38.3814554667,0
              175.6947984665,-38.3814454662,0
              175.6944378841,-38.3813696330,0
              175.6942263332,-38.3814485996,0
              175.6940958501,-38.3815432161,0
              175.6940078831,-38.3815805169,0
              175.6938989161,-38.3815373835,0
              175.6938202836,-38.3815850166,0
              175.6937921335,-38.3816666333,0
              175.6937393502,-38.3816889998,0
              175.6934932836,-38.3816843332,0
              175.6933402005,-38.3817724497,0
              175.6932652168,-38.3817988664,0
              175.6930680165,-38.3817859999,0
              175.6929816336,-38.3816332162,0
              175.6928545341,-38.3815834663,0
              175.6928155341,-38.3814999326,0
              175.6928030667,-38.3814087334,0
              175.6927490669,-38.3813994834,0
              175.6926225171,-38.3814799333,0
              175.6925472668,-38.3814993162,0
              175.6924382996,-38.3814561832,0
              175.6923668341,-38.3814578995,0
              175.6922967175,-38.3814947501,0
              175.6920494501,-38.3816906997,0
              175.6918686170,-38.3817548502,0
              175.6918009509,-38.3817388670,0
              175.6917308171,-38.3816596164,0
              175.6916578664,-38.3816226495,0
              175.6915740832,-38.3816527993,0
              175.6915337507,-38.3816502499,0
              175.6914599662,-38.3815921826,0
              175.6914105669,-38.3815863330,0
              175.6913583172,-38.3816227662,0
              175.6912523507,-38.3816569664,0
              175.6912380006,-38.3816326834,0
              175.6911421670,-38.3815821826,0
              175.6910606675,-38.3815559661,0
              175.6907845495,-38.3815836832,0
              175.6905873506,-38.3815707998,0
              175.6903733336,-38.3815864829,0
              175.6901776332,-38.3816122669,0
              175.6900812495,-38.3816638327,0
              175.6899325175,-38.3818644664,0
              175.6897664331,-38.3818473163,0
              175.6896703334,-38.3817897999,0
              175.6895956002,-38.3817071162,0
              175.6895245498,-38.3817193667,0
              175.6894158501,-38.3817993835,0
              175.6893526660,-38.3820155671,0
              175.6892764501,-38.3820103493,0
              175.6891527328,-38.3819323668,0
              175.6890509503,-38.3819594168,0
              175.6890242999,-38.3820797168,0
              175.6890293162,-38.3822098000,0
              175.6889590663,-38.3822431494,0
              175.6888739161,-38.3822381500,0
              175.6887467006,-38.3821848834,0
              175.6885310665,-38.3820422330,0
              175.6884041006,-38.3819959999,0
              175.6883238174,-38.3820014328,0
              175.6882725336,-38.3820624830,0
              175.6882442508,-38.3821405669,0
              175.6882705169,-38.3824742665,0
              175.6882447994,-38.3825030328,0
              175.6880249841,-38.3824836498,0
              175.6879813999,-38.3825128332,0
              175.6879581175,-38.3826048831,0
              175.6879081832,-38.3825849661,0
              175.6877611836,-38.3825990329,0
              175.6875940171,-38.3826698830,0
              175.6874780167,-38.3827923162,0
              175.6874414829,-38.3828882002,0
              175.6875061837,-38.3830591001,0
              175.6875633166,-38.3831492329,0
              175.6875244665,-38.3831853498,0
              175.6874202498,-38.3831491336,0
              175.6873215668,-38.3831409332,0
              175.6872511667,-38.3831707667,0
              175.6872035336,-38.3832105997,0
              175.6871983836,-38.3833092506,0
              175.6873198831,-38.3835320167,0
              175.6873725000,-38.3835943167,0
              175.6873815999,-38.3836610831,0
              175.6870077837,-38.3837592996,0
              175.6870018335,-38.3838315830,0
              175.6870732832,-38.3839294832,0
              175.6872895670,-38.3841046502,0
              175.6873325998,-38.3842015163,0
              175.6870854507,-38.3843018666,0
              175.6868634832,-38.3843191998,0
              175.6867412337,-38.3844886999,0
              175.6868157170,-38.3847788829,0
              175.6867787661,-38.3849532165,0
              175.6866928673,-38.3849329328,0
              175.6865356494,-38.3847615161,0
              175.6864649499,-38.3847391501,0
              175.6862747505,-38.3847316664,0
              175.6862273834,-38.3846349163,0
              175.6862324672,-38.3845403162,0
              175.6861243505,-38.3844536006,0
              175.6860396338,-38.3844642171,0
              175.6858783840,-38.3845848329,0
              175.6858573164,-38.3844342161,0
              175.6857273172,-38.3844029666,0
              175.6856046837,-38.3843921496,0
              175.6853258663,-38.3845207334,0
              175.6852028162,-38.3845563001,0
              175.6850727673,-38.3845233328,0
              175.6849742498,-38.3845153834,0
              175.6849227001,-38.3845372168,0
              175.6848734674,-38.3846191165,0
              175.6848125338,-38.3849073831,0
              175.6847747338,-38.3850027331,0
              175.6847222005,-38.3850555167,0
              175.6844607168,-38.3851235666,0
              175.6843629005,-38.3851911668,0
              175.6843338831,-38.3852313668,0
              175.6843236502,-38.3853054502,0
              175.6843611828,-38.3853732501,0
              175.6840038002,-38.3853886506,0
              175.6837264499,-38.3855549834,0
              175.6836212329,-38.3856570996,0
              175.6836100672,-38.3858205161,0
              175.6835599665,-38.3859934499,0
              175.6835330003,-38.3860301663,0
              175.6833264164,-38.3861638834,0
              175.6831858504,-38.3863681835,0
              175.6831317171,-38.3865497996,0
              175.6829692839,-38.3865828665,0
              175.6828474174,-38.3867060000,0
              175.6827466336,-38.3868663998,0
              175.6826748495,-38.3870432833,0
              175.6826005001,-38.3873232669,0
              175.6825083171,-38.3873666834,0
              175.6824138839,-38.3873517665,0
              175.6822483333,-38.3873608498,0
              175.6821570002,-38.3874265833,0
              175.6820831008,-38.3875485502,0
              175.6820382998,-38.3876887331,0
              175.6817612007,-38.3878052499,0
              175.6816331168,-38.3879370993,0
              175.6816235174,-38.3880850330,0
              175.6816634332,-38.3881579330,0
              175.6816528659,-38.3882234498,0
              175.6816379998,-38.3882340994,0
              175.6815114340,-38.3882354002,0
              175.6813467504,-38.3882101332,0
              175.6811894660,-38.3882070002,0
              175.6811278007,-38.3882496838,0
              175.6810986500,-38.3883431164,0
              175.6811116675,-38.3884544500,0
              175.6809892675,-38.3885071660,0
              175.6809615000,-38.3885799502,0
              175.6810011497,-38.3887026666,0
              175.6811157342,-38.3887875332,0
              175.6812270999,-38.3888449829,0
              175.6812647009,-38.3889144995,0
              175.6812057341,-38.3890275338,0
              175.6811132006,-38.3893457496,0
              175.6810915008,-38.3895197333,0
              175.6809727499,-38.3896101332,0
              175.6807972166,-38.3897001998,0
              175.6806036994,-38.3898336168,0
              175.6805015167,-38.3900146500,0
              175.6804770505,-38.3901165501,0
              175.6805616332,-38.3903859001,0
              175.6806320171,-38.3905130327,0
              175.6805838837,-38.3906240826,0
              175.6805723173,-38.3907205329,0
              175.6806162008,-38.3907830331,0
              175.6806742341,-38.3908159999,0
              175.6806945007,-38.3908893832,0
              175.6806958335,-38.3909803665,0
              175.6806010337,-38.3912402334,0
              175.6806584329,-38.3918811830,0
              175.6806013167,-38.3919288998,0
              175.6803208998,-38.3919596329,0
              175.6802094006,-38.3920120834,0
              175.6800729176,-38.3921527334,0
              175.6800041003,-38.3922934830,0
              175.6799767168,-38.3925466000,0
              175.6800111497,-38.3927604499,0
              175.6799642671,-38.3928474331,0
              175.6798358508,-38.3929140331,0
              175.6798075672,-38.3929730994,0
              175.6798222340,-38.3930706496,0
              175.6799081673,-38.3932290160,0
              175.6800369172,-38.3936758668,0
              175.6800446667,-38.3938060663,0
              175.6800008494,-38.3939104669,0
              175.6799006170,-38.3940161672,0
              175.6796579000,-38.3941617168,0
              175.6795312331,-38.3942098501,0
              175.6794131498,-38.3943134329,0
              175.6793891340,-38.3943775669,0
              175.6793992336,-38.3944318663,0
              175.6795455833,-38.3946725666,0
              175.6795385170,-38.3947142501,0
              175.6794133341,-38.3948657997,0
              175.6793856330,-38.3949377828,0
              175.6793824674,-38.3950665498,0
              175.6794212838,-38.3951624493,0
              175.6795721000,-38.3952416501,0
              175.6796194504,-38.3953429666,0
              175.6796730171,-38.3953886330,0
              175.6798286837,-38.3956020663,0
              175.6798382661,-38.3957092329,0
              175.6797964996,-38.3958220163,0
              175.6797020833,-38.3958808665,0
              175.6794916492,-38.3958752162,0
              175.6794546834,-38.3959024999,0
              175.6794589005,-38.3959617173,0
              175.6795151164,-38.3960375328,0
              175.6795544999,-38.3961555830,0
              175.6795670507,-38.3963078499,0
              175.6796441172,-38.3964806334,0
              175.6796652660,-38.3965856831,0
              175.6796612835,-38.3966656669,0
              175.6796304499,-38.3967487833,0
              175.6795233333,-38.3969891829,0
              175.6793970326,-38.3972063501,0
              175.6792984003,-38.3973319831,0
              175.6792405003,-38.3974380661,0
              175.6791102673,-38.3975527998,0
              175.6788393165,-38.3976751332,0
              175.6786562168,-38.3977355332,0
              175.6785439836,-38.3977058331,0
              175.6781616005,-38.3976459167,0
              175.6781509665,-38.3976249827,0
              175.6780767336,-38.3975998499,0
              175.6777961002,-38.3975958161,0
              175.6775606665,-38.3976412495,0
              175.6775335002,-38.3976680833,0
              175.6772884500,-38.3977953506,0
              175.6771556172,-38.3978474994,0
              175.6770286338,-38.3979751661,0
              175.6768521675,-38.3980919667,0
              175.6766723831,-38.3982724166,0
              175.6765509499,-38.3984604997,0
              175.6764504498,-38.3985822664,0
              175.6762899666,-38.3989017994,0
              175.6761851167,-38.3990168833,0
              175.6756444666,-38.3993624001,0
              175.6754507172,-38.3994589496,0
              175.6752403997,-38.3996319831,0
              175.6751690170,-38.3999483831,0
              175.6751384505,-38.4003214834,0
              175.6750766497,-38.4004089162,0
              175.6746933500,-38.4007032665,0
              175.6745349172,-38.4007927498,0
              175.6743155662,-38.4008606166,0
              175.6741376999,-38.4009515495,0
              175.6739991328,-38.4010563001,0
              175.6738872665,-38.4012595827,0
              175.6738045005,-38.4013732667,0
              175.6737375835,-38.4015384667,0
              175.6737241003,-38.4016826167,0
              175.6736806161,-38.4017979664,0
              175.6736675005,-38.4019421828,0
              175.6737023676,-38.4030094338,0
              175.6736904499,-38.4033222499,0
              175.6736479669,-38.4035924994,0
              175.6735792993,-38.4038303168,0
              175.6734044332,-38.4040120831,0
              175.6732937003,-38.4040700167,0
              175.6728477497,-38.4044110160,0
              175.6726751002,-38.4045132002,0
              175.6726214498,-38.4045683998,0
              175.6724080007,-38.4048916834,0
              175.6723356999,-38.4049485996,0
              175.6721220838,-38.4050537331,0
              175.6719873169,-38.4051502163,0
              175.6718410326,-38.4052231333,0
              175.6717111998,-38.4052454160,0
              175.6715566502,-38.4052380166,0
              175.6714650503,-38.4052759172,0
              175.6714462826,-38.4053106500,0
              175.6714466341,-38.4053984329,0
              175.6713997998,-38.4054460496,0
              175.6711506666,-38.4055575002,0
              175.6709933839,-38.4057140826,0
              175.6709495334,-38.4058352664,0
              175.6709150497,-38.4058746994,0
              175.6705530169,-38.4061441173,0
              175.6704679335,-38.4061917660,0
              175.6703221505,-38.4063538662,0
              175.6700995831,-38.4065303001,0
              175.6699862665,-38.4066009000,0
              175.6697710334,-38.4066897995,0
              175.6695320833,-38.4067581666,0
              175.6694498839,-38.4067722162,0
              175.6693332006,-38.4067701993,0
              175.6690455830,-38.4066963999,0
              175.6686692495,-38.4066466831,0
              175.6680509839,-38.4066200000,0
              175.6680255999,-38.4065942167,0
              175.6679401835,-38.4065907329,0
              175.6679221498,-38.4065730165,0
              175.6678176838,-38.4066059328,0
              175.6675818166,-38.4067685498,0
              175.6673953668,-38.4071553997,0
              175.6673495831,-38.4073310828,0
              175.6672322508,-38.4075562997,0
              175.6669247670,-38.4077661002,0
              175.6665643331,-38.4079458829,0
              175.6663536325,-38.4080162664,0
              175.6660872666,-38.4080347828,0
              175.6659325666,-38.4080171495,0
              175.6652686164,-38.4078182162,0
              175.6650612009,-38.4077894169,0
              175.6644565501,-38.4077949160,0
              175.6640132499,-38.4076953000,0
              175.6636877994,-38.4076390498,0
              175.6634112171,-38.4076096329,0
              175.6629723830,-38.4076180326,0
              175.6628145169,-38.4076374669,0
              175.6626250666,-38.4076991993,0
              175.6623424667,-38.4077493329,0
              175.6621492834,-38.4078142327,0
              175.6620200668,-38.4078863000,0
              175.6619134165,-38.4079243163,0
              175.6612677672,-38.4080233665,0
              175.6604223337,-38.4079859830,0
              175.6602598839,-38.4079567998,0
              175.6598798666,-38.4078106499,0
              175.6595552672,-38.4077364829,0
              175.6594042993,-38.4077227999,0
              175.6592957507,-38.4077320996,0
              175.6590941000,-38.4077548998,0
              175.6585202167,-38.4079655166,0
              175.6584154826,-38.4079822667,0
              175.6582049671,-38.4079873330,0
              175.6580970007,-38.4079649832,0
              175.6579900663,-38.4079718834,0
              175.6575807502,-38.4080361500,0
              175.6569997673,-38.4082141331,0
              175.6566841332,-38.4083347996,0
              175.6562067505,-38.4084085829,0
              175.6560193664,-38.4084507836,0
              175.6558489005,-38.4085392831,0
              175.6555773669,-38.4085969000,0
              175.6554966005,-38.4086959334,0
              175.6554781002,-38.4087571832,0
              175.6554342838,-38.4088046000,0
              175.6553925996,-38.4088232831,0
              175.6545712167,-38.4088661494,0
              175.6544415499,-38.4089908661,0
              175.6543253166,-38.4089998002,0
              175.6542891326,-38.4089710168,0
              175.6541082992,-38.4089587165,0
              175.6539256667,-38.4090648333,0
              175.6537556835,-38.4091974502,0
              175.6535933837,-38.4092455001,0
              175.6533581004,-38.4092593667,0
              175.6531512509,-38.4093673996,0
              175.6528581507,-38.4096055834,0
              175.6526736659,-38.4097904999,0
              175.6524727675,-38.4099346334,0
              175.6522451493,-38.4100663333,0
              175.6520758508,-38.4102381998,0
              175.6519744675,-38.4103088493,0
              175.6518719502,-38.4104297500,0
              175.6516850839,-38.4105835494,0
              175.6512814992,-38.4109981662,0
              175.6511528333,-38.4112261497,0
              175.6511253168,-38.4113253001,0
              175.6510939170,-38.4116436502,0
              175.6510484998,-38.4118437498,0
              175.6509504503,-38.4120762326,0
              175.6507780339,-38.4123191662,0
              175.6505845338,-38.4124813664,0
              175.6503563000,-38.4125577828,0
              175.6502679170,-38.4125673333,0
              175.6500372502,-38.4126353834,0
              175.6498909167,-38.4126976994,0
              175.6496086507,-38.4127434999,0
              175.6493911159,-38.4129167999,0
              175.6493296996,-38.4129883666,0
              175.6492241174,-38.4132235836,0
              175.6491050836,-38.4133555000,0
              175.6489992827,-38.4135298831,0
              175.6489633332,-38.4136304501,0
              175.6489329171,-38.4138207833,0
              175.6489366669,-38.4142209501,0
              175.6487481340,-38.4145026497,0
              175.6487186331,-38.4146143666,0
              175.6487503497,-38.4146777332,0
              175.6488416500,-38.4147640335,0
              175.6488574675,-38.4147974499,0
              175.6488749835,-38.4148852495,0
              175.6488640007,-38.4151834665,0
              175.6488775495,-38.4152351498,0
              175.6489291667,-38.4153103668,0
              175.6489175332,-38.4154189830,0
              175.6488533840,-38.4155292833,0
              175.6487964005,-38.4157938006,0
              175.6488573502,-38.4161040832,0
              175.6489020333,-38.4162293997,0
              175.6489919338,-38.4166342672,0
              175.6491408007,-38.4167550827,0
              175.6491453502,-38.4168009499,0
              175.6491161839,-38.4168619995,0
              175.6490760673,-38.4168988669,0
              175.6489565508,-38.4169617330,0
              175.6489354509,-38.4171151665,0
              175.6489759162,-38.4171854000,0
              175.6490992839,-38.4172542664,0
              175.6491189669,-38.4172817496,0
              175.6490771500,-38.4174734165,0
              175.6490552341,-38.4178847161,0
              175.6491451836,-38.4180060668,0
              175.6491805503,-38.4181954833,0
              175.6491312999,-38.4183046827,0
              175.6490378332,-38.4183973829,0
              175.6488956173,-38.4184859004,0
              175.6488468671,-38.4185989330,0
              175.6488890662,-38.4187832494,0
              175.6488892668,-38.4189494495,0
              175.6487586832,-38.4193898999,0
              175.6486943004,-38.4195083497,0
              175.6483831166,-38.4199574333,0
              175.6483383167,-38.4200739335,0
              175.6482887505,-38.4203644172,0
              175.6482455999,-38.4208539832,0
              175.6481837171,-38.4211076502,0
              175.6479858841,-38.4214143833,0
              175.6478938005,-38.4216170667,0
              175.6475268998,-38.4221030994,0
              175.6474693502,-38.4221142501,0
              175.6473126833,-38.4222434160,0
              175.6471281003,-38.4223135996,0
              175.6469371675,-38.4224249662,0
              175.6467826001,-38.4225559994,0
              175.6465163332,-38.4227002994,0
              175.6461881167,-38.4229222164,0
              175.6453147825,-38.4231918168,0
              175.6448673003,-38.4233039995,0
              175.6447366500,-38.4234375498,0
              175.6445765341,-38.4235163166,0
              175.6445058339,-38.4235777668,0
              175.6443684168,-38.4237438327,0
              175.6442714006,-38.4239322167,0
              175.6441484332,-38.4240414667,0
              175.6440593170,-38.4241612337,0
              175.6439384826,-38.4242521161,0
              175.6438487325,-38.4244901829,0
              175.6435915007,-38.4246725327,0
              175.6434280841,-38.4249752667,0
              175.6433871502,-38.4250293661,0
              175.6432929008,-38.4251031999,0
              175.6431868999,-38.4251562496,0
              175.6430930492,-38.4252254494,0
              175.6429959166,-38.4253233166,0
              175.6427841833,-38.4254904830,0
              175.6426050168,-38.4255928996,0
              175.6424062168,-38.4257591995,0
              175.6422047501,-38.4258815326,0
              175.6418816506,-38.4260427667,0
              175.6415581998,-38.4261483663,0
              175.6413385839,-38.4262937829,0
              175.6411637500,-38.4263468336,0
              175.6406844499,-38.4265392994,0
              175.6403462008,-38.4266385331,0
              175.6401419497,-38.4267264494,0
              175.6400045671,-38.4267213501,0
              175.6399001672,-38.4267776666,0
              175.6395014671,-38.4268712661,0
              175.6390676834,-38.4268768501,0
              175.6388839508,-38.4268928332,0
              175.6387912828,-38.4268683660,0
              175.6385576004,-38.4268959997,0
              175.6384134162,-38.4268813660,0
              175.6382692006,-38.4269089999,0
              175.6380192497,-38.4269965330,0
              175.6377446504,-38.4271254668,0
              175.6375720662,-38.4272461829,0
              175.6373411166,-38.4273464664,0
              175.6370132670,-38.4275354001,0
              175.6369200334,-38.4275631331,0
              175.6366371832,-38.4277003160,0
              175.6365010834,-38.4277371328,0
              175.6364268331,-38.4277413497,0
              175.6362856666,-38.4277262995,0
              175.6359622499,-38.4277247995,0
              175.6356502833,-38.4276088168,0
              175.6353665838,-38.4275825662,0
              175.6345275667,-38.4273383165,0
              175.6339931161,-38.4271108162,0
              175.6339331675,-38.4271141495,0
              175.6337799668,-38.4271633833,0
              175.6334829338,-38.4272053665,0
              175.6333856005,-38.4271978496,0
              175.6331729167,-38.4271092329,0
              175.6330453334,-38.4271577168,0
              175.6327809165,-38.4268960827,0
              175.6326491659,-38.4268596499,0
              175.6322949500,-38.4268390667,0
              175.6321069999,-38.4268519670,0
              175.6314989166,-38.4268326000,0
              175.6312718832,-38.4268376662,0
              175.6310183841,-38.4268837331,0
              175.6307782835,-38.4269808505,0
              175.6307248837,-38.4270240829,0
              175.6303533334,-38.4273503327,0
              175.6302468839,-38.4274244501,0
              175.6301132665,-38.4275814330,0
              175.6299224004,-38.4277440327,0
              175.6296149833,-38.4279633168,0
              175.6295710659,-38.4280404163,0
              175.6293306505,-38.4283104328,0
              175.6291237665,-38.4284454002,0
              175.6287905674,-38.4285981828,0
              175.6285943840,-38.4287126499,0
              175.6280871335,-38.4289186494,0
              175.6278853498,-38.4290330662,0
              175.6273139339,-38.4292856832,0
              175.6270571833,-38.4293783831,0
              175.6267240670,-38.4295474997,0
              175.6261787829,-38.4297581166,0
              175.6258712672,-38.4298426667,0
              175.6255859669,-38.4299886161,0
              175.6251442839,-38.4301778833,0
              175.6248938001,-38.4302526667,0
              175.6242639165,-38.4305061002,0
              175.6237045508,-38.4306975505,0
              175.6235167332,-38.4307999501,0
              175.6231947832,-38.4309440497,0
              175.6228629668,-38.4311698997,0
              175.6226690675,-38.4313542168,0
              175.6224408837,-38.4316512001,0
              175.6224308827,-38.4318333662,0
              175.6224801665,-38.4319654999,0
              175.6226068169,-38.4322081501,0
              175.6226755665,-38.4324621828,0
              175.6227152993,-38.4328357000,0
              175.6226515833,-38.4330249662,0
              175.6226256667,-38.4332153996,0
              175.6225757494,-38.4333403835,0
              175.6223769840,-38.4336794669,0
              175.6222705675,-38.4338220664,0
              175.6220347334,-38.4339303494,0
              175.6214508335,-38.4341228829,0
              175.6213427664,-38.4341754494,0
              175.6210617002,-38.4343772494,0
              175.6209787502,-38.4344868493,0
              175.6209140670,-38.4346291172,0
              175.6208392666,-38.4348632502,0
              175.6207500000,-38.4356257168,0
              175.6207038169,-38.4357724504,0
              175.6206346998,-38.4358952665,0
              175.6204254499,-38.4361097333,0
              175.6201463006,-38.4363137498,0
              175.6198210673,-38.4364666167,0
              175.6196198166,-38.4366050996,0
              175.6193701172,-38.4367438163,0
              175.6190660331,-38.4369509668,0
              175.6189757332,-38.4370563833,0
              175.6187845669,-38.4372025330,0
              175.6185742332,-38.4374217827,0
              175.6184843999,-38.4375882829,0
              175.6182514171,-38.4379225331,0
              175.6179162163,-38.4386453162,0
              175.6177969669,-38.4390416168,0
              175.6176940661,-38.4397053995,0
              175.6176719835,-38.4400212167,0
              175.6175705836,-38.4402810669,0
              175.6173673165,-38.4406280166,0
              175.6172746338,-38.4407350167,0
              175.6171269009,-38.4409750835,0
              175.6169703504,-38.4412577665,0
              175.6168878839,-38.4413230332,0
              175.6166440498,-38.4414655002,0
              175.6165228334,-38.4415096164,0
              175.6156734341,-38.4416795328,0
              175.6152687007,-38.4417156835,0
              175.6151305840,-38.4416922164,0
              175.6144882172,-38.4416347668,0
              175.6142491832,-38.4415797164,0
              175.6140043173,-38.4415030832,0
              175.6137731333,-38.4414587498,0
              175.6131635840,-38.4414716498,0
              175.6128405341,-38.4415048168,0
              175.6125633008,-38.4415499000,0
              175.6122609164,-38.4416369161,0
              175.6120225500,-38.4417217501,0
              175.6117774668,-38.4418397329,0
              175.6115791832,-38.4419019668,0
              175.6112829667,-38.4419602665,0
              175.6111678172,-38.4419987999,0
              175.6110727326,-38.4420693832,0
              175.6110658170,-38.4421725830,0
              175.6111084836,-38.4422634334,0
              175.6111327829,-38.4422780663,0
              175.6114102339,-38.4423143498,0
              175.6117733503,-38.4423248497,0
              175.6119078331,-38.4424003161,0
              175.6120157668,-38.4425224664,0
              175.6120362166,-38.4426361328,0
              175.6119028165,-38.4428580001,0
              175.6117767167,-38.4429423666,0
              175.6117368493,-38.4430123496,0
              175.6118543499,-38.4433171669,0
              175.6118820003,-38.4435678501,0
              175.6118342493,-38.4437639166,0
              175.6114016007,-38.4440874827,0
              175.6109653675,-38.4443425496,0
              175.6109104331,-38.4444015994,0
              175.6108239163,-38.4449649994,0
              175.6104057334,-38.4452880663,0
              175.6103544001,-38.4454156500,0
              175.6103736668,-38.4455064835,0
              175.6106413175,-38.4459091168,0
              175.6108179172,-38.4462347830,0
              175.6112881334,-38.4469050164,0
              175.6114216668,-38.4477925999,0
              175.6119805834,-38.4484941170,0
              175.6127453004,-38.4489712828,0
              175.6143785993,-38.4483093666,0
              175.6154269339,-38.4486624661,0
              175.6145085171,-38.4507868997,0
              175.6122654829,-38.4522702493,0
              175.6116539831,-38.4532346831,0
              175.6110265997,-38.4541543995,0
              175.6109506837,-38.4542396167,0
              175.6058642504,-38.4615760667,0
              175.6076852503,-38.4696664167,0
              175.6081994165,-38.4718398997,0
              175.6117451671,-38.4859716998,0
              175.6121851660,-38.4876116162,0
              175.6143225334,-38.4963025333,0
              175.6164845001,-38.5053369494,0
              175.6261522175,-38.5409118666,0
              175.6253712995,-38.5451540994,0
              175.6282145994,-38.5504246000,0
              175.6287813666,-38.5511674828,0
              175.6369363003,-38.5524641660,0
              175.6369898830,-38.5552641328,0
              175.6355468166,-38.5577796666,0
              175.6368041834,-38.5644853665,0
              175.6337455008,-38.5660914496,0
              175.6348770169,-38.5698631829,0
              175.6338619001,-38.5729356828,0
              175.6344347008,-38.5754332832,0
              175.6342648175,-38.5757305329,0
              175.6341700005,-38.5758595994,0
              175.6340915507,-38.5760224167,0
              175.6338491169,-38.5763739327,0
              175.6336114501,-38.5768053999,0
              175.6335208007,-38.5770030498,0
              175.6332065666,-38.5778607169,0
              175.6331165835,-38.5780584163,0
              175.6329573001,-38.5785551664,0
              175.6328665329,-38.5787293667,0
              175.6326794500,-38.5794659831,0
              175.6326317666,-38.5803578328,0
              175.6326506499,-38.5806768663,0
              175.6325253660,-38.5821526164,0
              175.6325575998,-38.5831777835,0
              175.6328301176,-38.5862593831,0
              175.6329495500,-38.5869396999,0
              175.6330169333,-38.5880882830,0
              175.6330019335,-38.5884077834,0
              175.6326930833,-38.5900910829,0
              175.6326672001,-38.5904344168,0
              175.6326684334,-38.5907308828,0
              175.6325591998,-38.5914865001,0
              175.6325232506,-38.5916245826,0
              175.6324589994,-38.5917750672,0
              175.6323255668,-38.5919849332,0
              175.6321770498,-38.5921838664,0
              175.6319587507,-38.5924308327,0
              175.6314902497,-38.5928680829,0
              175.6302934336,-38.5937391501,0
              175.6300049326,-38.5940222499,0
              175.6298114325,-38.5941882164,0
              175.6294147163,-38.5946118665,0
              175.6289804498,-38.5951509667,0
              175.6288634171,-38.5954059330,0
              175.6286210005,-38.5960419162,0
              175.6286002330,-38.5967965830,0
              175.6286169336,-38.5971388327,0
              175.6287713833,-38.5988251833,0
              175.6287909838,-38.5998075666,0
              175.6287166498,-38.6003468501,0
              175.6286258338,-38.6005555505,0
              175.6285321171,-38.6007072827,0
              175.6282857667,-38.6009899995,0
              175.6278179000,-38.6014747671,0
              175.6275819999,-38.6016772834,0
              175.6271489836,-38.6019894501,0
              175.6266511500,-38.6024524500,0
              175.6259291000,-38.6030605165,0
              175.6243271669,-38.6042941834,0
              175.6239777175,-38.6045351667,0
              175.6230735005,-38.6052533169,0
              175.6226862167,-38.6056102828,0
              175.6216851664,-38.6067332672,0
              175.6211304498,-38.6075317833,0
              175.6208105839,-38.6081044994,0
              175.6206883004,-38.6082692335,0
              175.6206098003,-38.6084438838,0
              175.6201719507,-38.6098804330,0
              175.6199663830,-38.6104143499,0
              175.6195282339,-38.6112199667,0
              175.6190862665,-38.6119457328,0
              175.6187295166,-38.6123479668,0
              175.6185152331,-38.6126992169,0
              175.6179001661,-38.6134428830,0
              175.6165916342,-38.6148185999,0
              175.6164010673,-38.6150659499,0
              175.6162220334,-38.6152556335,0
              175.6158396832,-38.6157274832,0
              175.6156381002,-38.6160438993,0
              175.6148936835,-38.6176508999,0
              175.6148048503,-38.6178946001,0
              175.6146579168,-38.6181403661,0
              175.6144250334,-38.6184120830,0
              175.6139524828,-38.6188297166,0
              175.6136270666,-38.6192764662,0
              175.6127529175,-38.6203721833,0
              175.6125635669,-38.6206422328,0
              175.6123706165,-38.6208437163,0
              175.6115238839,-38.6215950498,0
              175.6113163000,-38.6217969495,0
              175.6107934172,-38.6223648500,0
              175.6101161829,-38.6230410002,0
              175.6099213172,-38.6232080832,0
              175.6096919660,-38.6235479996,0
              175.6092002835,-38.6241602497,0
              175.6085696499,-38.6248917494,0
              175.6083747669,-38.6250587168,0
              175.6081266500,-38.6253190836,0
              175.6079359663,-38.6255660002,0
              175.6076944000,-38.6259519661,0
              175.6074371004,-38.6263155838,0
              175.6071611001,-38.6265997501,0
              175.6069280341,-38.6268709663,0
              175.6063886827,-38.6274044494,0
              175.6063045666,-38.6274645669,0
              175.6058262835,-38.6280530996,0
              175.6056053167,-38.6282780834,0
              175.6052153827,-38.6286325662,0
              175.6044556501,-38.6292199500,0
              175.6003418664,-38.6341246662,0
              175.5973086173,-38.6349397828,0
              175.5923283827,-38.6374208995,0
              175.5900062837,-38.6402505495,0
              175.5887527165,-38.6409247165,0
              175.5859152825,-38.6416690162,0
              175.5822625330,-38.6460033828,0
              175.5782889171,-38.6470569160,0
              175.5759290174,-38.6498519332,0
              175.5767410165,-38.6501262666,0
              175.5792861169,-38.6526526001,0
              175.5789641002,-38.6541243497,0
              175.5777522337,-38.6559242161,0
              175.5784372000,-38.6578884502,0
              175.5785590828,-38.6599147494,0
              175.5767174172,-38.6630014830,0
              175.5767196331,-38.6633698662,0
              175.5787099663,-38.6654715167,0
              175.5776423326,-38.6687460497,0
              175.5774175505,-38.6700179663,0
              175.5753644997,-38.6724314831,0
              175.5758200667,-38.6744960830,0
              175.5772174508,-38.6743078163,0
              175.5784363332,-38.6753567004,0
              175.5786186672,-38.6766891329,0
              175.5807385665,-38.6775791496,0
              175.5795789840,-38.6818063996,0
              175.5786894835,-38.6829948327,0
              175.5761240502,-38.6853738995,0
              175.5750680336,-38.6867879827,0
              175.5746493164,-38.6871577163,0
              175.5731216169,-38.6903904000,0
              175.5712878997,-38.6913901161,0
              175.5699447003,-38.6923467000,0
              175.5692966504,-38.6930478832,0
              175.5690794331,-38.6934067000,0
              175.5681148837,-38.6944767166,0
              175.5649587167,-38.6954190165,0
              175.5645025670,-38.6960498826,0
              175.5635514332,-38.6976757661,0
              175.5638676164,-38.6987645493,0
              175.5631055165,-38.7011690832,0
              175.5624608169,-38.7019136662,0
              175.5612872005,-38.7031043839,0
              175.5603829002,-38.7043225494,0
              175.5579104339,-38.7071831997,0
              175.5580821003,-38.7090374668,0
              175.5571559337,-38.7101619663,0
              175.5554974337,-38.7111965662,0
              175.5543796003,-38.7139220998,0
              175.5524192331,-38.7162039835,0
              175.5485133839,-38.7186623668,0
              175.5421178837,-38.7256316173,0
              175.5404303669,-38.7279667163,0
              175.5396492004,-38.7288381494,0
              175.5378226160,-38.7307248163,0
              175.5358723826,-38.7330776664,0
              175.5344678831,-38.7347323669,0
              175.5329694333,-38.7374409827,0
              175.5322997169,-38.7395823995,0
              175.5311969174,-38.7410817333,0
              175.5298040496,-38.7430676664,0
              175.5293609667,-38.7436017165,0
              175.5283369171,-38.7444021001,0
              175.5280218508,-38.7445702666,0
              175.5274172498,-38.7448142994,0
              175.5267231338,-38.7450147169,0
              175.5249370833,-38.7453451330,0
              175.5246475670,-38.7454210163,0
              175.5240991171,-38.7456063835,0
              175.5239411173,-38.7456790000,0
              175.5235863165,-38.7459512334,0
              175.5232945498,-38.7463364833,0
              175.5232457167,-38.7465782828,0
              175.5232430341,-38.7468762168,0
              175.5235382503,-38.7480375167,0
              175.5236195992,-38.7482417333,0
              175.5237722166,-38.7487649665,0
              175.5238522508,-38.7493014660,0
              175.5237920172,-38.7496237328,0
              175.5236965992,-38.7497979334,0
              175.5235422506,-38.7499621167,0
              175.5233865330,-38.7500919668,0
              175.5232426670,-38.7501527995,0
              175.5230248333,-38.7501925329,0
              175.5223666835,-38.7501972664,0
              175.5214075502,-38.7499917497,0
              175.5202342341,-38.7499174999,0
              175.5198697672,-38.7499493835,0
              175.5196957672,-38.7499880327,0
              175.5195231340,-38.7500609994,0
              175.5188673329,-38.7504895665,0
              175.5186577339,-38.7507352999,0
              175.5184531501,-38.7511069329,0
              175.5183527503,-38.7518884494,0
              175.5183501498,-38.7532862162,0
              175.5184964172,-38.7543824494,0
              175.5185129002,-38.7547944661,0
              175.5185718667,-38.7551710835,0
              175.5185824000,-38.7554343328,0
              175.5189744831,-38.7571889993,0
              175.5194395999,-38.7582086498,0
              175.5196744161,-38.7585923996,0
              175.5198749841,-38.7588509664,0
              175.5200883163,-38.7590634001,0
              175.5204789006,-38.7593172832,0
              175.5222828333,-38.7601550503,0
              175.5228502174,-38.7604389664,0
              175.5233408332,-38.7606331001,0
              175.5243846834,-38.7611229496,0
              175.5247592826,-38.7613428496,0
              175.5259653999,-38.7622296662,0
              175.5261943009,-38.7624646168,0
              175.5263030675,-38.7626223165,0
              175.5264401341,-38.7627564327,0
              175.5269340673,-38.7633972668,0
              175.5270446665,-38.7636007672,0
              175.5271900006,-38.7639408832,0
              175.5273687996,-38.7647498833,0
              175.5273789000,-38.7650016826,0
              175.5272841835,-38.7662871496,0
              175.5275306500,-38.7673236169,0
              175.5276074995,-38.7677799827,0
              175.5275899169,-38.7688000497,0
              175.5276316497,-38.7694749495,0
              175.5277574174,-38.7700561333,0
              175.5279873492,-38.7706805664,0
              175.5283150341,-38.7711880332,0
              175.5284214994,-38.7712885169,0
              175.5297702668,-38.7735350997,0
              175.5298822665,-38.7737729164,0
              175.5300225833,-38.7739871500,0
              175.5301021167,-38.7741455672,0
              175.5302570662,-38.7743594168,0
              175.5302899663,-38.7744502499,0
              175.5305875333,-38.7749355493,0
              175.5309960828,-38.7752691661,0
              175.5311450338,-38.7753342162,0
              175.5315071339,-38.7753852329,0
              175.5315798993,-38.7753721835,0
              175.5317421336,-38.7754028834,0
              175.5322694832,-38.7754026168,0
              175.5325646995,-38.7754646668,0
              175.5328733161,-38.7754921170,0
              175.5335088836,-38.7756495000,0
              175.5338500508,-38.7757676827,0
              175.5351762006,-38.7763899164,0
              175.5354015333,-38.7765449829,0
              175.5364953175,-38.7776296664,0
              175.5370486175,-38.7783490832,0
              175.5374697831,-38.7790599995,0
              175.5376744831,-38.7794555995,0
              175.5382834334,-38.7809054826,0
              175.5384885499,-38.7813124999,0
              175.5390941333,-38.7826703327,0
              175.5395894335,-38.7842148502,0
              175.5396925169,-38.7846355838,0
              175.5399811336,-38.7861383166,0
              175.5400951339,-38.7872676328,0
              175.5401820666,-38.7904897830,0
              175.5402187826,-38.7906947664,0
              175.5407303331,-38.7922839996,0
              175.5409074502,-38.7935376834,0
              175.5416529004,-38.7951102662,0
              175.5462684503,-38.7934868338,0
              175.5486733505,-38.7923241834,0
              175.5509687840,-38.7905693999,0
              175.5534300003,-38.7893482173,0
              175.5536069175,-38.7893785660,0
              175.5540209668,-38.7894836333,0
              175.5545111498,-38.7896670169,0
              175.5550485331,-38.7899408334,0
              175.5554696499,-38.7902400998,0
              175.5559087327,-38.7906304166,0
              175.5562595505,-38.7910112827,0
              175.5567306992,-38.7918810833,0
              175.5571290659,-38.7927639332,0
              175.5572473335,-38.7931957331,0
              175.5574111498,-38.7936722498,0
              175.5575712492,-38.7940459502,0
              175.5577610668,-38.7944304328,0
              175.5583233998,-38.7953896334,0
              175.5584781162,-38.7956148331,0
              175.5585726006,-38.7957956334,0
              175.5586470502,-38.7958282661,0
              175.5597463999,-38.7974499827,0
              175.5625778666,-38.8019711161,0
              175.5636530666,-38.8037305328,0
              175.5650663829,-38.8055166331,0
              175.5664768998,-38.8068226173,0
              175.5678326671,-38.8082326998,0
              175.5678929173,-38.8082770828,0
              175.5693290164,-38.8098797167,0
              175.5709982663,-38.8114427667,0
              175.5710471998,-38.8115788499,0
              175.5722575336,-38.8130150334,0
              175.5733633002,-38.8143963993,0
              175.5746201497,-38.8163002497,0
              175.5755627672,-38.8188285664,0
              175.5765803672,-38.8210007662,0
              175.5771875168,-38.8231707665,0
              175.5775938167,-38.8254596333,0
              175.5776004831,-38.8272430333,0
              175.5775129674,-38.8296573664,0
              175.5770161665,-38.8309033501,0
              175.5744899165,-38.8319778327,0
              175.5719632325,-38.8322405332,0
              175.5697905665,-38.8329639667,0
              175.5674879663,-38.8345477494,0
              175.5661286491,-38.8362703663,0
              175.5633965172,-38.8373377834,0
              175.5615076831,-38.8386149162,0
              175.5610190836,-38.8409010165,0
              175.5607063171,-38.8426467168,0
              175.5603908166,-38.8434081496,0
              175.5464381839,-38.8598730996,0
              175.5461297669,-38.8603163667,0
              175.5458844498,-38.8607115831,0
              175.5456576672,-38.8611470499,0
              175.5454805834,-38.8615666998,0
              175.5453404674,-38.8619963828,0
              175.5451875334,-38.8626154327,0
              175.5450239339,-38.8631688993,0
              175.5449772002,-38.8634218834,0
              175.5449424498,-38.8637573671,0
              175.5447758839,-38.8641896668,0
              175.5447150331,-38.8644746330,0
              175.5447128840,-38.8647272494,0
              175.5447613165,-38.8650483834,0
              175.5448562168,-38.8653502163,0
              175.5449940330,-38.8656451661,0
              175.5455990334,-38.8666264168,0
              175.5462071993,-38.8678659495,0
              175.5467242669,-38.8688111994,0
              175.5475721008,-38.8701373998,0
              175.5485533839,-38.8717488494,0
              175.5489503669,-38.8724401662,0
              175.5491839832,-38.8727712000,0
              175.5494123661,-38.8730257332,0
              175.5495914499,-38.8731781168,0
              175.5498921334,-38.8733852167,0
              175.5505964338,-38.8738168337,0
              175.5518636499,-38.8748452501,0
              175.5523412340,-38.8751512168,0
              175.5534373166,-38.8757979663,0
              175.5540004664,-38.8761679160,0
              175.5547049173,-38.8766915663,0
              175.5552356171,-38.8771656164,0
              175.5555138999,-38.8774620664,0
              175.5557749500,-38.8777799666,0
              175.5589141172,-38.8819403661,0
              175.5606779169,-38.8842049499,0
              175.5606990507,-38.8845072496,0
              175.5606026670,-38.8852863993,0
              175.5605347501,-38.8872264502,0
              175.5607089337,-38.8908010173,0
              175.5612815507,-38.8924230830,0
              175.5629508002,-38.8943406993,0
              175.5673771659,-38.8974197167,0
              175.5702082830,-38.8998027494,0
              175.5726458001,-38.9022517332,0
              175.5748584826,-38.9049686827,0
              175.5771006999,-38.9064844832,0
              175.5790396666,-38.9089331499,0
              175.5799698335,-38.9106842497,0
              175.5800603667,-38.9123514170,0
              175.5787975169,-38.9135345994,0
              175.5774122327,-38.9157837998,0
              175.5761161167,-38.9184654168,0
              175.5740887000,-38.9204203327,0
              175.5717209162,-38.9223028335,0
              175.5701907666,-38.9238120494,0
              175.5683619995,-38.9263912000,0
              175.5683033341,-38.9263925168,0
              175.5676124504,-38.9279743165,0
              175.5668229493,-38.9292288831,0
              175.5660473840,-38.9299204665,0
              175.5655282503,-38.9308790328,0
              175.5655306337,-38.9309431662,0
              175.5653296500,-38.9320766831,0
              175.5656836824,-38.9329110995,0
              175.5657488669,-38.9331159168,0
              175.5659498832,-38.9357682668,0
              175.5659377498,-38.9358486502,0
              175.5649197669,-38.9384903333,0
              175.5623921164,-38.9416879500,0
              175.5612603168,-38.9435188829,0
              175.5610718503,-38.9445300827,0
              175.5602949995,-38.9459762995,0
              175.5585363167,-38.9479567500,0
              175.5575985994,-38.9489595327,0
              175.5566845660,-38.9507175168,0
              175.5561264166,-38.9522553000,0
              175.5560007171,-38.9527372167,0
              175.5558727834,-38.9531286329,0
              175.5557506836,-38.9534311834,0
              175.5556333333,-38.9536666998,0
              175.5554949665,-38.9538934336,0
              175.5553007826,-38.9541195666,0
              175.5550416835,-38.9543627168,0
              175.5544911665,-38.9548344162,0
              175.5541989835,-38.9551338329,0
              175.5540582503,-38.9553503001,0
              175.5538835834,-38.9557158827,0
              175.5539799666,-38.9563642002,0
              175.5540548500,-38.9566577334,0
              175.5541583671,-38.9569624168,0
              175.5544715175,-38.9577405501,0
              175.5549318159,-38.9586176498,0
              175.5550948834,-38.9589727829,0
              175.5553930165,-38.9600800495,0
              175.5563184840,-38.9623339834,0
              175.5570675828,-38.9644937502,0
              175.5575773833,-38.9657279328,0
              175.5582454508,-38.9675107829,0
              175.5587944668,-38.9686215328,0
              175.5590243832,-38.9694463161,0
              175.5591175335,-38.9695969995,0
              175.5593045669,-38.9706759335,0
              175.5607712667,-38.9726853494,0
              175.5608661833,-38.9726533168,0
              175.5611868331,-38.9726016827,0
              175.5613919997,-38.9726129335,0
              175.5614965166,-38.9725064331,0
              175.5615993002,-38.9723312670,0
              175.5616468495,-38.9722951333,0
              175.5617293002,-38.9722776664,0
              175.5618728669,-38.9722882828,0
              175.5620431507,-38.9722808661,0
              175.5622494502,-38.9722257662,0
              175.5624603831,-38.9720723001,0
              175.5624875330,-38.9720290832,0
              175.5625200332,-38.9718463331,0
              175.5625185163,-38.9715945500,0
              175.5625733671,-38.9714760996,0
              175.5626652838,-38.9714198328,0
              175.5628628668,-38.9713600672,0
              175.5631910169,-38.9713840165,0
              175.5634316334,-38.9713796000,0
              175.5636794004,-38.9713020327,0
              175.5637711504,-38.9712548998,0
              175.5638990837,-38.9709815663,0
              175.5639319831,-38.9709452834,0
              175.5643099005,-38.9709743331,0
              175.5644429172,-38.9709161828,0
              175.5645531165,-38.9708211833,0
              175.5646674502,-38.9706552665,0
              175.5648586668,-38.9702841837,0
              175.5649965331,-38.9701139335,0
              175.5651748836,-38.9699784333,0
              175.5653788498,-38.9698889665,0
              175.5655460161,-38.9697213164,0
              175.5656231840,-38.9696694494,0
              175.5659022841,-38.9696448333,0
              175.5659989493,-38.9696526827,0
              175.5660805167,-38.9696855665,0
              175.5662220165,-38.9696458168,0
              175.5663040330,-38.9696535161,0
              175.5664382336,-38.9696960835,0
              175.5666305338,-38.9696019169,0
              175.5668265167,-38.9694643000,0
              175.5670296000,-38.9694251661,0
              175.5671243167,-38.9693757832,0
              175.5672020335,-38.9692918995,0
              175.5672099502,-38.9691729666,0
              175.5671905338,-38.9691086833,0
              175.5672713671,-38.9690133826,0
              175.5673718339,-38.9689709328,0
              175.5674936672,-38.9688806171,0
              175.5675148669,-38.9688419330,0
              175.5675312670,-38.9686946667,0
              175.5677261166,-38.9688394993,0
              175.5678438166,-38.9689894666,0
              175.5678930832,-38.9690243000,0
              175.5679775498,-38.9690594827,0
              175.5682375667,-38.9691216327,0
              175.5685087173,-38.9692182335,0
              175.5686017331,-38.9692672498,0
              175.5688480499,-38.9694436829,0
              175.5688913332,-38.9694853165,0
              175.5690538338,-38.9697593330,0
              175.5692179830,-38.9699372329,0
              175.5693510835,-38.9700438669,0
              175.5694168504,-38.9701429495,0
              175.5693871336,-38.9701655333,0
              175.5693108835,-38.9701647662,0
              175.5690687340,-38.9700867665,0
              175.5688299675,-38.9699836328,0
              175.5686279341,-38.9699609831,0
              175.5685631333,-38.9699763498,0
              175.5685038504,-38.9700123501,0
              175.5683874173,-38.9701301827,0
              175.5682553496,-38.9704744329,0
              175.5681925340,-38.9705447496,0
              175.5681063670,-38.9706079495,0
              175.5680064342,-38.9707900165,0
              175.5679557833,-38.9708352828,0
              175.5677731508,-38.9708791999,0
              175.5675778669,-38.9709756162,0
              175.5674670993,-38.9711049328,0
              175.5674616174,-38.9712536497,0
              175.5675696997,-38.9714492827,0
              175.5675682835,-38.9715316660,0
              175.5675014833,-38.9716637329,0
              175.5672770006,-38.9719223497,0
              175.5671088667,-38.9719755661,0
              175.5669247670,-38.9721041494,0
              175.5665220504,-38.9723220330,0
              175.5664217333,-38.9723553496,0
              175.5660485664,-38.9723904499,0
              175.5658563667,-38.9724777498,0
              175.5657361501,-38.9724742331,0
              175.5656048340,-38.9724339828,0
              175.5653197667,-38.9724631172,0
              175.5651999001,-38.9724390163,0
              175.5650909835,-38.9724607833,0
              175.5650403001,-38.9725083330,0
              175.5650275839,-38.9725654167,0
              175.5650936667,-38.9726462001,0
              175.5650932167,-38.9726713672,0
              175.5648919001,-38.9729485331,0
              175.5648403171,-38.9730464161,0
              175.5648451671,-38.9731059667,0
              175.5649676334,-38.9734894328,0
              175.5649855161,-38.9736429496,0
              175.5650903834,-38.9740262331,0
              175.5651000998,-38.9741430501,0
              175.5650816005,-38.9741955165,0
              175.5650085836,-38.9748561831,0
              175.5648747169,-38.9753033999,0
              175.5648841995,-38.9754339497,0
              175.5648693832,-38.9756123167,0
              175.5649060504,-38.9756973833,0
              175.5652302830,-38.9761194999,0
              175.5653290002,-38.9763493831,0
              175.5654286328,-38.9765266334,0
              175.5654460001,-38.9767098999,0
              175.5654768831,-38.9767903167,0
              175.5654750675,-38.9768955830,0
              175.5655033334,-38.9769576663,0
              175.5654872000,-38.9770421663,0
              175.5655579337,-38.9771939499,0
              175.5655470001,-38.9773174168,0
              175.5654537832,-38.9774492167,0
              175.5654004007,-38.9774830000,0
              175.5653702333,-38.9775307500,0
              175.5651940325,-38.9780507831,0
              175.5651069500,-38.9781666002,0
              175.5649553499,-38.9784511497,0
              175.5649213839,-38.9785492163,0
              175.5648289001,-38.9786375163,0
              175.5649960502,-38.9789825332,0
              175.5650680169,-38.9792327330,0
              175.5650708499,-38.9794089999,0
              175.5650356164,-38.9795802830,0
              175.5649762332,-38.9796208669,0
              175.5649547174,-38.9796778666,0
              175.5649005340,-38.9799267832,0
              175.5647588008,-38.9801496166,0
              175.5646545337,-38.9804117496,0
              175.5645883675,-38.9805049168,0
              175.5645359500,-38.9808224999,0
              175.5644406166,-38.9810755826,0
              175.5644169665,-38.9812561329,0
              175.5644838164,-38.9814628000,0
              175.5644838674,-38.9816298834,0
              175.5644622662,-38.9816914499,0
              175.5643963833,-38.9817685829,0
              175.5643946833,-38.9818669832,0
              175.5644253339,-38.9819611331,0
              175.5643677334,-38.9820681161,0
              175.5643666669,-38.9821298996,0
              175.5643326668,-38.9822302498,0
              175.5641426666,-38.9823587668,0
              175.5640453666,-38.9827262498,0
              175.5639884503,-38.9827943327,0
              175.5639366664,-38.9829036500,0
              175.5638742499,-38.9829510833,0
              175.5637841339,-38.9830714663,0
              175.5637425170,-38.9831030667,0
              175.5637237663,-38.9831692499,0
              175.5637373340,-38.9832334668,0
              175.5636596502,-38.9834844328,0
              175.5635450833,-38.9836617832,0
              175.5633535832,-38.9840465994,0
              175.5633035335,-38.9842269000,0
              175.5632440841,-38.9847801494,0
              175.5631714338,-38.9850792331,0
              175.5630341674,-38.9853822164,0
              175.5630053495,-38.9855215328,0
              175.5628734000,-38.9856849665,0
              175.5628540999,-38.9857831832,0
              175.5627966002,-38.9858855838,0
              175.5627606498,-38.9860980670,0
              175.5627152834,-38.9861754167,0
              175.5627089503,-38.9863721833,0
              175.5626552007,-38.9865959167,0
              175.5626336503,-38.9868296999,0
              175.6035427342,-38.9821279326,0
              175.6062814174,-38.9818227002,0
              175.6268862000,-38.9740059831,0
              175.6412331666,-38.9802855835,0
              175.6540375339,-38.9800898326,0
              175.6820124173,-38.9797105002,0
              175.6724864164,-38.9908530668,0
              175.6657364836,-38.9973414495,0
              175.6520894173,-39.0104996661,0
              175.6480525004,-39.0144133828,0
              175.6485783665,-39.0145884001,0
              175.6486237495,-39.0163960165,0
              175.6476548829,-39.0187343163,0
              175.6479399335,-39.0271383827,0
              175.6480049001,-39.0273094495,0
              175.6481428339,-39.0275709329,0
              175.6480409501,-39.0279224002,0
              175.6477385167,-39.0283513000,0
              175.6476219175,-39.0285843163,0
              175.6459013173,-39.0310350994,0
              175.6456726004,-39.0311550837,0
              175.6422968828,-39.0358886169,0
              175.6415440333,-39.0383139667,0
              175.6407897998,-39.0398347326,0
              175.6382875667,-39.0420384664,0
              175.6357694832,-39.0453150498,0
              175.6312278663,-39.0488782831,0
              175.6312193663,-39.0486663996,0
              175.6311465660,-39.0485128668,0
              175.6310666002,-39.0484035494,0
              175.6310247003,-39.0482848499,0
              175.6310525508,-39.0481522160,0
              175.6311240508,-39.0480496329,0
              175.6311264498,-39.0479265333,0
              175.6311922832,-39.0477893994,0
              175.6311968003,-39.0475579836,0
              175.6312806333,-39.0474703161,0
              175.6313462675,-39.0473430500,0
              175.6313742175,-39.0472054668,0
              175.6315505671,-39.0469071333,0
              175.6316898998,-39.0465640168,0
              175.6317181332,-39.0464116833,0
              175.6317113496,-39.0461111662,0
              175.6318241502,-39.0458317669,0
              175.6317597827,-39.0455699666,0
              175.6182076838,-39.0484475665,0
              175.6135582669,-39.0506434333,0
              175.6145150662,-39.0541326832,0
              175.6149544498,-39.0550884502,0
              175.6183819169,-39.0579055000,0
              175.6194004335,-39.0582240163,0
              175.6215873828,-39.0594189671,0
              175.6223606828,-39.0596631836,0
              175.6245004163,-39.0598743829,0
              175.6246470670,-39.0599121834,0
              175.6244679500,-39.0603356838,0
              175.6246344669,-39.0606366832,0
              175.6244697665,-39.0611169499,0
              175.6247121335,-39.0615453669,0
              175.6244932160,-39.0619862840,0
              175.6236894834,-39.0623916835,0
              175.6235564001,-39.0627286173,0
              175.6232109329,-39.0630770174,0
              175.6235048664,-39.0633705330,0
              175.6235771497,-39.0635826333,0
              175.6235432159,-39.0637876172,0
              175.6230174004,-39.0640769332,0
              175.6221605841,-39.0640123165,0
              175.6217048339,-39.0642409833,0
              175.6214287498,-39.0641720166,0
              175.6207649997,-39.0662165165,0
              175.6208334831,-39.0668835500,0
              175.6206737336,-39.0682794499,0
              175.6171532827,-39.0749235338,0
              175.6179721328,-39.0812491669,0
              175.6187462337,-39.0825950994,0
              175.6213865328,-39.0854898499,0
              175.6217893170,-39.0861045502,0
              175.6219480998,-39.0865381172,0
              175.6220140166,-39.0869785161,0
              175.6225274000,-39.0870194496,0
              175.6230130170,-39.0872247999,0
              175.6231305668,-39.0873350668,0
              175.6241347503,-39.0872625665,0
              175.6247248833,-39.0867004167,0
              175.6253617505,-39.0863960329,0
              175.6256402508,-39.0860259833,0
              175.6259564336,-39.0858153002,0
              175.6264037498,-39.0860021664,0
              175.6267249501,-39.0865452831,0
              175.6278989335,-39.0869865001,0
              175.6281791829,-39.0871464164,0
              175.6288802168,-39.0872123665,0
              175.6293130673,-39.0875721165,0
              175.6308592000,-39.0874027667,0
              175.6312098176,-39.0872652165,0
              175.6318303504,-39.0877767499,0
              175.6323936501,-39.0888607000,0
              175.6337036172,-39.0889946662,0
              175.6353833175,-39.0886639661,0
              175.6365653498,-39.0896575161,0
              175.6374398336,-39.0901220331,0
              175.6374833329,-39.0905010664,0
              175.6375989998,-39.0909749830,0
              175.6377270334,-39.0917033494,0
              175.6376895340,-39.0923081832,0
              175.6377872337,-39.0926571994,0
              175.6378285005,-39.0930465661,0
              175.6381454339,-39.0935445826,0
              175.6383546336,-39.0941888666,0
              175.6387225674,-39.0948479829,0
              175.6387381498,-39.0953242167,0
              175.6389321994,-39.0954347499,0
              175.6393145175,-39.0966070996,0
              175.6399081996,-39.0973780500,0
              175.6404691831,-39.0969500502,0
              175.6406517497,-39.0968985502,0
              175.6414226498,-39.0965827495,0
              175.6417525330,-39.0965914996,0
              175.6421085500,-39.0966633333,0
              175.6424633667,-39.0969098171,0
              175.6425876340,-39.0970569005,0
              175.6427203502,-39.0973557994,0
              175.6428020505,-39.0978366669,0
              175.6431570333,-39.0979496001,0
              175.6436076670,-39.0985636163,0
              175.6441966000,-39.0986587995,0
              175.6442351501,-39.0989763169,0
              175.6444196997,-39.0991137668,0
              175.6448535002,-39.0991509166,0
              175.6451926836,-39.0994018666,0
              175.6454581994,-39.0993135163,0
              175.6454582508,-39.0998640668,0
              175.6455843004,-39.1001261333,0
              175.6462571669,-39.0998659837,0
              175.6465833672,-39.0999158999,0
              175.6468335159,-39.0997703835,0
              175.6474238672,-39.0997648328,0
              175.6476680665,-39.0998762494,0
              175.6477995501,-39.1000046499,0
              175.6478155496,-39.1000782502,0
              175.6473969340,-39.1001619665,0
              175.6470056160,-39.1004073163,0
              175.6467499502,-39.1007757834,0
              175.6465476833,-39.1017206331,0
              175.6464659340,-39.1022754667,0
              175.6462462508,-39.1026589995,0
              175.6459476327,-39.1027423502,0
              175.6454963997,-39.1031714166,0
              175.6427911164,-39.1043063496,0
              175.6372035998,-39.1291353165,0
              175.6346563662,-39.1583628833,0
              175.5834067665,-39.2370225001,0
              175.5578542165,-39.2759983495,0
              175.6138237831,-39.2866640162,0
              175.6583888659,-39.2950469165,0
              175.6692117666,-39.2969341494,0
              175.7048056330,-39.2883191496,0
              175.7408675834,-39.2974185671,0
              175.7409990675,-39.2926407831,0
              175.7412010001,-39.2925947669,0
              175.7518460673,-39.2878766994,0
              175.7571725497,-39.2894181667,0
              175.7579871838,-39.2897893504,0
              175.7638656337,-39.2910748166,0
              175.7653335668,-39.2914417667,0
              175.7669445501,-39.2921844497,0
              175.7673989007,-39.2936114499,0
              175.7682609506,-39.2942603673,0
              175.7696325501,-39.2949977661,0
              175.7715220508,-39.2948293835,0
              175.7741694169,-39.2938963166,0
              175.7800952337,-39.2933849829,0
              175.7835760671,-39.2942847165,0
              175.7908899508,-39.2997586665,0
              175.7966384171,-39.3002553497,0
              175.7977127832,-39.3000696328,0
              175.8007780004,-39.3003170005,0
              175.8061173326,-39.2997428833,0
              175.8074956168,-39.2999218995,0
              175.8125688005,-39.3003262165,0
              175.8163713841,-39.2985680328,0
              175.8186782173,-39.2966907832,0
              175.8228771500,-39.2930495163,0
              175.8233940167,-39.2924956165,0
              175.8238631503,-39.2917714831,0
              175.8244530664,-39.2911999168,0
              175.8286246336,-39.2890072163,0
              175.8285692161,-39.2887835494,0
              175.8286111999,-39.2887031331,0
              175.8286767341,-39.2883944327,0
              175.8291117338,-39.2876127663,0
              175.8291971337,-39.2875088668,0
              175.8312349674,-39.2857108328,0
              175.8314350830,-39.2855025830,0
              175.8315621662,-39.2853068830,0
              175.8326378161,-39.2843328834,0
              175.8334629499,-39.2833171995,0
              175.8336998009,-39.2828234993,0
              175.8342848839,-39.2810252666,0
              175.8343690996,-39.2808758000,0
              175.8344630498,-39.2805324665,0
              175.8347642335,-39.2796844832,0
              175.8349162673,-39.2793174502,0
              175.8350852825,-39.2790413164,0
              175.8352646000,-39.2785940829,0
              175.8353306672,-39.2783081669,0
              175.8354559831,-39.2780441161,0
              175.8356614504,-39.2774711163,0
              175.8357547995,-39.2771049998,0
              175.8359514000,-39.2767600668,0
              175.8367215168,-39.2758933668,0
              175.8372748341,-39.2751553997,0
              175.8380012165,-39.2743007666,0
              175.8382429493,-39.2740006996,0
              175.8383556167,-39.2738165994,0
              175.8385410168,-39.2736085660,0
              175.8391886831,-39.2731198162,0
              175.8406039501,-39.2722429826,0
              175.8413372341,-39.2716617166,0
              175.8415516660,-39.2714418501,0
              175.8418968825,-39.2711743337,0
              175.8422576504,-39.2709407669,0
              175.8425600494,-39.2707195002,0
              175.8427926331,-39.2706361006,0
              175.8430827006,-39.2705061832,0
              175.8434446169,-39.2703181831,0
              175.8439816325,-39.2700932331,0
              175.8450151492,-39.2697807334,0
              175.8460366160,-39.2695709502,0
              175.8472375506,-39.2694950999,0
              175.8496376665,-39.2692750162,0
              175.8503438501,-39.2693550663,0
              175.8513259832,-39.2693281996,0
              175.8518090000,-39.2692864001,0
              175.8524799998,-39.2691390830,0
              175.8540082000,-39.2686705500,0
              175.8543724331,-39.2685736329,0
              175.8547967837,-39.2685327494,0
              175.8552328507,-39.2683777169,0
              175.8569745163,-39.2676550669,0
              175.8572492836,-39.2675025828,0
              175.8575392999,-39.2673726498,0
              175.8581492668,-39.2671350834,0
              175.8591832670,-39.2668452326,0
              175.8601463008,-39.2666476671,0
              175.8604240175,-39.2666090828,0
              175.8617295839,-39.2666111831,0
              175.8627236840,-39.2664814667,0
              175.8632474167,-39.2663136335,0
              175.8636092842,-39.2661255663,0
              175.8646827176,-39.2650943168,0
              175.8648539334,-39.2649092665,0
              175.8650260502,-39.2647583835,0
              175.8660628509,-39.2640125998,0
              175.8664557666,-39.2638923999,0
              175.8670803332,-39.2636545663,0
              175.8675878832,-39.2634299831,0
              175.8680910171,-39.2630345326,0
              175.8682457836,-39.2627813664,0
              175.8683700673,-39.2624831000,0
              175.8684752328,-39.2620142163,0
              175.8684857666,-39.2618544993,0
              175.8686964008,-39.2609281003,0
              175.8688080835,-39.2607097997,0
              175.8692029338,-39.2600995500,0
              175.8692574337,-39.2599391335,0
              175.8692506327,-39.2596771493,0
              175.8690781173,-39.2592468493,0
              175.8689863167,-39.2591001668,0
              175.8685355332,-39.2586856999,0
              175.8682229332,-39.2585083329,0
              175.8677446175,-39.2581626661,0
              175.8668706672,-39.2572649001,0
              175.8664961669,-39.2569631830,0
              175.8660193505,-39.2566744500,0
              175.8654710163,-39.2564552494,0
              175.8646599663,-39.2562857999,0
              175.8638606331,-39.2560021827,0
              175.8634442334,-39.2557808829,0
              175.8625006003,-39.2550209333,0
              175.8617100499,-39.2545092666,0
              175.8608327505,-39.2540445499,0
              175.8595505166,-39.2532329661,0
              175.8585442335,-39.2528842163,0
              175.8575834174,-39.2525917329,0
              175.8573013500,-39.2524594501,0
              175.8569283833,-39.2522146327,0
              175.8567351672,-39.2521151327,0
              175.8566000173,-39.2519919167,0
              175.8563721841,-39.2516878329,0
              175.8563094327,-39.2515292829,0
              175.8562739667,-39.2512905333,0
              175.8562833338,-39.2510852497,0
              175.8563358004,-39.2508451166,0
              175.8563686162,-39.2504115667,0
              175.8563483999,-39.2501953663,0
              175.8562850507,-39.2500140335,0
              175.8554306839,-39.2481586329,0
              175.8553078171,-39.2479440501,0
              175.8551369004,-39.2475706998,0
              175.8549944169,-39.2471626996,0
              175.8546648662,-39.2451850496,0
              175.8546393674,-39.2447638001,0
              175.8546739499,-39.2443985994,0
              175.8547284668,-39.2442381995,0
              175.8548410505,-39.2440540831,0
              175.8548683174,-39.2439738834,0
              175.8551145668,-39.2438560332,0
              175.8555563667,-39.2439288332,0
              175.8563851329,-39.2442234161,0
              175.8565616174,-39.2442434330,0
              175.8568714836,-39.2443182997,0
              175.8572411669,-39.2444377999,0
              175.8574915326,-39.2444794331,0
              175.8578588668,-39.2445078163,0
              175.8582097836,-39.2444680668,0
              175.8584724496,-39.2444183330,0
              175.8588500332,-39.2442756164,0
              175.8591560993,-39.2442023831,0
              175.8594175839,-39.2441070831,0
              175.8598376663,-39.2439067002,0
              175.8611207502,-39.2430544999,0
              175.8620030836,-39.2425846829,0
              175.8625116995,-39.2424056827,0
              175.8636793000,-39.2421934328,0
              175.8648448162,-39.2419014496,0
              175.8661443333,-39.2416870827,0
              175.8669747841,-39.2414801498,0
              175.8677588999,-39.2411827999,0
              175.8692145825,-39.2407721832,0
              175.8695628174,-39.2406298999,0
              175.8702135341,-39.2402776663,0
              175.8725876834,-39.2391002494,0
              175.8728034000,-39.2389372831,0
              175.8736264007,-39.2384455329,0
              175.8746172509,-39.2376434163,0
              175.8746752837,-39.2376196998,0
              175.8757478509,-39.2365769500,0
              175.8760655340,-39.2363895499,0
              175.8763266833,-39.2362828165,0
              175.8781361507,-39.2353878167,0
              175.8783087502,-39.2352597001,0
              175.8785519666,-39.2350278997,0
              175.8787892331,-39.2345682665,0
              175.8788290508,-39.2344080834,0
              175.8790238165,-39.2340061162,0
              175.8796434160,-39.2330275663,0
              175.8798845499,-39.2327160166,0
              175.8802147670,-39.2324486332,0
              175.8806341495,-39.2322253998,0
              175.8814898838,-39.2318698161,0
              175.8816490165,-39.2317874996,0
              175.8821969834,-39.2314368496,0
              175.8830982331,-39.2305790995,0
              175.8833288499,-39.2304272663,0
              175.8836177675,-39.2302630831,0
              175.8843430836,-39.2299665495,0
              175.8853713675,-39.2294828161,0
              175.8855873006,-39.2293312164,0
              175.8857874176,-39.2291342668,0
              175.8858388670,-39.2288599493,0
              175.8858763170,-39.2280502328,0
              175.8859143166,-39.2278217165,0
              175.8860378503,-39.2275006500,0
              175.8861649666,-39.2273162834,0
              175.8863653498,-39.2271307168,0
              175.8868262498,-39.2268156333,0
              175.8880877334,-39.2262825495,0
              175.8895989328,-39.2257682167,0
              175.8902939506,-39.2254379497,0
              175.8907556993,-39.2251570169,0
              175.8910147006,-39.2249705163,0
              175.8914333834,-39.2247244503,0
              175.8917925335,-39.2244451667,0
              175.8926657673,-39.2236447995,0
              175.8929636162,-39.2232639333,0
              175.8932031500,-39.2228953994,0
              175.8932423168,-39.2227124331,0
              175.8933389170,-39.2224829669,0
              175.8935697501,-39.2217840998,0
              175.8936316502,-39.2213500501,0
              175.8936370172,-39.2209966832,0
              175.8935676169,-39.2205875501,0
              175.8930451495,-39.2191145168,0
              175.8929757667,-39.2187053828,0
              175.8929706832,-39.2185117330,0
              175.8930585840,-39.2179519163,0
              175.8933866004,-39.2170463661,0
              175.8934792831,-39.2166687995,0
              175.8935238173,-39.2161324831,0
              175.8933847503,-39.2153028167,0
              175.8932409166,-39.2148492997,0
              175.8931634670,-39.2146910168,0
              175.8930985667,-39.2144527499,0
              175.8928770003,-39.2138295504,0
              175.8926616832,-39.2134455662,0
              175.8923282830,-39.2130292828,0
              175.8921931334,-39.2129061164,0
              175.8919401838,-39.2127620334,0
              175.8911558833,-39.2124783666,0
              175.8907588006,-39.2124277831,0
              175.8905076337,-39.2123520665,0
              175.8902131170,-39.2122998331,0
              175.8896225832,-39.2121383996,0
              175.8886439496,-39.2117097006,0
              175.8883611001,-39.2115433001,0
              175.8881966496,-39.2114206002,0
              175.8880453673,-39.2112406995,0
              175.8876638661,-39.2106656332,0
              175.8875541499,-39.2103939000,0
              175.8874465167,-39.2102018998,0
              175.8866498672,-39.2077646000,0
              175.8862630331,-39.2069844826,0
              175.8860950174,-39.2067250831,0
              175.8859246331,-39.2063745494,0
              175.8858875838,-39.2060788495,0
              175.8859707164,-39.2058951835,0
              175.8860870160,-39.2058591165,0
              175.8866135161,-39.2058164832,0
              175.8870978663,-39.2058428827,0
              175.8875804174,-39.2058009332,0
              175.8887287998,-39.2054405999,0
              175.8896137827,-39.2050958831,0
              175.8901839333,-39.2050411162,0
              175.8905812826,-39.2051030999,0
              175.8914737161,-39.2050431332,0
              175.8924364173,-39.2048680832,0
              175.8935324503,-39.2047478497,0
              175.8936487498,-39.2047117832,0
              175.8962339500,-39.2043737666,0
              175.8967287497,-39.2042404327,0
              175.8967299332,-39.2042859828,0
              175.8970812335,-39.2042689162,0
              175.8972573167,-39.2042774666,0
              175.8979147667,-39.2041984665,0
              175.8983811502,-39.2040997660,0
              175.8991509667,-39.2038365997,0
              175.8995130004,-39.2036711995,0
              175.9001321173,-39.2032509328,0
              175.9006184839,-39.2027986161,0
              175.9008450509,-39.2024986668,0
              175.9009855334,-39.2022684665,0
              175.9010390168,-39.2020738673,0
              175.9014981001,-39.2011433667,0
              175.9018654498,-39.2006245994,0
              175.9021084669,-39.2003927506,0
              175.9023257835,-39.2002980663,0
              175.9034737168,-39.1999261835,0
              175.9039403669,-39.1998388505,0
              175.9043358826,-39.1998324327,0
              175.9044243668,-39.1998537828,0
              175.9046587508,-39.1998499832,0
              175.9053744333,-39.1997585995,0
              175.9055941670,-39.1997550502,0
              175.9060306004,-39.1996339994,0
              175.9067453830,-39.1995084328,0
              175.9078718171,-39.1994331496,0
              175.9084562500,-39.1993666833,0
              175.9089228838,-39.1992793164,0
              175.9092412337,-39.1991260002,0
              175.9097457833,-39.1988100994,0
              175.9099624836,-39.1986926163,0
              175.9105728839,-39.1985003498,0
              175.9109546507,-39.1985283332,0
              175.9111020331,-39.1985601167,0
              175.9115762341,-39.1987575326,0
              175.9118859508,-39.1988322494,0
              175.9125155336,-39.1988105994,0
              175.9127337503,-39.1987500667,0
              175.9145584498,-39.1984810163,0
              175.9150821667,-39.1983357328,0
              175.9160144993,-39.1981267833,0
              175.9162629165,-39.1980999502,0
              175.9165119333,-39.1980958665,0
              175.9171146333,-39.1981657997,0
              175.9173221329,-39.1982535828,0
              175.9175009500,-39.1983646331,0
              175.9176510667,-39.1984989333,0
              175.9179641508,-39.1986989331,0
              175.9181859840,-39.1987750828,0
              175.9187001997,-39.1988236663,0
              175.9189638675,-39.1988193667,0
              175.9192416000,-39.1987920327,0
              175.9194594993,-39.1987200994,0
              175.9195751669,-39.1986612167,0
              175.9197604336,-39.1984644501,0
              175.9197873003,-39.1983728499,0
              175.9197467670,-39.1979518660,0
              175.9196049160,-39.1975781170,0
              175.9195159003,-39.1969869832,0
              175.9194863835,-39.1964290665,0
              175.9194214173,-39.1961908001,0
              175.9188417498,-39.1953341832,0
              175.9186254671,-39.1949160664,0
              175.9185446335,-39.1946324827,0
              175.9185400827,-39.1944616165,0
              175.9186579668,-39.1939354837,0
              175.9189522175,-39.1934292502,0
              175.9190904839,-39.1931192998,0
              175.9191140174,-39.1929023833,0
              175.9190738003,-39.1924927832,0
              175.9188746833,-39.1916185500,0
              175.9188539673,-39.1913909668,0
              175.9189022325,-39.1910027166,0
              175.9189565833,-39.1908422830,0
              175.9190270838,-39.1907385666,0
              175.9193710169,-39.1904480497,0
              175.9196310160,-39.1903070334,0
              175.9197182998,-39.1902828163,0
              175.9198339499,-39.1902239501,0
              175.9212568669,-39.1897334327,0
              175.9217670670,-39.1896339168,0
              175.9220883659,-39.1895944663,0
              175.9224374666,-39.1894975830,0
              175.9225967501,-39.1894265994,0
              175.9236299501,-39.1891589664,0
              175.9240361001,-39.1890041666,0
              175.9247519508,-39.1889240497,0
              175.9255880000,-39.1889559333,0
              175.9270126497,-39.1890806995,0
              175.9288279008,-39.1890167160,0
              175.9290762669,-39.1889898329,0
              175.9295867502,-39.1889016664,0
              175.9313458339,-39.1883827167,0
              175.9315780334,-39.1882991331,0
              175.9316207503,-39.1882528330,0
              175.9331012168,-39.1877270500,0
              175.9334661327,-39.1876754499,0
              175.9342869169,-39.1876847160,0
              175.9345084499,-39.1877494501,0
              175.9352587668,-39.1878624501,0
              175.9354210998,-39.1879053498,0
              175.9357881669,-39.1879334832,0
              175.9374425671,-39.1878833998,0
              175.9379850837,-39.1878972329,0
              175.9386569502,-39.1878177830,0
              175.9393388837,-39.1875671998,0
              175.9402109000,-39.1873020828,0
              175.9405758159,-39.1872504495,0
              175.9410151833,-39.1872432001,0
              175.9424840832,-39.1873784502,0
              175.9428941665,-39.1873716500,0
              175.9433176834,-39.1873190665,0
              175.9446564840,-39.1869778001,0
              175.9450217169,-39.1869375671,0
              175.9462092497,-39.1869634661,0
              175.9464147328,-39.1869488660,0
              175.9468562509,-39.1870212828,0
              175.9471525497,-39.1871417329,0
              175.9475980336,-39.1873622665,0
              175.9478976502,-39.1876080165,0
              175.9480013834,-39.1876518661,0
              175.9481954507,-39.1877854000,0
              175.9483437332,-39.1878513328,0
              175.9485206665,-39.1878939831,0
              175.9486378333,-39.1878920497,0
              175.9490207161,-39.1879654829,0
              175.9500457173,-39.1879485498,0
              175.9503513833,-39.1878751333,0
              175.9504682169,-39.1878617827,0
              175.9518897160,-39.1873368665,0
              175.9520940669,-39.1873107162,0
              175.9522539005,-39.1872624829,0
              175.9533781997,-39.1871299827,0
              175.9536999832,-39.1871132832,0
              175.9540065325,-39.1870740334,0
              175.9544420670,-39.1869300668,0
              175.9552978667,-39.1867299002,0
              175.9558889665,-39.1864223830,0
              175.9561991503,-39.1860992165,0
              175.9567091166,-39.1856276499,0
              175.9571861341,-39.1852486160,0
              175.9573013160,-39.1851883502,0
              175.9578803335,-39.1849614835,0
              175.9583782496,-39.1847309498,0
              175.9589083837,-39.1843906827,0
              175.9596860009,-39.1841644500,0
              175.9600871333,-39.1837300334,0
              175.9606455832,-39.1831883993,0
              175.9607924670,-39.1830069498,0
              175.9611312008,-39.1824881500,0
              175.9612337502,-39.1823021161,0
              175.9614025505,-39.1818922829,0
              175.9615093829,-39.1816817327,0
              175.9616079501,-39.1815760495,0
              175.9617856501,-39.1814281998,0
              175.9620083833,-39.1813021329,0
              175.9630034175,-39.1808238166,0
              175.9638315169,-39.1802236662,0
              175.9641113498,-39.1800560164,0
              175.9642686252,-39.1798994852,0
              175.9644128195,-39.1797358251,0
              175.9646571173,-39.1793885667,0
              175.9648041332,-39.1790351333,0
              175.9650647009,-39.1782317000,0
              175.9650554503,-39.1781860997,0
              175.9651024833,-39.1779040328,0
              175.9651592503,-39.1776790164,0
              175.9652483840,-39.1771323587,0
              175.9652702995,-39.1764667334,0
              175.9653989164,-39.1758501331,0
              175.9654121662,-39.1758078443,0
              175.9654303842,-39.1757232334,0
              175.9654659295,-39.1756362533,0
              175.9654767669,-39.1756016661,0
              175.9654870598,-39.1755845488,0
              175.9655037667,-39.1755436664,0
              175.9656136336,-39.1753574162,0
              175.9656545000,-39.1753060801,0
              175.9656693005,-39.1752814663,0
              175.9657178850,-39.1752264580,0
              175.9658232497,-39.1750941002,0
              175.9659852673,-39.1749237169,0
              175.9662292160,-39.1746022000,0
              175.9663459502,-39.1744043161,0
              175.9663925675,-39.1742884666,0
              175.9664229834,-39.1739610001,0
              175.9663975672,-39.1738814006,0
              175.9663742331,-39.1736756661,0
              175.9663082669,-39.1735054163,0
              175.9662382000,-39.1732378326,0
              175.9662210169,-39.1730032831,0
              175.9662277827,-39.1728139493,0
              175.9663670668,-39.1722773331,0
              175.9664700665,-39.1721027332,0
              175.9669347837,-39.1716093166,0
              175.9673831005,-39.1710761827,0
              175.9675221166,-39.1708834827,0
              175.9676266669,-39.1705712661,0
              175.9676502998,-39.1704331173,0
              175.9676417603,-39.1702298688,0
              175.9676198391,-39.1701167251,0
              175.9676060003,-39.1700789002,0
              175.9675572334,-39.1697935832,0
              175.9674494668,-39.1695040828,0
              175.9672616167,-39.1692338162,0
              175.9668509163,-39.1689119999,0
              175.9666719499,-39.1685039828,0
              175.9664377844,-39.1681787171,0
              175.9663367503,-39.1680541497,0
              175.9662826759,-39.1679632645,0
              175.9662008314,-39.1678495788,0
              175.9661879675,-39.1678401997,0
              175.9661690102,-39.1678053760,0
              175.9661251003,-39.1677443828,0
              175.9660658544,-39.1676158903,0
              175.9660126000,-39.1675180664,0
              175.9659711953,-39.1674105896,0
              175.9659631999,-39.1673932499,0
              175.9659614462,-39.1673852841,0
              175.9659382668,-39.1673251167,0
              175.9659009050,-39.1671102828,0
              175.9658904332,-39.1670627164,0
              175.9658775047,-39.1669757295,0
              175.9658023337,-39.1665434831,0
              175.9657877673,-39.1663719333,0
              175.9657024494,-39.1660933335,0
              175.9656093842,-39.1656315168,0
              175.9655152663,-39.1653187495,0
              175.9653797499,-39.1645485833,0
              175.9651734334,-39.1641928660,0
              175.9647084834,-39.1636544328,0
              175.9642531837,-39.1629784836,0
              175.9639655334,-39.1626134161,0
              175.9638470671,-39.1624216333,0
              175.9637999166,-39.1621764165,0
              175.9638114665,-39.1621016165,0
              175.9639411834,-39.1618632998,0
              175.9640920668,-39.1614295835,0
              175.9642087836,-39.1612317165,0
              175.9643342840,-39.1610680162,0
              175.9643938827,-39.1609117502,0
              175.9644118337,-39.1608138494,0
              175.9643906825,-39.1604877497,0
              175.9643205166,-39.1602202001,0
              175.9641979501,-39.1599310998,0
              175.9640702000,-39.1596936994,0
              175.9640374170,-39.1596143165,0
              175.9640337829,-39.1595284494,0
              175.9641185833,-39.1594460173,0
              175.9643207162,-39.1593548498,0
              175.9645103504,-39.1593155494,0
              175.9648878841,-39.1591969168,0
              175.9651111002,-39.1590822498,0
              175.9654004508,-39.1589658999,0
              175.9656912667,-39.1588838665,0
              175.9662233836,-39.1587669669,0
              175.9665722506,-39.1586662495,0
              175.9674911832,-39.1584762837,0
              175.9680178665,-39.1584053504,0
              175.9683975831,-39.1583382164,0
              175.9688377839,-39.1583096328,0
              175.9703280332,-39.1580534165,0
              175.9711376009,-39.1578891497,0
              175.9713555998,-39.1578262000,0
              175.9715699500,-39.1577212007,0
              175.9717003002,-39.1576281327,0
              175.9718539503,-39.1574350335,0
              175.9720670334,-39.1569079831,0
              175.9721905670,-39.1566984834,0
              175.9724976328,-39.1563065330,0
              175.9727143342,-39.1558653828,0
              175.9728381003,-39.1556615998,0
              175.9728520935,-39.1556424154,0
              175.9728726672,-39.1556091167,0
              175.9731022830,-39.1552994162,0
              175.9732312334,-39.1550439160,0
              175.9734270170,-39.1548038661,0
              175.9735620837,-39.1545195502,0
              175.9735932506,-39.1543869327,0
              175.9735724001,-39.1538946161,0
              175.9735949999,-39.1537335664,0
              175.9738009176,-39.1532124334,0
              175.9739904173,-39.1528235501,0
              175.9741168998,-39.1525107999,0
              175.9742289670,-39.1522041663,0
              175.9742664674,-39.1520484499,0
              175.9743686669,-39.1518566661,0
              175.9744596500,-39.1515734996,0
              175.9746723833,-39.1512126664,0
              175.9748613171,-39.1509842661,0
              175.9755929169,-39.1503692834,0
              175.9758466340,-39.1501791497,0
              175.9759493742,-39.1500416341,0
              175.9759943840,-39.1499558665,0
              175.9759988500,-39.1498069162,0
              175.9759166007,-39.1495954829,0
              175.9758064663,-39.1494295999,0
              175.9754203331,-39.1489857496,0
              175.9752954002,-39.1487540668,0
              175.9752673175,-39.1486287660,0
              175.9752348998,-39.1485666663,0
              175.9752272005,-39.1484063668,0
              175.9752872505,-39.1482784828,0
              175.9753092174,-39.1481230666,0
              175.9753418168,-39.1480361002,0
              175.9754029674,-39.1479311329,0
              175.9755724992,-39.1474789995,0
              175.9757450339,-39.1470898495,0
              175.9759344831,-39.1467460661,0
              175.9760804005,-39.1464150161,0
              175.9764084837,-39.1458951832,0
              175.9764886336,-39.1457265827,0
              175.9769222163,-39.1451061828,0
              175.9774705661,-39.1444251005,0
              175.9779384501,-39.1439068832,0
              175.9782135331,-39.1435089831,0
              175.9782882826,-39.1433806667,0
              175.9787050160,-39.1424110667,0
              175.9789020499,-39.1420727834,0
              175.9791352503,-39.1417219661,0
              175.9792895837,-39.1414136166,0
              175.9793775335,-39.1411014494,0
              175.9795918338,-39.1405104327,0
              175.9798056500,-39.1400627338,0
              175.9798603660,-39.1396712829,0
              175.9798373162,-39.1393451995,0
              175.9798462333,-39.1392245501,0
              175.9799278337,-39.1387807331,0
              175.9799921995,-39.1385896667,0
              175.9801154001,-39.1380930331,0
              175.9802590837,-39.1377161829,0
              175.9802764335,-39.1376182168,0
              175.9804342331,-39.1372294831,0
              175.9805287839,-39.1370547161,0
              175.9805605501,-39.1369506163,0
              175.9806972498,-39.1367344829,0
              175.9808173176,-39.1364787001,0
              175.9809350169,-39.1363262006,0
              175.9810091835,-39.1361864329,0
              175.9811525831,-39.1358038667,0
              175.9812922007,-39.1354959165,0
              175.9813864666,-39.1353154330,0
              175.9814704670,-39.1352269662,0
              175.9816615996,-39.1350723166,0
              175.9817404499,-39.1350298661,0
              175.9819795003,-39.1349540327,0
              175.9824544007,-39.1348884827,0
              175.9827233672,-39.1348232497,0
              175.9832738006,-39.1346465500,0
              175.9835354340,-39.1345815327,0
              175.9838146840,-39.1344242664,0
              175.9839922173,-39.1342929326,0
              175.9840762168,-39.1342044667,0
              175.9841169666,-39.1341344839,0
              175.9841667830,-39.1337947833,0
              175.9840998334,-39.1333209326,0
              175.9840354667,-39.1330533829,0
              175.9835218671,-39.1317040834,0
              175.9834330002,-39.1313856667,0
              175.9833984671,-39.1309739328,0
              175.9834040500,-39.1307845830,0
              175.9833009500,-39.1303232661,0
              175.9832426497,-39.1301816662,0
              175.9830667508,-39.1298887333,0
              175.9827574841,-39.1294219996,0
              175.9826899170,-39.1292405500,0
              175.9825039168,-39.1288905835,0
              175.9823172827,-39.1283743827,0
              175.9822780002,-39.1281691662,0
              175.9822429174,-39.1277459660,0
              175.9822895328,-39.1270337329,0
              175.9823355839,-39.1267686830,0
              175.9823670837,-39.1266588330,0
              175.9824494001,-39.1265360163,0
              175.9825616507,-39.1264238000,0
              175.9831089003,-39.1260293496,0
              175.9835477337,-39.1258272665,0
              175.9837336999,-39.1257186002,0
              175.9839527836,-39.1255344501,0
              175.9841623326,-39.1253046999,0
              175.9843242171,-39.1250018331,0
              175.9843888334,-39.1248164828,0
              175.9844759998,-39.1241833327,0
              175.9845139831,-39.1240560833,0
              175.9846187835,-39.1237893000,0
              175.9847815002,-39.1235035997,0
              175.9848578676,-39.1234096336,0
              175.9851340342,-39.1231893829,0
              175.9853096169,-39.1230179665,0
              175.9859121174,-39.1223982995,0
              175.9861344004,-39.1221280669,0
              175.9866321831,-39.1214713331,0
              175.9867348831,-39.1213135327,0
              175.9873642662,-39.1206414665,0
              175.9878499176,-39.1201914667,0
              175.9882541005,-39.1198814668,0
              175.9884568168,-39.1196633830,0
              175.9886285173,-39.1194118168,0
              175.9887251172,-39.1191280663,0
              175.9887057994,-39.1187273338,0
              175.9886095834,-39.1184091335,0
              175.9885309668,-39.1179986995,0
              175.9884985503,-39.1179365833,0
              175.9884494172,-39.1176800497,0
              175.9884161833,-39.1176007830,0
              175.9883794168,-39.1171432499,0
              175.9884473835,-39.1167227495,0
              175.9887987005,-39.1159270001,0
              175.9889366998,-39.1157394832,0
              175.9892068661,-39.1155480832,0
              175.9895320168,-39.1154295828,0
              175.9899555339,-39.1152164502,0
              175.9905095501,-39.1149650830,0
              175.9911307494,-39.1147346664,0
              175.9914496503,-39.1146392671,0
              175.9916753170,-39.1145924834,0
              175.9922557660,-39.1144320498,0
              175.9927965840,-39.1143645001,0
              175.9930244506,-39.1143635167,0
              175.9933198009,-39.1143892001,0
              175.9937788674,-39.1144559162,0
              175.9944505832,-39.1145106333,0
              175.9947665669,-39.1145070333,0
              175.9950447167,-39.1144816161,0
              175.9951901838,-39.1144486667,0
              175.9956093672,-39.1142987162,0
              175.9957183835,-39.1142725665,0
              175.9957920833,-39.1142761166,0
              175.9961640332,-39.1142135495,0
              175.9965261506,-39.1140996669,0
              175.9971614507,-39.1138573335,0
              175.9973914005,-39.1137473500,0
              175.9979661507,-39.1136214496,0
              175.9982954340,-39.1135887827,0
              175.9986704159,-39.1135891666,0
              175.9988993992,-39.1136110835,0
              175.9991150835,-39.1136620330,0
              175.9995802508,-39.1138546667,0
              175.9996485337,-39.1138985162,0
              175.9999265497,-39.1140221495,0
              176.0004648500,-39.1142068835,0
              176.0006432833,-39.1142474831,0
              176.0008426170,-39.1142645160,0
              176.0011365674,-39.1142615664,0
              176.0012755167,-39.1142459829,0
              176.0019889332,-39.1140987667,0
              176.0022033665,-39.1139720339,0
              176.0024550675,-39.1138556666,0
              176.0027524664,-39.1137723498,0
              176.0030406002,-39.1136491666,0
              176.0032409001,-39.1135343165,0
              176.0034115672,-39.1134146161,0
              176.0039767335,-39.1129392668,0
              176.0041429502,-39.1127279668,0
              176.0045213832,-39.1120402997,0
              176.0046000342,-39.1118430501,0
              176.0046681665,-39.1114282828,0
              176.0047557171,-39.1111103834,0
              176.0048403333,-39.1108842999,0
              176.0049353509,-39.1107209661,0
              176.0051094668,-39.1105209002,0
              176.0052942325,-39.1103892996,0
              176.0061876498,-39.1100131663,0
              176.0068605508,-39.1096377996,0
              176.0070314671,-39.1095237999,0
              176.0072895006,-39.1092352499,0
              176.0074059834,-39.1090598334,0
              176.0075055507,-39.1088390330,0
              176.0074971000,-39.1088163494,0
              176.0075412832,-39.1086659833,0
              176.0075655000,-39.1084072833,0
              176.0075329334,-39.1081904000,0
              176.0074893836,-39.1075954827,0
              176.0073864006,-39.1068360672,0
              176.0072923327,-39.1065636831,0
              176.0069116667,-39.1059902168,0
              176.0066544174,-39.1056882495,0
              176.0065038501,-39.1054633995,0
              176.0062539509,-39.1051612334,0
              176.0058299499,-39.1047552830,0
              176.0054579006,-39.1043592666,0
              176.0052227002,-39.1040566495,0
              176.0051535833,-39.1039956334,0
              176.0049970660,-39.1037996327,0
              176.0048599509,-39.1037004994,0
              176.0047818169,-39.1036053496,0
              176.0046208666,-39.1033177331,0
              176.0045311000,-39.1029821668,0
              176.0045391168,-39.1025404996,0
              176.0045691662,-39.1024020166,0
              176.0046557160,-39.1022159996,0
              176.0048838170,-39.1019168833,0
              176.0051779841,-39.1016158000,0
              176.0052608008,-39.1015044165,0
              176.0054990001,-39.1012623335,0
              176.0055261492,-39.1012156501,0
              176.0060941499,-39.1007194668,0
              176.0061425333,-39.1006325496,0
              176.0067396668,-39.0998526165,0
              176.0072719503,-39.0993202672,0
              176.0075505665,-39.0990967998,0
              176.0081326335,-39.0987294671,0
              176.0085298502,-39.0985378332,0
              176.0086605501,-39.0984949834,0
              176.0086744332,-39.0984717834,0
              176.0087757659,-39.0984295497,0
              176.0095958005,-39.0981488168,0
              176.0098286166,-39.0980866335,0
              176.0105256831,-39.0978600161,0
              176.0108225502,-39.0977392165,0
              176.0112265174,-39.0975302331,0
              176.0115406169,-39.0972716333,0
              176.0116324334,-39.0971666169,0
              176.0117859008,-39.0969343170,0
              176.0120147170,-39.0965458165,0
              176.0122340008,-39.0960945160,0
              176.0123610834,-39.0957367993,0
              176.0126332833,-39.0951182996,0
              176.0126588508,-39.0950089663,0
              176.0126695508,-39.0948942168,0
              176.0126494664,-39.0945281495,0
              176.0126571835,-39.0943275672,0
              176.0126819674,-39.0941953334,0
              176.0126735674,-39.0937431332,0
              176.0125931836,-39.0931206494,0
              176.0125314837,-39.0928241834,0
              176.0125211333,-39.0925266497,0
              176.0125686839,-39.0922049664,0
              176.0128171002,-39.0917473162,0
              176.0129733332,-39.0915951166,0
              176.0134186833,-39.0913108334,0
              176.0141342998,-39.0909864500,0
              176.0149617674,-39.0907112330,0
              176.0154124666,-39.0905814335,0
              176.0156724329,-39.0904556665,0
              176.0159524000,-39.0902722168,0
              176.0162289672,-39.0899914828,0
              176.0164117500,-39.0897585667,0
              176.0166541998,-39.0893411163,0
              176.0172251994,-39.0878172493,0
              176.0173419499,-39.0875857168,0
              176.0174474168,-39.0874517661,0
              176.0175616172,-39.0873577334,0
              176.0176625330,-39.0873040493,0
              176.0180099167,-39.0871592495,0
              176.0187889497,-39.0869709328,0
              176.0191688493,-39.0869170498,0
              176.0194450497,-39.0868367501,0
              176.0196324005,-39.0867354331,0
              176.0202894163,-39.0862061168,0
              176.0204103341,-39.0860947331,0
              176.0205935008,-39.0858732497,0
              176.0207467166,-39.0856352163,0
              176.0211320168,-39.0848940498,0
              176.0212156506,-39.0847662996,0
              176.0212893670,-39.0845642998,0
              176.0213866834,-39.0844076327,0
              176.0214130341,-39.0843211664,0
              176.0216572332,-39.0839552161,0
              176.0218548502,-39.0837276832,0
              176.0220687493,-39.0835456329,0
              176.0225070837,-39.0832729000,0
              176.0227429830,-39.0830903660,0
              176.0230661159,-39.0828830662,0
              176.0234124502,-39.0827096501,0
              176.0235288333,-39.0826785335,0
              176.0237266998,-39.0826686000,0
              176.0238885168,-39.0826766165,0
              176.0239701996,-39.0827035167,0
              176.0245311508,-39.0827889332,0
              176.0247465002,-39.0828587830,0
              176.0251868665,-39.0828551500,0
              176.0255217331,-39.0827735838,0
              176.0257245498,-39.0826948168,0
              176.0259838337,-39.0825518664,0
              176.0261777171,-39.0824274838,0
              176.0264280832,-39.0822389165,0
              176.0266556337,-39.0820279163,0
              176.0268579837,-39.0817258328,0
              176.0269432002,-39.0816438662,0
              176.0272529832,-39.0812650496,0
              176.0276014501,-39.0809426830,0
              176.0278065833,-39.0807206996,0
              176.0280710007,-39.0805146500,0
              176.0287729007,-39.0800129497,0
              176.0293124003,-39.0794860830,0
              176.0295696836,-39.0792858999,0
              176.0301800002,-39.0788949332,0
              176.0303583835,-39.0787479831,0
              176.0305988336,-39.0785939167,0
              176.0308715172,-39.0783075663,0
              176.0310289005,-39.0781896829,0
              176.0311668842,-39.0781466495,0
              176.0313072503,-39.0781722835,0
              176.0313746836,-39.0782109334,0
              176.0314738504,-39.0783176169,0
              176.0315290000,-39.0784252330,0
              176.0315727007,-39.0786247332,0
              176.0316211337,-39.0787496828,0
              176.0316847167,-39.0790976330,0
              176.0319186993,-39.0796996502,0
              176.0319824836,-39.0800533163,0
              176.0319741170,-39.0804429002,0
              176.0319355175,-39.0805983332,0
              176.0319152666,-39.0810683166,0
              176.0319879832,-39.0814676167,0
              176.0321163994,-39.0817798329,0
              176.0321778839,-39.0818587003,0
              176.0323812674,-39.0822151160,0
              176.0326490672,-39.0825243502,0
              176.0328983833,-39.0827251831,0
              176.0332664661,-39.0829635665,0
              176.0336410999,-39.0831788827,0
              176.0340885006,-39.0833754996,0
              176.0342315001,-39.0834755165,0
              176.0348443169,-39.0837830997,0
              176.0353782336,-39.0841439170,0
              176.0359536669,-39.0846412662,0
              176.0361836002,-39.0849169495,0
              176.0362691160,-39.0850525668,0
              176.0363802661,-39.0852906996,0
              176.0365963333,-39.0860076166,0
              176.0366605331,-39.0863727168,0
              176.0366677674,-39.0865787163,0
              176.0366509839,-39.0867279660,0
              176.0365793169,-39.0869871830,0
              176.0363938833,-39.0873519166,0
              176.0363608340,-39.0874556995,0
              176.0363626330,-39.0875071828,0
              176.0361718666,-39.0879292831,0
              176.0361126673,-39.0881252497,0
              176.0359860161,-39.0887005997,0
              176.0358270168,-39.0891907333,0
              176.0357785667,-39.0894838332,0
              176.0356648842,-39.0898012168,0
              176.0355602505,-39.0899580500,0
              176.0354179172,-39.0900870668,0
              176.0351237498,-39.0902823331,0
              176.0346975004,-39.0904804000,0
              176.0342262165,-39.0906508000,0
              176.0338810505,-39.0908586001,0
              176.0335743993,-39.0911171164,0
              176.0330908501,-39.0913564832,0
              176.0329026842,-39.0914349332,0
              176.0324207331,-39.0917200995,0
              176.0322206999,-39.0918789664,0
              176.0321010008,-39.0920246830,0
              176.0320591667,-39.0920885664,0
              176.0319652835,-39.0923425330,0
              176.0319288836,-39.0925609167,0
              176.0319581174,-39.0927664502,0
              176.0319926838,-39.0929145835,0
              176.0321856171,-39.0933914833,0
              176.0322207835,-39.0935568001,0
              176.0323348669,-39.0947168161,0
              176.0323054498,-39.0955535002,0
              176.0323225325,-39.0956218497,0
              176.0323953003,-39.0970690828,0
              176.0323547174,-39.0982152333,0
              176.0322707170,-39.0989614331,0
              176.0322860837,-39.0991901668,0
              176.0323200501,-39.0993211496,0
              176.0323442671,-39.0993836163,0
              176.0324589508,-39.0995128833,0
              176.0325341339,-39.0995628164,0
              176.0326751498,-39.0996056330,0
              176.0328506665,-39.0995847000,0
              176.0330029499,-39.0995299166,0
              176.0338825169,-39.0990644834,0
              176.0340764161,-39.0989400835,0
              176.0351003164,-39.0984028498,0
              176.0353103008,-39.0983181999,0
              176.0356602996,-39.0982477333,0
              176.0361372498,-39.0982375332,0
              176.0365650496,-39.0982913833,0
              176.0368159337,-39.0983261166,0
              176.0370456327,-39.0983841998,0
              176.0376291165,-39.0984805333,0
              176.0377404001,-39.0985124998,0
              176.0379684667,-39.0985247997,0
              176.0387792326,-39.0986105331,0
              176.0391711676,-39.0986880496,0
              176.0397245173,-39.0987620994,0
              176.0401172331,-39.0988624994,0
              176.0404004997,-39.0989824162,0
              176.0419444828,-39.0994533001,0
              176.0420563660,-39.0995024334,0
              176.0424462008,-39.0997288667,0
              176.0427775166,-39.0999622829,0
              176.0434315499,-39.1006010838,0
              176.0435945009,-39.1008495501,0
              176.0436344168,-39.1009403171,0
              176.0436861163,-39.1011567999,0
              176.0436581333,-39.1018216668,0
              176.0435002675,-39.1025522993,0
              176.0435020666,-39.1026037994,0
              176.0435660167,-39.1027513167,0
              176.0436271333,-39.1028187327,0
              176.0436947840,-39.1028630834,0
              176.0439479174,-39.1029607338,0
              176.0440734834,-39.1029809494,0
              176.0442646838,-39.1029882996,0
              176.0445453499,-39.1030338333,0
              176.0447797496,-39.1030173501,0
              176.0449417998,-39.1030310500,0
              176.0456957498,-39.1031694999,0
              176.0464323998,-39.1032338666,0
              176.0468683674,-39.1033104167,0
              176.0472283504,-39.1033141333,0
              176.0476747664,-39.1032701993,0
              176.0481224171,-39.1032605829,0
              176.0491209335,-39.1034624832,0
              176.0498263500,-39.1036821167,0
              176.0506161341,-39.1040029997,0
              176.0507445168,-39.1041033167,0
              176.0509900665,-39.1044015331,0
              176.0511408172,-39.1047189665,0
              176.0512406508,-39.1048428170,0
              176.0513164496,-39.1049099000,0
              176.0515852837,-39.1050358163,0
              176.0520243338,-39.1051981833,0
              176.0523655325,-39.1052939165,0
              176.0525131171,-39.1053136495,0
              176.0526319507,-39.1053511826,0
              176.0529562494,-39.1053842826,0
              176.0531637498,-39.1054370831,0
              176.0532664836,-39.1054348829,0
              176.0538215172,-39.1055546497,0
              176.0540441004,-39.1056185832,0
              176.0543575827,-39.1057607168,0
              176.0549836671,-39.1062282494,0
              176.0554002506,-39.1065857828,0
              176.0555759161,-39.1067766998,0
              176.0556232000,-39.1068672997,0
              176.0559217492,-39.1072101827,0
              176.0563483171,-39.1076419333,0
              176.0565674171,-39.1078147161,0
              176.0571382659,-39.1083807999,0
              176.0574713172,-39.1086599330,0
              176.0580964331,-39.1090988496,0
              176.0583730508,-39.1092360502,0
              176.0589026170,-39.1094651327,0
              176.0592964339,-39.1095940830,0
              176.0596619175,-39.1097522666,0
              176.0599892994,-39.1098711828,0
              176.0601615502,-39.1099648332,0
              176.0608876494,-39.1101438495,0
              176.0613956671,-39.1101787168,0
              176.0616170501,-39.1102082994,0
              176.0623378503,-39.1104446834,0
              176.0627204663,-39.1106712167,0
              176.0629039162,-39.1108734168,0
              176.0630527001,-39.1111336162,0
              176.0630787669,-39.1112475670,0
              176.0630626501,-39.1114139830,0
              176.0630292006,-39.1115063326,0
              176.0627672006,-39.1117811327,0
              176.0625347665,-39.1120610167,0
              176.0624454506,-39.1122347328,0
              176.0623204167,-39.1126440169,0
              176.0622391835,-39.1132527666,0
              176.0622695663,-39.1132807329,0
              176.0622656836,-39.1133781667,0
              176.0620994497,-39.1138684999,0
              176.0620815007,-39.1139834162,0
              176.0621346674,-39.1142399497,0
              176.0622853002,-39.1145516500,0
              176.0624024504,-39.1149556994,0
              176.0627236504,-39.1157275668,0
              176.0629439338,-39.1165531168,0
              176.0630358172,-39.1170722499,0
              176.0631996498,-39.1177558663,0
              176.0632640500,-39.1179148332,0
              176.0634205997,-39.1181863160,0
              176.0636189325,-39.1183939002,0
              176.0637834503,-39.1186823999,0
              176.0639828169,-39.1189185997,0
              176.0642560009,-39.1191646663,0
              176.0644144006,-39.1192814830,0
              176.0648417000,-39.1195242164,0
              176.0650680008,-39.1196911163,0
              176.0655740168,-39.1200810328,0
              176.0657640173,-39.1202601665,0
              176.0660351665,-39.1204490169,0
              176.0664445501,-39.1208066500,0
              176.0669344667,-39.1211568162,0
              176.0670086668,-39.1211781167,0
              176.0672896176,-39.1214354499,0
              176.0676372329,-39.1217085327,0
              176.0680580331,-39.1219742994,0
              176.0682407162,-39.1221535828,0
              176.0687624664,-39.1225717831,0
              176.0689730665,-39.1227103833,0
              176.0693694333,-39.1229079495,0
              176.0694299831,-39.1229581832,0
              176.0697884325,-39.1231221996,0
              176.0702376003,-39.1233587165,0
              176.0708429506,-39.1236491164,0
              176.0710089332,-39.1237715001,0
              176.0715555664,-39.1240631501,0
              176.0721160836,-39.1243315999,0
              176.0723167172,-39.1243959663,0
              176.0725163342,-39.1244317329,0
              176.0731052006,-39.1244647828,0
              176.0735884340,-39.1244199502,0
              176.0737941504,-39.1244212167,0
              176.0740741164,-39.1244437830,0
              176.0746071003,-39.1245581995,0
              176.0746744000,-39.1245911000,0
              176.0749417166,-39.1246711994,0
              176.0750167498,-39.1247153832,0
              176.0753517507,-39.1248398161,0
              176.0760945674,-39.1250699333,0
              176.0773602173,-39.1255406500,0
              176.0777327509,-39.1256871828,0
              176.0784945672,-39.1260371330,0
              176.0788300000,-39.1261729996,0
              176.0790151505,-39.1262147829,0
              176.0795832171,-39.1262826162,0
              176.0800791336,-39.1263863664,0
              176.0803003674,-39.1264101826,0
              176.0805454670,-39.1264850335,0
              176.0807175829,-39.1265728995,0
              176.0809357666,-39.1267170494,0
              176.0812924331,-39.1270356993,0
              176.0814372333,-39.1271814331,0
              176.0818214506,-39.1276541001,0
              176.0826369999,-39.1284781330,0
              176.0828603175,-39.1287653330,0
              176.0830885337,-39.1289836997,0
              176.0832916493,-39.1291167005,0
              176.0834401007,-39.1291592834,0
              176.0838799663,-39.1293386833,0
              176.0840951171,-39.1293969827,0
              176.0844122002,-39.1294301662,0
              176.0846984831,-39.1294239328,0
              176.0851154838,-39.1294762339,0
              176.0856691168,-39.1294486169,0
              176.0869476841,-39.1296612667,0
              176.0872199168,-39.1296724994,0
              176.0872792675,-39.1296883835,0
              176.0879766334,-39.1296731998,0
              176.0886856335,-39.1295718328,0
              176.0889040003,-39.1295155331,0
              176.0889539506,-39.1294743665,0
              176.0892585662,-39.1293646327,0
              176.0894698166,-39.1293142330,0
              176.0895705160,-39.1292547667,0
              176.0898598503,-39.1291282000,0
              176.0899026494,-39.1290928998,0
              176.0903285670,-39.1288831830,0
              176.0905732332,-39.1287404163,0
              176.0907942176,-39.1285523498,0
              176.0909059161,-39.1283895669,0
              176.0910277829,-39.1281005828,0
              176.0910901500,-39.1279961498,0
              176.0913414667,-39.1276298996,0
              176.0914034337,-39.1275140165,0
              176.0915994997,-39.1272463166,0
              176.0920245331,-39.1268075661,0
              176.0921794499,-39.1266209332,0
              176.0922277499,-39.1265339829,0
              176.0923763504,-39.1263761166,0
              176.0929942167,-39.1257842501,0
              176.0930571836,-39.1256969829,0
              176.0932981341,-39.1254511994,0
              176.0934387674,-39.1252763498,0
              176.0937173668,-39.1248522328,0
              176.0937927668,-39.1247017000,0
              176.0939013675,-39.1244530829,0
              176.0939938505,-39.1241647494,0
              176.0940673330,-39.1237565496,0
              176.0940894841,-39.1235556497,0
              176.0941056172,-39.1229826502,0
              176.0940724330,-39.1224679998,0
              176.0940930839,-39.1220208834,0
              176.0941604661,-39.1216471993,0
              176.0943400003,-39.1213283166,0
              176.0945444173,-39.1210890667,0
              176.0950373003,-39.1207003501,0
              176.0953426332,-39.1204073497,0
              176.0955427998,-39.1202540834,0
              176.0959011329,-39.1200057330,0
              176.0961170170,-39.1198807669,0
              176.0963100336,-39.1197333827,0
              176.0964070325,-39.1195709171,0
              176.0964982675,-39.1192482494,0
              176.0965202166,-39.1190416160,0
              176.0964920159,-39.1188704329,0
              176.0964452999,-39.1187970164,0
              176.0962994831,-39.1186226833,0
              176.0959658165,-39.1183322167,0
              176.0953475163,-39.1178876161,0
              176.0947873167,-39.1174245665,0
              176.0945193342,-39.1171212004,0
              176.0943406336,-39.1168502334,0
              176.0942111342,-39.1167213665,0
              176.0941246499,-39.1165629161,0
              176.0938156501,-39.1161401830,0
              176.0937708004,-39.1161182496,0
              176.0937157171,-39.1160163829,0
              176.0931895008,-39.1152719994,0
              176.0930801670,-39.1150911329,0
              176.0928992499,-39.1147572332,0
              176.0925946660,-39.1140480835,0
              176.0924997509,-39.1136550333,0
              176.0925660996,-39.1132527330,0
              176.0927445837,-39.1129052497,0
              176.0928181169,-39.1127032169,0
              176.0930571337,-39.1115870662,0
              176.0931155828,-39.1113739002,0
              176.0931705994,-39.1112696334,0
              176.0935015337,-39.1108730001,0
              176.0940852333,-39.1103563165,0
              176.0943613839,-39.1100696829,0
              176.0951317500,-39.1094343828,0
              176.0954468334,-39.1092098994,0
              176.0955099999,-39.1091283334,0
              176.0956057498,-39.1089315495,0
              176.0956440167,-39.1087703662,0
              176.0956164507,-39.1086163494,0
              176.0954958672,-39.1083269498,0
              176.0953934166,-39.1079283331,0
              176.0953969167,-39.1074128829,0
              176.0954824495,-39.1071361330,0
              176.0956071342,-39.1069272502,0
              176.0957502006,-39.1068210500,0
              176.0958951170,-39.1067663498,0
              176.0960848840,-39.1067335495,0
              176.0962978998,-39.1067346333,0
              176.0963792498,-39.1067500165,0
              176.0965498840,-39.1067978329,0
              176.0968626162,-39.1069169665,0
              176.0970550664,-39.1069585664,0
              176.0979623506,-39.1068642661,0
              176.0982309998,-39.1067782167,0
              176.0985030673,-39.1065832831,0
              176.0990871841,-39.1062841664,0
              176.0994089672,-39.1060423331,0
              176.0995222506,-39.1059253334,0
              176.0998663841,-39.1054883003,0
              176.0999625170,-39.1053029499,0
              176.1000334165,-39.1052326831,0
              176.1001240840,-39.1050989831,0
              176.1004910499,-39.1046843661,0
              176.1006868332,-39.1044109332,0
              176.1008253509,-39.1041788339,0
              176.1011335827,-39.1037654994,0
              176.1012282837,-39.1035400830,0
              176.1012516507,-39.1033735166,0
              176.1012426667,-39.1033279000,0
              176.1010908669,-39.1029876495,0
              176.1009659661,-39.1025780668,0
              176.1007893670,-39.1023643335,0
              176.1006160501,-39.1022421494,0
              176.1005599341,-39.1021116663,0
              176.1005794826,-39.1020425329,0
              176.1006872834,-39.1019771831,0
              176.1008326001,-39.1019339006,0
              176.1009422507,-39.1019200497,0
              176.1012368005,-39.1019422328,0
              176.1020866499,-39.1020896495,0
              176.1021820341,-39.1020875667,0
              176.1025809669,-39.1021532662,0
              176.1028659168,-39.1021126496,0
              176.1029967672,-39.1020754162,0
              176.1033479500,-39.1020390831,0
              176.1036125338,-39.1020447335,0
              176.1036410661,-39.1020211998,0
              176.1037794498,-39.1019895329,0
              176.1041740333,-39.1019350661,0
              176.1043635833,-39.1018965496,0
              176.1044141165,-39.1018725330,0
              176.1047925999,-39.1017783164,0
              176.1050846668,-39.1017318329,0
              176.1055352831,-39.1016016831,0
              176.1057816675,-39.1015103826,0
              176.1060924508,-39.1013718328,0
              176.1065221840,-39.1010703500,0
              176.1067067837,-39.1008944998,0
              176.1071561504,-39.1003234332,0
              176.1074459340,-39.0998073997,0
              176.1076547001,-39.0994878668,0
              176.1078172661,-39.0993125000,0
              176.1081184332,-39.0991111828,0
              176.1082563999,-39.0990680495,0
              176.1088856673,-39.0988022498,0
              176.1092746674,-39.0985932829,0
              176.1095678501,-39.0983749501,0
              176.1097383670,-39.0982165827,0
              176.1098365337,-39.0980884495,0
              176.1099263507,-39.0979318662,0
              176.1100359841,-39.0975114164,0
              176.1100665659,-39.0971385168,0
              176.1100656333,-39.0969094834,0
              176.1099460338,-39.0962421162,0
              176.1099148340,-39.0961912667,0
              176.1098494002,-39.0958033001,0
              176.1097562826,-39.0954617501,0
              176.1096580002,-39.0949771662,0
              176.1096320340,-39.0944623497,0
              176.1096378174,-39.0942159830,0
              176.1096691331,-39.0940664162,0
              176.1097578998,-39.0938811997,0
              176.1098917338,-39.0937236502,0
              176.1101058336,-39.0935528662,0
              176.1105172167,-39.0933548494,0
              176.1109149671,-39.0931857494,0
              176.1114590002,-39.0925954162,0
              176.1120870669,-39.0920948334,0
              176.1129215834,-39.0916183331,0
              176.1135166676,-39.0912215496,0
              176.1136636999,-39.0911383494,0
              176.1139051331,-39.0941259166,0
              176.1727539005,-39.0784858667,0
              176.1729451841,-39.0779679333,0
              176.1731417834,-39.0776292160,0
              176.1732680002,-39.0774760668,0
              176.1736361507,-39.0771564828,0
              176.1738896507,-39.0766351827,0
              176.1742947328,-39.0756070006,0
              176.1744908829,-39.0754184829,0
              176.1749443337,-39.0747884668,0
              176.1750347671,-39.0745346000,0
              176.1750531170,-39.0743057168,0
              176.1751300001,-39.0740750833,0
              176.1752892332,-39.0737278330,0
              176.1753379335,-39.0735208669,0
              176.1756175159,-39.0732385327,0
              176.1761511003,-39.0724462831,0
              176.1761906340,-39.0723537666,0
              176.1762475340,-39.0723178167,0
              176.1768456493,-39.0716492336,0
              176.1770174333,-39.0715641834,0
              176.1771848334,-39.0713879328,0
              176.1773228506,-39.0709043167,0
              176.1775726000,-39.0706114502,0
              176.1778261666,-39.0703983832,0
              176.1779366832,-39.0702580835,0
              176.1780146507,-39.0700502494,0
              176.1781928500,-39.0697937661,0
              176.1783141840,-39.0695732162,0
              176.1784685831,-39.0694316162,0
              176.1786294169,-39.0691185496,0
              176.1787013672,-39.0687853161,0
              176.1788497673,-39.0685182997,0
              176.1789916005,-39.0681144837,0
              176.1791362835,-39.0680759164,0
              176.1789589338,-39.0677386827,0
              176.1788662172,-39.0676387000,0
              176.1787495673,-39.0673453164,0
              176.1787613503,-39.0669796331,0
              176.1786745166,-39.0666967999,0
              176.1785823672,-39.0666081998,0
              176.1784510835,-39.0663152664,0
              176.1776102507,-39.0655867994,0
              176.1775614333,-39.0654855002,0
              176.1771211496,-39.0648592660,0
              176.1767622002,-39.0644018662,0
              176.1767589342,-39.0643334501,0
              176.1766960333,-39.0642440004,0
              176.1766981008,-39.0639813496,0
              176.1764763331,-39.0636340164,0
              176.1760827827,-39.0633717334,0
              176.1758523999,-39.0631502494,0
              176.1758350332,-39.0630936835,0
              176.1755519999,-39.0626910998,0
              176.1753232507,-39.0625038165,0
              176.1752609003,-39.0624257664,0
              176.1752717166,-39.0623455167,0
              176.1751225498,-39.0619846162,0
              176.1747934670,-39.0615377328,0
              176.1744692837,-39.0611934493,0
              176.1743635831,-39.0611280998,0
              176.1741342840,-39.0609294162,0
              176.1737960333,-39.0605969663,0
              176.1735141166,-39.0602171993,0
              176.1733856171,-39.0599812663,0
              176.1730473505,-39.0596488163,0
              176.1727660009,-39.0592804167,0
              176.1724879167,-39.0589804328,0
              176.1721594006,-39.0585449494,0
              176.1719029335,-39.0580844835,0
              176.1712503668,-39.0576129664,0
              176.1709539335,-39.0575418661,0
              176.1708493334,-39.0574992998,0
              176.1707165665,-39.0574804164,0
              176.1701648834,-39.0572799002,0
              176.1697600337,-39.0570864327,0
              176.1692842163,-39.0569407506,0
              176.1690772171,-39.0569012329,0
              176.1688176829,-39.0569888669,0
              176.1685272505,-39.0570431662,0
              176.1681018668,-39.0570329832,0
              176.1675995341,-39.0569451664,0
              176.1671676173,-39.0567981496,0
              176.1667373338,-39.0566853494,0
              176.1659109334,-39.0565614827,0
              176.1653403498,-39.0565784335,0
              176.1650542171,-39.0564156668,0
              176.1648601998,-39.0563415164,0
              176.1646970828,-39.0563006997,0
              176.1643145167,-39.0562663827,0
              176.1631689836,-39.0562090497,0
              176.1621605165,-39.0559535665,0
              176.1619047335,-39.0558127334,0
              176.1615752336,-39.0556626665,0
              176.1611888672,-39.0555485331,0
              176.1605082675,-39.0554088832,0
              176.1594489003,-39.0553147169,0
              176.1589661002,-39.0553290332,0
              176.1586707833,-39.0552807002,0
              176.1585661834,-39.0552381335,0
              176.1577734331,-39.0552045498,0
              176.1568977831,-39.0552761661,0
              176.1564328672,-39.0553584496,0
              176.1560714502,-39.0554604831,0
              176.1554325997,-39.0555821673,0
              176.1549801335,-39.0556184000,0
              176.1542545669,-39.0557654669,0
              176.1541808833,-39.0557562327,0
              176.1538005009,-39.0557675000,0
              176.1533930000,-39.0558252160,0
              176.1528619665,-39.0557495994,0
              176.1525682674,-39.0557354662,0
              176.1523260505,-39.0555713667,0
              176.1519906325,-39.0552958666,0
              176.1514043164,-39.0549821332,0
              176.1511198342,-39.0548535334,0
              176.1508039331,-39.0546802161,0
              176.1505346165,-39.0545625833,0
              176.1498486329,-39.0540005995,0
              176.1497998665,-39.0538993000,0
              176.1497082998,-39.0538220831,0
              176.1490786672,-39.0535210169,0
              176.1485676999,-39.0532506996,0
              176.1482832334,-39.0531220995,0
              176.1478026167,-39.0528737168,0
              176.1473382667,-39.0526591003,0
              176.1470396992,-39.0525423331,0
              176.1467243670,-39.0523804000,0
              176.1461110159,-39.0521130827,0
              176.1457501503,-39.0519182334,0
              176.1454592005,-39.0516528331,0
              176.1446232001,-39.0510153332,0
              176.1439454330,-39.0503160665,0
              176.1436669832,-39.0496963503,0
              176.1434763673,-39.0487657663,0
              176.1434861165,-39.0486627330,0
              176.1434335999,-39.0481733500,0
              176.1435356666,-39.0463093662,0
              176.1436429840,-39.0457924326,0
              176.1437719662,-39.0454232830,0
              176.1441686172,-39.0448292996,0
              176.1443051837,-39.0443114996,0
              176.1443881160,-39.0438980334,0
              176.1444472671,-39.0429829330,0
              176.1445616335,-39.0423059495,0
              176.1446591836,-39.0418920660,0
              176.1448624000,-39.0412352830,0
              176.1452438498,-39.0406303332,0
              176.1455467169,-39.0402217999,0
              176.1456523841,-39.0399789169,0
              176.1464569326,-39.0390303661,0
              176.1468074676,-39.0387003332,0
              176.1473969169,-39.0378494666,0
              176.1475496834,-39.0376737002,0
              176.1480453838,-39.0373165339,0
              176.1482030341,-39.0372433664,0
              176.1485595008,-39.0370387334,0
              176.1487323167,-39.0369765502,0
              176.1498499003,-39.0364525661,0
              176.1500920659,-39.0363083994,0
              176.1502334505,-39.0362014664,0
              176.1504003007,-39.0360138497,0
              176.1506814674,-39.0357657831,0
              176.1508428839,-39.0354641664,0
              176.1511056165,-39.0351367166,0
              176.1516495001,-39.0345611835,0
              176.1521418994,-39.0341355829,0
              176.1530470839,-39.0334580337,0
              176.1532475166,-39.0333607501,0
              176.1537696842,-39.0329456997,0
              176.1539278670,-39.0328839166,0
              176.1540416169,-39.0328120502,0
              176.1542138670,-39.0327384497,0
              176.1551276827,-39.0322432832,0
              176.1553253834,-39.0320890168,0
              176.1562218326,-39.0315372661,0
              176.1567028342,-39.0311804827,0
              176.1573723175,-39.0307838829,0
              176.1579383505,-39.0303674996,0
              176.1584783505,-39.0300203996,0
              176.1595177494,-39.0293958834,0
              176.1608079334,-39.0288095994,0
              176.1612358002,-39.0285685499,0
              176.1617313832,-39.0282113326,0
              176.1622431997,-39.0278878833,0
              176.1627994340,-39.0275745165,0
              176.1637613333,-39.0271691828,0
              176.1646528336,-39.0268230333,0
              176.1655665004,-39.0263277834,0
              176.1660274000,-39.0261656494,0
              176.1666204834,-39.0260110328,0
              176.1671258000,-39.0258589994,0
              176.1674707828,-39.0257231501,0
              176.1678314995,-39.0256096831,0
              176.1697693501,-39.0250953493,0
              176.1701441336,-39.0249700331,0
              176.1707143838,-39.0246448000,0
              176.1708394668,-39.0245040666,0
              176.1711215006,-39.0239704996,0
              176.1712535662,-39.0236697166,0
              176.1714581338,-39.0230470996,0
              176.1715581500,-39.0223819161,0
              176.1714377833,-39.0220087328,0
              176.1713167334,-39.0210076328,0
              176.1712126335,-39.0206682169,0
              176.1711078336,-39.0197008667,0
              176.1710368169,-39.0194403994,0
              176.1710881334,-39.0189821831,0
              176.1709688837,-39.0186317834,0
              176.1708095834,-39.0183625169,0
              176.1708208509,-39.0179854168,0
              176.1708809000,-39.0177096164,0
              176.1710145835,-39.0174430496,0
              176.1714005831,-39.0169406167,0
              176.1723376009,-39.0154056497,0
              176.1732395174,-39.0143626499,0
              176.1736130498,-39.0139062663,0
              176.1746995499,-39.0127435831,0
              176.1752755833,-39.0122354837,0
              176.1759561509,-39.0117699166,0
              176.1760113504,-39.0116997833,0
              176.1770156338,-39.0109619669,0
              176.1772549168,-39.0107607499,0
              176.1776879827,-39.0103253995,0
              176.1779223341,-39.0100215501,0
              176.1785318173,-39.0092955168,0
              176.1790547670,-39.0089031334,0
              176.1804210834,-39.0077777169,0
              176.1808118827,-39.0073778668,0
              176.1811149665,-39.0069806501,0
              176.1814911329,-39.0065812162,0
              176.1817022331,-39.0064036500,0
              176.1822039673,-39.0058748993,0
              176.1825834171,-39.0055438832,0
              176.1832042840,-39.0050572327,0
              176.1836220994,-39.0046108998,0
              176.1852594839,-39.0033403161,0
              176.1861860834,-39.0025134164,0
              176.1863798002,-39.0022792669,0
              176.1866471662,-39.0020543495,0
              176.1868143998,-39.0018780999,0
              176.1875883502,-39.0012269826,0
              176.1881967341,-39.0007863501,0
              176.1896570167,-38.9997950166,0
              176.1909668992,-38.9990250996,0
              176.1914253673,-38.9988172832,0
              176.1921972498,-38.9984288001,0
              176.1923103499,-38.9983454996,0
              176.1927807007,-38.9980802328,0
              176.1933835327,-38.9975255665,0
              176.1936671168,-38.9973343833,0
              176.1939063172,-38.9971331326,0
              176.1948831498,-38.9964416496,0
              176.1949410841,-38.9964284993,0
              176.1958530496,-38.9959101996,0
              176.1960353993,-38.9957449002,0
              176.1965446335,-38.9953756834,0
              176.1969071340,-38.9949994663,0
              176.1971073826,-38.9949021168,0
              176.1972946831,-38.9948394162,0
              176.1974949341,-38.9947420669,0
              176.1989595837,-38.9941500997,0
              176.2008851503,-38.9930989828,0
              176.2013673166,-38.9927762334,0
              176.2019117828,-38.9925315330,0
              176.2022284008,-38.9924192663,0
              176.2034830666,-38.9920276332,0
              176.2042084170,-38.9918916666,0
              176.2050669669,-38.9917859327,0
              176.2058427839,-38.9917854502,0
              176.2062098506,-38.9918086499,0
              176.2072195330,-38.9918011162,0
              176.2086362669,-38.9917356661,0
              176.2097816495,-38.9915071000,0
              176.2100701335,-38.9914184835,0
              176.2107017007,-38.9911596995,0
              176.2110442501,-38.9909781327,0
              176.2114284334,-38.9907496326,0
              176.2118498500,-38.9903829994,0
              176.2120142331,-38.9901496996,0
              176.2122376329,-38.9899260329,0
              176.2123473999,-38.9897742999,0
              176.2125978169,-38.9895041496,0
              176.2128032833,-38.9892125329,0
              176.2130818329,-38.9889186996,0
              176.2133777498,-38.9886814334,0
              176.2137461841,-38.9884305662,0
              176.2140134325,-38.9882055827,0
              176.2142081330,-38.9879942001,0
              176.2143865670,-38.9877490501,0
              176.2147801008,-38.9871092328,0
              176.2150271831,-38.9867706830,0
              176.2162612340,-38.9853519501,0
              176.2168080660,-38.9848559331,0
              176.2172076342,-38.9843415167,0
              176.2174251835,-38.9836955666,0
              176.2175721499,-38.9834056997,0
              176.2178448509,-38.9826895835,0
              176.2188038338,-38.9807310998,0
              176.2192411338,-38.9800899334,0
              176.2194639168,-38.9798548666,0
              176.2201962494,-38.9792618830,0
              176.2206597503,-38.9788596993,0
              176.2209004507,-38.9786925833,0
              176.2210967834,-38.9785153827,0
              176.2214927000,-38.9782294167,0
              176.2218345998,-38.9780364001,0
              176.2222305331,-38.9777504167,0
              176.2230841665,-38.9772450833,0
              176.2245223337,-38.9767220827,0
              176.2255050006,-38.9764640173,0
              176.2268670667,-38.9761830502,0
              176.2280223334,-38.9758626664,0
              176.2283534503,-38.9757498835,0
              176.2287689508,-38.9755660329,0
              176.2292547335,-38.9753229831,0
              176.2295819832,-38.9751303995,0
              176.2301887502,-38.9746667334,0
              176.2314692660,-38.9736118000,0
              176.2316363169,-38.9734354667,0
              176.2319186001,-38.9732213996,0
              176.2324522665,-38.9727599496,0
              176.2328015162,-38.9724182494,0
              176.2333222332,-38.9719914495,0
              176.2337822835,-38.9715208001,0
              176.2339611670,-38.9712870160,0
              176.2341221008,-38.9709852831,0
              176.2344010502,-38.9707028002,0
              176.2346300509,-38.9702962501,0
              176.2353860336,-38.9692914163,0
              176.2356514504,-38.9690321829,0
              176.2357156331,-38.9688475495,0
              176.2361499330,-38.9681493335,0
              176.2361747341,-38.9680572334,0
              176.2366302997,-38.9674953663,0
              176.2371470668,-38.9669887327,0
              176.2372426841,-38.9668488332,0
              176.2374799837,-38.9666132668,0
              176.2378338176,-38.9660659166,0
              176.2380008168,-38.9658895661,0
              176.2393113841,-38.9648564499,0
              176.2393772168,-38.9647060330,0
              176.2394056833,-38.9640886169,0
              176.2399760333,-38.9631807330,0
              176.2400485328,-38.9631671000,0
              176.2405656342,-38.9629687163,0
              176.2407224670,-38.9628840328,0
              176.2411389667,-38.9627229496,0
              176.2412946833,-38.9626154664,0
              176.2415374998,-38.9624939171,0
              176.2419586005,-38.9621271672,0
              176.2420727162,-38.9620666168,0
              176.2428738505,-38.9613914662,0
              176.2429846159,-38.9612624994,0
              176.2436598009,-38.9607053506,0
              176.2441827341,-38.9600272329,0
              176.2442075168,-38.9599351335,0
              176.2442620665,-38.9598535500,0
              176.2443879996,-38.9597355501,0
              176.2445764166,-38.9593986995,0
              176.2451864501,-38.9587065163,0
              176.2453354674,-38.9584622169,0
              176.2455300003,-38.9582507667,0
              176.2455277837,-38.9582051830,0
              176.2456825169,-38.9577780163,0
              176.2458613339,-38.9575442326,0
              176.2459833498,-38.9573464160,0
              176.2460317836,-38.9571394164,0
              176.2462803006,-38.9568350000,0
              176.2463191169,-38.9567310661,0
              176.2463747668,-38.9566722837,0
              176.2464422501,-38.9565560496,0
              176.2465839005,-38.9564604000,0
              176.2468217009,-38.9562362329,0
              176.2471815007,-38.9558142498,0
              176.2472663837,-38.9557545834,0
              176.2473260660,-38.9554787334,0
              176.2474486508,-38.9552923166,0
              176.2476572163,-38.9550690334,0
              176.2479388170,-38.9548435332,0
              176.2481878835,-38.9545504995,0
              176.2484132831,-38.9543723832,0
              176.2485240341,-38.9542434162,0
              176.2489034329,-38.9539235827,0
              176.2495448340,-38.9532760831,0
              176.2497707674,-38.9531093495,0
              176.2499146334,-38.9530592994,0
              176.2501995831,-38.9529022002,0
              176.2503439835,-38.9528635501,0
              176.2506283667,-38.9526950331,0
              176.2511353337,-38.9522913829,0
              176.2513028507,-38.9521264330,0
              176.2522493000,-38.9514353666,0
              176.2530884674,-38.9506447998,0
              176.2532857335,-38.9504903667,0
              176.2537544335,-38.9502020497,0
              176.2539798004,-38.9500239166,0
              176.2545047009,-38.9496882000,0
              176.2551189002,-38.9493840332,0
              176.2557426839,-38.9489767994,0
              176.2558005665,-38.9489636164,0
              176.2563158503,-38.9487309664,0
              176.2569531161,-38.9483004829,0
              176.2570818006,-38.9482394499,0
              176.2575629509,-38.9478759666,0
              176.2542186833,-38.9360863671,0
              176.2513830170,-38.9240693334,0
              176.2522108842,-38.9196834500,0
              176.2523001842,-38.9195121666,0
              176.2519061668,-38.9194626332,0
              176.2497231331,-38.9193184666,0
              176.2428612500,-38.9202543499,0
              176.2426663998,-38.9179810827,0
              176.2426484827,-38.9172423168,0
              176.2428340830,-38.9170697661,0
              176.2432642007,-38.9164238668,0
              176.2443655175,-38.9161987334,0
              176.2447413666,-38.9153958831,0
              176.2448325503,-38.9150968332,0
              176.2461779165,-38.9137622500,0
              176.2461309174,-38.9134472997,0
              176.2459185006,-38.9125677665,0
              176.2481757840,-38.9078907827,0
              176.2471143003,-38.8993517497,0
              176.2453547328,-38.8973225330,0
              176.2457161167,-38.8966258662,0
              176.2482673505,-38.8955069002,0
              176.2496108834,-38.8945308834,0
              176.2498482500,-38.8939565166,0
              176.2499273992,-38.8925955834,0
              176.2501343837,-38.8922099162,0
              176.2505923333,-38.8917261826,0
              176.2515566826,-38.8915847667,0
              176.2529545335,-38.8917943830,0
              176.2534899505,-38.8911276328,0
              176.2583809341,-38.8899908832,0
              176.2551137669,-38.8081781833,0
              176.2835899666,-38.7718842496,0
              176.3546086338,-38.6821579334,0
              176.4359925000,-38.5810640836,0
              176.4417549326,-38.5734148168,0
              176.4424049831,-38.5721488162,0
              176.4509804998,-38.5616572328,0
              176.4526585999,-38.5596948327,0
              176.4537164339,-38.5585798006,0
              176.4554639500,-38.5569159168,0
              176.4571598003,-38.5552656995,0
              176.4574616835,-38.5549213166,0
              176.4578417501,-38.5545902830,0
              176.4606272499,-38.5526215166,0
              176.4618646495,-38.5519061326,0
              176.4629803501,-38.5511645666,0
              176.4637044831,-38.5502152329,0
              176.4643467003,-38.5500129166,0
              176.4653884996,-38.5492819334,0
              176.4658983676,-38.5489458330,0
              176.4664409509,-38.5486554500,0
              176.4670826165,-38.5483484666,0
              176.4690410666,-38.5474960997,0
              176.4697278999,-38.5472969169,0
              176.4703737662,-38.5470751496,0
              176.4719011505,-38.5466294499,0
              176.4725649328,-38.5463967493,0
              176.4730869668,-38.5461896329,0
              176.4736540667,-38.5459153661,0
              176.4741054835,-38.5456420165,0
              176.4743667173,-38.5454144996,0
              176.4749605006,-38.5447316834,0
              176.4752061838,-38.5443784993,0
              176.4756808001,-38.5434999668,0
              176.4759222501,-38.5428585667,0
              176.4763365001,-38.5418982332,0
              176.4766885167,-38.5408566999,0
              176.4766982000,-38.5405872998,0
              176.4768360000,-38.5400703001,0
              176.4769126501,-38.5394960499,0
              176.4771986838,-38.5379231332,0
              176.4771771338,-38.5376736829,0
              176.4764530831,-38.5346497665,0
              176.4763024998,-38.5342927671,0
              176.4762004173,-38.5339486662,0
              176.4762638994,-38.5335871834,0
              176.4764211841,-38.5332676333,0
              176.4730682165,-38.5321969328,0
              176.4704230338,-38.5312949668,0
              176.4684583670,-38.5308718833,0
              176.4668188176,-38.5310055666,0
              176.4621425507,-38.5311646493,0
              176.4597919835,-38.5314834665,0
              176.4594484008,-38.5313464326,0
              176.4585791176,-38.5307979827,0
              176.4571610332,-38.5296994662,0
              176.4569611668,-38.5290802663,0
              176.4564187501,-38.5289003830,0
              176.4560226331,-38.5285022662,0
              176.4554793337,-38.5277974002,0
              176.4548619169,-38.5274795331,0
              176.4538826672,-38.5271693995,0
              176.4530159838,-38.5270243829,0
              176.4487690506,-38.5258611997,0
              176.4347255831,-38.5214550667,0
              176.4323974327,-38.5207558998,0
              176.4287093504,-38.5195852162,0
              176.4284060336,-38.5194520999,0
              176.4255899340,-38.5186042162,0
              176.4240267671,-38.5188564663,0
              176.4221497666,-38.5181452169,0
              176.4185588167,-38.5167185329,0
              176.4175144327,-38.5159510162,0
              176.4171823837,-38.5157480669,0
              176.4136049329,-38.5146377001,0
              176.4094039673,-38.5135428829,0
              176.4088720665,-38.5133770496,0
              176.4084919339,-38.5132340331,0
              176.4024468007,-38.5112824664,0
              176.3993904994,-38.5104507327,0
              176.3988322173,-38.5102107163,0
              176.3988566008,-38.5101951834,0
              176.3967979670,-38.5093335497,0
              176.3960047331,-38.5094313161,0
              176.3951934336,-38.5090260498,0
              176.3937410499,-38.5086283162,0
              176.3867938337,-38.5064716164,0
              176.3733434833,-38.5365262833,0
              176.3589651328,-38.5686875337,0
              176.3215609335,-38.5583814662,0
              176.3213469945,-38.5583067030,0
              176.3203177008,-38.5580396494,0
              176.3021783500,-38.5530361165,0
              176.3002370009,-38.5512926838,0
              176.2999298501,-38.5509735171,0
              176.3001097333,-38.5509071667,0
              176.3004627167,-38.5507203997,0
              176.3007122494,-38.5505477495,0
              176.3012135004,-38.5501671167,0
              176.3019626006,-38.5496462663,0
              176.3024080165,-38.5492920167,0
              176.3025394840,-38.5492280496,0
              176.3026107999,-38.5491271662,0
              176.3028165670,-38.5490054665,0
              176.3028941331,-38.5489059334,0
              176.3033702161,-38.5485434666,0
              176.3037834172,-38.5479878833,0
              176.3039056663,-38.5476870999,0
              176.3038942672,-38.5476560997,0
              176.3039570508,-38.5474454830,0
              176.3039833495,-38.5471828333,0
              176.3039798832,-38.5469780999,0
              176.3039376504,-38.5467288327,0
              176.3038199174,-38.5463585001,0
              176.3034657998,-38.5454754832,0
              176.3021855833,-38.5426354995,0
              176.3020085335,-38.5422832335,0
              176.3017895832,-38.5419045168,0
              176.3015671006,-38.5415687169,0
              176.3013205003,-38.5412439500,0
              176.3010585492,-38.5409320163,0
              176.3007686167,-38.5406297669,0
              176.3002329329,-38.5401510832,0
              176.2988046327,-38.5389941497,0
              176.2986413832,-38.5388460999,0
              176.2985034325,-38.5386918500,0
              176.2983666999,-38.5384758667,0
              176.2982757842,-38.5381576001,0
              176.2982686328,-38.5380310997,0
              176.2982869003,-38.5378426333,0
              176.2983287827,-38.5376373500,0
              176.2983768171,-38.5375310160,0
              176.2986010494,-38.5371253002,0
              176.2988247834,-38.5368733829,0
              176.2991944667,-38.5366059162,0
              176.2993761334,-38.5365060002,0
              176.2996821838,-38.5363723830,0
              176.2999147669,-38.5363030997,0
              176.3002309507,-38.5362380334,0
              176.3006648834,-38.5361834995,0
              176.3010945508,-38.5361968498,0
              176.3019311504,-38.5363162995,0
              176.3020951661,-38.5363143661,0
              176.3023147833,-38.5363414832,0
              176.3029632340,-38.5363588666,0
              176.3034455664,-38.5362852832,0
              176.3037817673,-38.5362544173,0
              176.3040158662,-38.5362049833,0
              176.3040710842,-38.5361796333,0
              176.3041088665,-38.5361450500,0
              176.3041272341,-38.5360801829,0
              176.3041008335,-38.5359551006,0
              176.3040044169,-38.5357299494,0
              176.3039478998,-38.5356635502,0
              176.3039353005,-38.5356120998,0
              176.3038604994,-38.5354834669,0
              176.3037158006,-38.5353328002,0
              176.3036529836,-38.5352902671,0
              176.3035186663,-38.5352482166,0
              176.3031918666,-38.5352289665,0
              176.3027921334,-38.5351515997,0
              176.3026252834,-38.5350994673,0
              176.3024958174,-38.5350335326,0
              176.3024123333,-38.5349509495,0
              176.3023524159,-38.5347787329,0
              176.3023551505,-38.5345806327,0
              176.3024331659,-38.5342724332,0
              176.3025597005,-38.5340429501,0
              176.3026895007,-38.5338921999,0
              176.3029796669,-38.5336233662,0
              176.3034088672,-38.5332705834,0
              176.3035878507,-38.5330285660,0
              176.3038768169,-38.5327664828,0
              176.3042164839,-38.5323396000,0
              176.3046458661,-38.5318817835,0
              176.3055257998,-38.5310601002,0
              176.3060349342,-38.5305526994,0
              176.3064121670,-38.5302266668,0
              176.3066536335,-38.5300540500,0
              176.3069078830,-38.5299019831,0
              176.3077166833,-38.5294859331,0
              176.3094200001,-38.5285565327,0
              176.3102644995,-38.5280651500,0
              176.3105678326,-38.5278583331,0
              176.3108140839,-38.5276594329,0
              176.3113443009,-38.5271043164,0
              176.3114420000,-38.5267921326,0
              176.3115141001,-38.5264646164,0
              176.3115412334,-38.5262128328,0
              176.3115394667,-38.5259308667,0
              176.3114959667,-38.5256189165,0
              176.3113852665,-38.5251835498,0
              176.3112721999,-38.5248136332,0
              176.3109638827,-38.5240006664,0
              176.3108685667,-38.5236304000,0
              176.3108483826,-38.5233870996,0
              176.3108639831,-38.5232070328,0
              176.3109207833,-38.5230190496,0
              176.3109986003,-38.5228433331,0
              176.3111656334,-38.5225537328,0
              176.3114360167,-38.5221525500,0
              176.3121426827,-38.5209321661,0
              176.3124375839,-38.5204843163,0
              176.3127357007,-38.5200726329,0
              176.3132504003,-38.5194329834,0
              176.3141797000,-38.5183667002,0
              176.3163460167,-38.5159923160,0
              176.3176026335,-38.5145674831,0
              176.3179719001,-38.5140803834,0
              176.3183340668,-38.5135175830,0
              176.3185601326,-38.5131097662,0
              176.3187369668,-38.5126898831,0
              176.3188984339,-38.5121164502,0
              176.3189226502,-38.5119274833,0
              176.3189103830,-38.5117393993,0
              176.3187536507,-38.5109577828,0
              176.3186169174,-38.5104659829,0
              176.3181395335,-38.5094116001,0
              176.3178624167,-38.5088851166,0
              176.3177741174,-38.5086373828,0
              176.3177502498,-38.5084599164,0
              176.3177610005,-38.5083472000,0
              176.3178179331,-38.5081893160,0
              176.3179296836,-38.5080191334,0
              176.3181431499,-38.5078136497,0
              176.3183399325,-38.5076838831,0
              176.3184836005,-38.5076125335,0
              176.3188326328,-38.5075024832,0
              176.3191488335,-38.5074679166,0
              176.3197061831,-38.5074825501,0
              176.3200236829,-38.5075110502,0
              176.3208929173,-38.5076522999,0
              176.3216296173,-38.5077935830,0
              176.3219463332,-38.5078270332,0
              176.3222224003,-38.5078270661,0
              176.3223402667,-38.5078541330,0
              176.3227945670,-38.5076891839,0
              176.3229358332,-38.5076239663,0
              176.3230532838,-38.5075496497,0
              176.3231379008,-38.5074624500,0
              176.3231687169,-38.5074023830,0
              176.3232000339,-38.5072223827,0
              176.3231868003,-38.5070898499,0
              176.3231248670,-38.5068864661,0
              176.3230006176,-38.5066434503,0
              176.3228876667,-38.5064787161,0
              176.3225331005,-38.5061243665,0
              176.3220512832,-38.5057661334,0
              176.3218919497,-38.5056266495,0
              176.3217991834,-38.5055192335,0
              176.3217077499,-38.5053491998,0
              176.3216355659,-38.5050997330,0
              176.3216076172,-38.5047241831,0
              176.3216268504,-38.5044951667,0
              176.3217466835,-38.5038093494,0
              176.3217569167,-38.5035774166,0
              176.3217398166,-38.5033238669,0
              176.3216800659,-38.5030761001,0
              176.3215941502,-38.5028933668,0
              176.3214701665,-38.5025236495,0
              176.3213791841,-38.5023977993,0
              176.3212134338,-38.5022644665,0
              176.3208936508,-38.5020705831,0
              176.3208191503,-38.5020434827,0
              176.3206455997,-38.5020067996,0
              176.3204521669,-38.5019904664,0
              176.3200428330,-38.5019958163,0
              176.3198009502,-38.5020219835,0
              176.3195666670,-38.5020820828,0
              176.3192882836,-38.5022023499,0
              176.3191597675,-38.5022769667,0
              176.3189855998,-38.5024106000,0
              176.3188344009,-38.5025628673,0
              176.3186887335,-38.5027423999,0
              176.3185185000,-38.5030288994,0
              176.3181105999,-38.5038405663,0
              176.3178705838,-38.5041852827,0
              176.3176721007,-38.5043946661,0
              176.3174335162,-38.5045526331,0
              176.3172441166,-38.5046270330,0
              176.3170810002,-38.5046688001,0
              176.3169116334,-38.5046923494,0
              176.3167431000,-38.5046961998,0
              176.3165825004,-38.5046787835,0
              176.3164071840,-38.5046278834,0
              176.3162200840,-38.5045215830,0
              176.3161130834,-38.5044240168,0
              176.3160219832,-38.5043106166,0
              176.3158935003,-38.5040553167,0
              176.3158427167,-38.5038113167,0
              176.3158556832,-38.5036290995,0
              176.3159048665,-38.5034419333,0
              176.3163450504,-38.5024092165,0
              176.3164344671,-38.5020996002,0
              176.3164487498,-38.5019123494,0
              176.3164381338,-38.5016598994,0
              176.3163547999,-38.5008992334,0
              176.3162997670,-38.5005865337,0
              176.3161283000,-38.5000331993,0
              176.3158960835,-38.4995603334,0
              176.3154852999,-38.4989600995,0
              176.3152639173,-38.4986955326,0
              176.3150677509,-38.4984947333,0
              176.3145473998,-38.4980156830,0
              176.3142439997,-38.4978040829,0
              176.3141113332,-38.4977395334,0
              176.3137204503,-38.4976205665,0
              176.3134869006,-38.4975572665,0
              176.3132558168,-38.4975144829,0
              176.3130299663,-38.4975039496,0
              176.3127359338,-38.4975634497,0
              176.3124482999,-38.4976758662,0
              176.3119344168,-38.4979301665,0
              176.3116281496,-38.4980099663,0
              176.3111581676,-38.4980952169,0
              176.3104549334,-38.4981695829,0
              176.3102122669,-38.4981654666,0
              176.3100578003,-38.4981470999,0
              176.3098777170,-38.4981040000,0
              176.3097388501,-38.4980522502,0
              176.3094833665,-38.4979054005,0
              176.3092071337,-38.4976607330,0
              176.3088455999,-38.4971978330,0
              176.3086974337,-38.4969681334,0
              176.3085664508,-38.4966649833,0
              176.3085129661,-38.4964162001,0
              176.3085073831,-38.4961735494,0
              176.3085505332,-38.4959264836,0
              176.3086769501,-38.4955542669,0
              176.3090302674,-38.4947428995,0
              176.3090735335,-38.4945580167,0
              176.3090959671,-38.4941805498,0
              176.3090657341,-38.4937741834,0
              176.3089688008,-38.4933381998,0
              176.3087313665,-38.4926507498,0
              176.3085376994,-38.4922316334,0
              176.3083136669,-38.4918975997,0
              176.3079973162,-38.4915730494,0
              176.3072503175,-38.4909401333,0
              176.3054896176,-38.4895213502,0
              176.3048694667,-38.4890722494,0
              176.3043309309,-38.4885466515,0
              176.3035717566,-38.4875127643,0
              176.3031053106,-38.4865963415,0
              176.3026134844,-38.4857878938,0
              176.3022375401,-38.4855243937,0
              176.3016842306,-38.4853612405,0
              176.3010406848,-38.4855462487,0
              176.3004377473,-38.4859565466,0
              176.2999527608,-38.4866257084,0
              176.2995781183,-38.4873870988,0
              176.2992538581,-38.4885880280,0
              176.2989818804,-38.4889413151,0
              176.2985221957,-38.4891687964,0
              176.2978731751,-38.4892347634,0
              176.2973214739,-38.4891072986,0
              176.2966393940,-38.4887809005,0
              176.2962158515,-38.4884710512,0
              176.2957987723,-38.4879703326,0
              176.2955969661,-38.4875350561,0
              176.2954995404,-38.4870610853,0
              176.2955908422,-38.4864030307,0
              176.2956123954,-38.4858780378,0
              176.2953483958,-38.4854087584,0
              176.2947616334,-38.4852492332,0
              176.2935701252,-38.4853158139,0
              176.2926653233,-38.4854247042,0
              176.2911580176,-38.4853925667,0
              176.2903120170,-38.4853513167,0
              176.2898242173,-38.4853609493,0
              176.2892508839,-38.4854327838,0
              176.2883957669,-38.4856083337,0
              176.2874361669,-38.4857481167,0
              176.2868107667,-38.4858603327,0
              176.2863432001,-38.4859682998,0
              176.2855215667,-38.4862196666,0
              176.2849017167,-38.4863648672,0
              176.2843501832,-38.4865591834,0
              176.2839127165,-38.4866242998,0
              176.2835827335,-38.4867211667,0
              176.2825880502,-38.4871253000,0
              176.2816605507,-38.4876350994,0
              176.2812722674,-38.4878319665,0
              176.2808525341,-38.4880206334,0
              176.2803444337,-38.4882072665,0
              176.2800725341,-38.4882832001,0
              176.2796871994,-38.4883644831,0
              176.2775370834,-38.4886955168,0
              176.2771597167,-38.4887951327,0
              176.2767846165,-38.4889539664,0
              176.2765169837,-38.4891069498,0
              176.2762821674,-38.4892881834,0
              176.2760942163,-38.4894937334,0
              176.2759637003,-38.4897245168,0
              176.2759119829,-38.4899039994,0
              176.2758859833,-38.4900930167,0
              176.2758604669,-38.4913231827,0
              176.2758031335,-38.4915642328,0
              176.2756840505,-38.4917909661,0
              176.2755641667,-38.4919531827,0
              176.2753737831,-38.4921602835,0
              176.2747698672,-38.4926991833,0
              176.2744284498,-38.4929657004,0
              176.2735990509,-38.4935664168,0
              176.2731551834,-38.4939298668,0
              176.2727871503,-38.4942889001,0
              176.2724258672,-38.4947065999,0
              176.2721921832,-38.4950541000,0
              176.2716971667,-38.4959864666,0
              176.2711242675,-38.4966311839,0
              176.2708876835,-38.4969560334,0
              176.2707666662,-38.4972581828,0
              176.2705330676,-38.4981178998,0
              176.2704111002,-38.4984869333,0
              176.2702715169,-38.4987804500,0
              176.2700516839,-38.4991013496,0
              176.2697575840,-38.4994036330,0
              176.2695708339,-38.4995520668,0
              176.2693887668,-38.4996714828,0
              176.2690575004,-38.4998481997,0
              176.2683569169,-38.5001728826,0
              176.2679713676,-38.5003784006,0
              176.2674529003,-38.5006769329,0
              176.2670370165,-38.5009531331,0
              176.2666837665,-38.5012145329,0
              176.2664139170,-38.5014492334,0
              176.2660986329,-38.5017849328,0
              176.2659260840,-38.5019995334,0
              176.2657742667,-38.5022244169,0
              176.2656444167,-38.5024577499,0
              176.2655377168,-38.5026976995,0
              176.2654553999,-38.5029424665,0
              176.2654072670,-38.5032237497,0
              176.2653409006,-38.5039823166,0
              176.2652147165,-38.5044465165,0
              176.2650411670,-38.5048001334,0
              176.2648650670,-38.5050665331,0
              176.2647201665,-38.5052209995,0
              176.2645971175,-38.5052937326,0
              176.2642511998,-38.5053612999,0
              176.2639024827,-38.5053717995,0
              176.2633155001,-38.5051550326,0
              176.2629989000,-38.5049994662,0
              176.2627848337,-38.5048146326,0
              176.2623032334,-38.5043019665,0
              176.2621832669,-38.5042070328,0
              176.2619201675,-38.5040648999,0
              176.2614817339,-38.5039007669,0
              176.2608162672,-38.5037237499,0
              176.2605008168,-38.5036864662,0
              176.2601857673,-38.5037085827,0
              176.2598025836,-38.5038120501,0
              176.2592050335,-38.5040522163,0
              176.2589337501,-38.5041914834,0
              176.2587114832,-38.5043475833,0
              176.2585679331,-38.5044918661,0
              176.2584484498,-38.5046530664,0
              176.2581050837,-38.5052624998,0
              176.2579421668,-38.5054801504,0
              176.2575463832,-38.5059558330,0
              176.2571692499,-38.5063500165,0
              176.2565217498,-38.5069397330,0
              176.2560683509,-38.5073834495,0
              176.2556795331,-38.5077082668,0
              176.2554386666,-38.5078809167,0
              176.2551821165,-38.5080358831,0
              176.2549791006,-38.5081367172,0
              176.2547180176,-38.5082381999,0
              176.2544955009,-38.5083009829,0
              176.2541853502,-38.5083619672,0
              176.2533734000,-38.5084578503,0
              176.2527430503,-38.5085632495,0
              176.2523469835,-38.5086141495,0
              176.2517920508,-38.5086453331,0
              176.2509949506,-38.5086276334,0
              176.2504691000,-38.5084446328,0
              176.2499139496,-38.5081908335,0
              176.2495985335,-38.5080919496,0
              176.2492761166,-38.5080185327,0
              176.2489596175,-38.5079709329,0
              176.2485106840,-38.5079409834,0
              176.2481883327,-38.5079383332,0
              176.2476973174,-38.5079874502,0
              176.2473874833,-38.5080560165,0
              176.2471608332,-38.5081408666,0
              176.2467542672,-38.5083374165,0
              176.2463786169,-38.5084503331,0
              176.2461970326,-38.5085211832,0
              176.2456431004,-38.5088592330,0
              176.2453104998,-38.5090359001,0
              176.2449555506,-38.5092055828,0
              176.2442810499,-38.5094887328,0
              176.2438784007,-38.5096965830,0
              176.2433095997,-38.5100425494,0
              176.2429365998,-38.5103417494,0
              176.2427465339,-38.5105461999,0
              176.2425726000,-38.5107759503,0
              176.2424118835,-38.5110673664,0
              176.2423713840,-38.5112510162,0
              176.2423844342,-38.5115676172,0
              176.2423723338,-38.5116920828,0
              176.2423215334,-38.5118781667,0
              176.2422517335,-38.5120139330,0
              176.2420696339,-38.5122171834,0
              176.2417111001,-38.5125046167,0
              176.2412019996,-38.5131427163,0
              176.2409104167,-38.5134661493,0
              176.2406511502,-38.5137083329,0
              176.2404380999,-38.5138705327,0
              176.2400530337,-38.5140953828,0
              176.2383025670,-38.5149610500,0
              176.2380952660,-38.5150807998,0
              176.2377697335,-38.5153037001,0
              176.2375511500,-38.5153778494,0
              176.2369574165,-38.5155244496,0
              176.2366921837,-38.5156292498,0
              176.2363866000,-38.5158345334,0
              176.2358801338,-38.5162873995,0
              176.2355699325,-38.5164868827,0
              176.2348077166,-38.5168730668,0
              176.2342398002,-38.5171187000,0
              176.2336237668,-38.5173617831,0
              176.2329266830,-38.5176910494,0
              176.2325169170,-38.5179432006,0
              176.2319785842,-38.5182448667,0
              176.2315173505,-38.5186356334,0
              176.2311383000,-38.5189211164,0
              176.2308805170,-38.5193058005,0
              176.2306875331,-38.5198256328,0
              176.2306388497,-38.5200212831,0
              176.2306504999,-38.5202608330,0
              176.2306264508,-38.5203643667,0
              176.2306308832,-38.5204556328,0
              176.2305402674,-38.5206868163,0
              176.2304921334,-38.5208938665,0
              176.2301924005,-38.5213140665,0
              176.2297797341,-38.5218061829,0
              176.2293570661,-38.5220929827,0
              176.2291854500,-38.5221552167,0
              176.2287388006,-38.5222485165,0
              176.2284229508,-38.5223378994,0
              176.2279897168,-38.5224079499,0
              176.2275789000,-38.5223402329,0
              176.2272983335,-38.5222572168,0
              176.2269870173,-38.5221408497,0
              176.2265829676,-38.5219130000,0
              176.2260173833,-38.5213663332,0
              176.2254482998,-38.5208861166,0
              176.2252410003,-38.5206350831,0
              176.2250036675,-38.5202737996,0
              176.2242902127,-38.5195220361,0
              176.2237144598,-38.5192661729,0
              176.2232159011,-38.5191082920,0
              176.2220178211,-38.5191842020,0
              176.2194656584,-38.5195118988,0
              176.2164844634,-38.5196082094,0
              176.2131992483,-38.5198272080,0
              176.2108625503,-38.5200799998,0
              176.2099085247,-38.5203322991,0
              176.2093543996,-38.5205620273,0
              176.2073653789,-38.5225043999,0
              176.2062780104,-38.5234352138,0
              176.2048738878,-38.5242030761,0
              176.2037090888,-38.5246211282,0
              176.2028927350,-38.5246863882,0
              176.2018047049,-38.5243729337,0
              176.2010319496,-38.5237791105,0
              176.1994461363,-38.5220919904,0
              176.1982261141,-38.5208525014,0
              176.1970757019,-38.5195395880,0
              176.1961952089,-38.5189772787,0
              176.1950552736,-38.5187223841,0
              176.1934725190,-38.5179218015,0
              176.1929419487,-38.5174500258,0
              176.1922390412,-38.5171974757,0
              176.1913982610,-38.5171203038,0
              176.1902494834,-38.5172136118,0
              176.1890946798,-38.5174453222,0
              176.1882462646,-38.5177449476,0
              176.1875369923,-38.5178977586,0
              176.1868794974,-38.5178489310,0
              176.1859980001,-38.5179492175,0
              176.1850233090,-38.5181378450,0
              176.1843813519,-38.5184413555,0
              176.1838656442,-38.5188558413,0
              176.1836930580,-38.5190702974,0
              176.1827200237,-38.5192969985,0
              176.1818740276,-38.5193772190,0
              176.1799154522,-38.5189899726,0
              176.1798219572,-38.5189445449,0
              176.1790609904,-38.5187290722,0
              176.1787461748,-38.5186013628,0
              176.1782723259,-38.5183602378,0
              176.1779958014,-38.5182545075,0
              176.1778648476,-38.5181815058,0
              176.1777723425,-38.5180857966,0
              176.1776920676,-38.5179543444,0
              176.1775013744,-38.5177473656,0
              176.1774350128,-38.5173908589,0
              176.1772712625,-38.5168434305,0
              176.1771721064,-38.5162107335,0
              176.1771538839,-38.5159576835,0
              176.1771109338,-38.5157714832,0
              176.1769805998,-38.5154588168,0
              176.1767753496,-38.5152122168,0
              176.1767271167,-38.5150299660,0
              176.1765881506,-38.5148710996,0
              176.1765063503,-38.5147044665,0
              176.1763239833,-38.5144234831,0
              176.1761178002,-38.5140256330,0
              176.1760750338,-38.5137886328,0
              176.1759794001,-38.5135470498,0
              176.1759480334,-38.5129723494,0
              176.1758783675,-38.5126637994,0
              176.1754921668,-38.5122052493,0
              176.1754361334,-38.5120906166,0
              176.1754196341,-38.5119582000,0
              176.1753885668,-38.5119128497,0
              176.1753296664,-38.5118802161,0
              176.1749908509,-38.5117931498,0
              176.1749227999,-38.5117565832,0
              176.1747745833,-38.5116172501,0
              176.1742927335,-38.5113275332,0
              176.1740582341,-38.5111384169,0
              176.1739886164,-38.5110287330,0
              176.1739694336,-38.5108971998,0
              176.1739202500,-38.5107901326,0
              176.1738208001,-38.5106906327,0
              176.1735857001,-38.5105008164,0
              176.1733077163,-38.5102038333,0
              176.1731356839,-38.5099865495,0
              176.1728530002,-38.5095696165,0
              176.1727136175,-38.5094316167,0
              176.1726813167,-38.5093766000,0
              176.1726780660,-38.5093048667,0
              176.1725437331,-38.5092053828,0
              176.1724462333,-38.5091056494,0
              176.1724226174,-38.5090485827,0
              176.1724193668,-38.5089768161,0
              176.1722570165,-38.5087385000,0
              176.1721563329,-38.5085531169,0
              176.1721530833,-38.5084813673,0
              176.1719766001,-38.5080831496,0
              176.1719059000,-38.5077566329,0
              176.1718022341,-38.5075839834,0
              176.1716458998,-38.5073795167,0
              176.1716129338,-38.5073230168,0
              176.1716096841,-38.5072512500,0
              176.1715444665,-38.5071572831,0
              176.1713317834,-38.5069220326,0
              176.1712846994,-38.5068053334,0
              176.1712636000,-38.5066650669,0
              176.1710825661,-38.5063799167,0
              176.1709412167,-38.5060767663,0
              176.1708841341,-38.5057979166,0
              176.1709011166,-38.5057383997,0
              176.1709715340,-38.5056394328,0
              176.1709886666,-38.5055181164,0
              176.1709403172,-38.5052583326,0
              176.1709338166,-38.5051148334,0
              176.1708713676,-38.5048917335,0
              176.1708567007,-38.5047577663,0
              176.1708230007,-38.5046868500,0
              176.1706419997,-38.5044578998,0
              176.1703415172,-38.5041495168,0
              176.1702874161,-38.5039882001,0
              176.1702774832,-38.5034089169,0
              176.1701650672,-38.5030425166,0
              176.1701927839,-38.5028844162,0
              176.1702082673,-38.5024812332,0
              176.1702559339,-38.5022599995,0
              176.1702515996,-38.5021643333,0
              176.1703092170,-38.5020908667,0
              176.1704716333,-38.5017829993,0
              176.1706081832,-38.5015773497,0
              176.1712179832,-38.5008340330,0
              176.1719201836,-38.4997704167,0
              176.1722826500,-38.4991598166,0
              176.1724333827,-38.4987678167,0
              176.1724663335,-38.4985819829,0
              176.1724227833,-38.4983643000,0
              176.1722903159,-38.4980600497,0
              176.1709658667,-38.4969531327,0
              176.1708539509,-38.4968402666,0
              176.1706139501,-38.4966795994,0
              176.1697577173,-38.4963062834,0
              176.1693177168,-38.4959810494,0
              176.1690627335,-38.4958341495,0
              176.1683307335,-38.4956582669,0
              176.1672779838,-38.4952033993,0
              176.1662433163,-38.4945888831,0
              176.1659639166,-38.4944474163,0
              176.1656709666,-38.4943478334,0
              176.1655183835,-38.4943204668,0
              176.1651542329,-38.4943018162,0
              176.1650014160,-38.4942626661,0
              176.1648555499,-38.4942022160,0
              176.1645176508,-38.4939939999,0
              176.1640519163,-38.4935540998,0
              176.1638733008,-38.4934215331,0
              176.1635029840,-38.4931795166,0
              176.1629943166,-38.4928845504,0
              176.1627369506,-38.4926875826,0
              176.1623890507,-38.4925030999,0
              176.1622365007,-38.4924957335,0
              176.1620151174,-38.4923980999,0
              176.1618954329,-38.4922871501,0
              176.1612311002,-38.4919527661,0
              176.1609618835,-38.4917822829,0
              176.1609332338,-38.4917258162,0
              176.1608409165,-38.4916867163,0
              176.1607629336,-38.4916305497,0
              176.1601224499,-38.4913922161,0
              176.1594567006,-38.4913825166,0
              176.1590067339,-38.4914069160,0
              176.1584921834,-38.4915129833,0
              176.1580754172,-38.4916595166,0
              176.1578966676,-38.4917396501,0
              176.1572198673,-38.4921534329,0
              176.1567380835,-38.4923888827,0
              176.1566699832,-38.4923787334,0
              176.1561803502,-38.4925909665,0
              176.1559466502,-38.4926717000,0
              176.1550152004,-38.4930860500,0
              176.1547958665,-38.4931349829,0
              176.1546762668,-38.4931218993,0
              176.1545950832,-38.4930666834,0
              176.1545237006,-38.4929677661,0
              176.1544709001,-38.4928405666,0
              176.1544181166,-38.4926202501,0
              176.1543569166,-38.4922117327,0
              176.1543204003,-38.4912717831,0
              176.1542589336,-38.4909315667,0
              176.1541509836,-38.4906359999,0
              176.1540827337,-38.4905294662,0
              176.1539394501,-38.4903788494,0
              176.1538463002,-38.4903146833,0
              176.1531656670,-38.4899958666,0
              176.1528465832,-38.4897241328,0
              176.1525529666,-38.4895239501,0
              176.1521608500,-38.4893768501,0
              176.1514660831,-38.4891763495,0
              176.1511050503,-38.4890040662,0
              176.1509345340,-38.4888938827,0
              176.1504913498,-38.4886496327,0
              176.1495824165,-38.4882501334,0
              176.1492343835,-38.4880640997,0
              176.1490441500,-38.4879797999,0
              176.1487874334,-38.4878933997,0
              176.1485528170,-38.4877733995,0
              176.1484735668,-38.4877551660,0
              176.1484050166,-38.4877749826,0
              176.1483427995,-38.4877346168,0
              176.1480603667,-38.4874769004,0
              176.1479477997,-38.4873482497,0
              176.1479092506,-38.4872337663,0
              176.1479070829,-38.4870463001,0
              176.1479398834,-38.4867883830,0
              176.1479918839,-38.4866079831,0
              176.1479699507,-38.4863681835,0
              176.1479978502,-38.4858162667,0
              176.1479886501,-38.4853866001,0
              176.1479439170,-38.4850100166,0
              176.1478889335,-38.4847056994,0
              176.1477708340,-38.4844042502,0
              176.1473785668,-38.4837823661,0
              176.1471396167,-38.4834826332,0
              176.1470741998,-38.4833721829,0
              176.1470074504,-38.4831985165,0
              176.1470038503,-38.4829696164,0
              176.1471578008,-38.4825984162,0
              176.1471809839,-38.4824265826,0
              176.1470350009,-38.4816237828,0
              176.1470166828,-38.4808906996,0
              176.1469571171,-38.4806111834,0
              176.1468464174,-38.4802353164,0
              176.1465498839,-38.4798769660,0
              176.1462499829,-38.4794453662,0
              176.1460028669,-38.4791467500,0
              176.1457752500,-38.4789331666,0
              176.1456058171,-38.4786323333,0
              176.1454606835,-38.4781840835,0
              176.1454076339,-38.4777087663,0
              176.1452622498,-38.4769181663,0
              176.1452055007,-38.4766996998,0
              176.1450979500,-38.4760547666,0
              176.1450855508,-38.4757861338,0
              176.1451101665,-38.4753085831,0
              176.1452727334,-38.4745959501,0
              176.1452720662,-38.4744507498,0
              176.1454158499,-38.4740403669,0
              176.1456560835,-38.4734997165,0
              176.1456362666,-38.4734561326,0
              176.1456661666,-38.4733857996,0
              176.1456691665,-38.4733243996,0
              176.1456710503,-38.4731368997,0
              176.1456222168,-38.4730245169,0
              176.1456389838,-38.4729550332,0
              176.1456053169,-38.4728999666,0
              176.1455349000,-38.4726542501,0
              176.1455202496,-38.4725916668,0
              176.1455311333,-38.4725211332,0
              176.1454686173,-38.4722704332,0
              176.1454200832,-38.4722170327,0
              176.1454337505,-38.4721466828,0
              176.1452233831,-38.4713077165,0
              176.1451756333,-38.4709983333,0
              176.1451722326,-38.4706936664,0
              176.1452234670,-38.4703682166,0
              176.1454088994,-38.4699553503,0
              176.1458346500,-38.4692518832,0
              176.1464120670,-38.4678888328,0
              176.1466425507,-38.4674191332,0
              176.1467882173,-38.4670611660,0
              176.1469529341,-38.4665880828,0
              176.1470049494,-38.4663396001,0
              176.1470053342,-38.4661544162,0
              176.1469641504,-38.4659972997,0
              176.1468123663,-38.4656340995,0
              176.1467676161,-38.4654582499,0
              176.1466520495,-38.4647059327,0
              176.1466078668,-38.4639964830,0
              176.1465421500,-38.4637557838,0
              176.1464537495,-38.4635922833,0
              176.1462429839,-38.4633806501,0
              176.1460629503,-38.4632542994,0
              176.1458625672,-38.4631390666,0
              176.1453420168,-38.4628886666,0
              176.1444182332,-38.4625063502,0
              176.1437182671,-38.4621060993,0
              176.1427795339,-38.4616630499,0
              176.1425856005,-38.4614140494,0
              176.1424420996,-38.4611881506,0
              176.1422415168,-38.4607793832,0
              176.1422811175,-38.4600816329,0
              176.1422614674,-38.4599443329,0
              176.1422001336,-38.4597625165,0
              176.1420213332,-38.4594429331,0
              176.1416231501,-38.4588953503,0
              176.1415220331,-38.4586803829,0
              176.1414595834,-38.4584966499,0
              176.1413821334,-38.4580555998,0
              176.1413652832,-38.4577226828,0
              176.1413783165,-38.4574692330,0
              176.1414717337,-38.4570324166,0
              176.1416466493,-38.4566958327,0
              176.1416861829,-38.4565196661,0
              176.1416124835,-38.4563457668,0
              176.1413579501,-38.4560086326,0
              176.1412819336,-38.4558268501,0
              176.1412059165,-38.4555067832,0
              176.1412050003,-38.4551845169,0
              176.1412451002,-38.4549970999,0
              176.1413309162,-38.4548037001,0
              176.1417151170,-38.4543193497,0
              176.1418352663,-38.4541026665,0
              176.1423326834,-38.4526558161,0
              176.1424028166,-38.4523472002,0
              176.1424448331,-38.4519421002,0
              176.1424324667,-38.4515616830,0
              176.1423711342,-38.4511843001,0
              176.1422582667,-38.4507966997,0
              176.1419202997,-38.4500181831,0
              176.1411935500,-38.4480618495,0
              176.1407564500,-38.4467562999,0
              176.1405516997,-38.4459579668,0
              176.1403383995,-38.4454520660,0
              176.1401669496,-38.4451647998,0
              176.1399552336,-38.4448966506,0
              176.1395100667,-38.4445178826,0
              176.1393748164,-38.4443637495,0
              176.1392590506,-38.4441308999,0
              176.1389789002,-38.4433937331,0
              176.1387366006,-38.4429954665,0
              176.1385993504,-38.4428383995,0
              176.1384378834,-38.4426995161,0
              176.1379515341,-38.4424884165,0
              176.1377787669,-38.4423710335,0
              176.1377306670,-38.4422846001,0
              176.1376066503,-38.4419356827,0
              176.1376036170,-38.4418865660,0
              176.1376305173,-38.4418375669,0
              176.1376829509,-38.4417934330,0
              176.1380175339,-38.4416442326,0
              176.1384218175,-38.4414213662,0
              176.1388664829,-38.4411317004,0
              176.1391300326,-38.4408900328,0
              176.1392882674,-38.4406605000,0
              176.1393389834,-38.4405442663,0
              176.1393876001,-38.4403606493,0
              176.1394092835,-38.4400386501,0
              176.1393444835,-38.4393688332,0
              176.1392493008,-38.4389967160,0
              176.1390877666,-38.4386514999,0
              176.1388941340,-38.4383727668,0
              176.1386555501,-38.4381155496,0
              176.1383252002,-38.4378331502,0
              176.1375038341,-38.4372594663,0
              176.1370097335,-38.4369376161,0
              176.1360109002,-38.4363659669,0
              176.1354759170,-38.4360065000,0
              176.1351403176,-38.4358885000,0
              176.1350091834,-38.4358227000,0
              176.1349571167,-38.4357808163,0
              176.1348873337,-38.4356666833,0
              176.1347245001,-38.4352002666,0
              176.1346337503,-38.4350142831,0
              176.1344780342,-38.4347936502,0
              176.1342272000,-38.4345145997,0
              176.1331798507,-38.4335160330,0
              176.1322652003,-38.4329014831,0
              176.1320913498,-38.4327638999,0
              176.1319478837,-38.4326139664,0
              176.1318568169,-38.4324647166,0
              176.1317989174,-38.4322822167,0
              176.1317805008,-38.4320899163,0
              176.1317878833,-38.4318793668,0
              176.1318149831,-38.4316909668,0
              176.1318664828,-38.4315052340,0
              176.1320663835,-38.4310462500,0
              176.1320755834,-38.4308712327,0
              176.1320135339,-38.4305569166,0
              176.1317195502,-38.4297355168,0
              176.1317001997,-38.4292118666,0
              176.1316579675,-38.4289938000,0
              176.1315454001,-38.4286901494,0
              176.1313398009,-38.4283168995,0
              176.1311862840,-38.4280961829,0
              176.1305918500,-38.4273407493,0
              176.1304496005,-38.4271166169,0
              176.1303795005,-38.4269146996,0
              176.1302776838,-38.4264128668,0
              176.1302234674,-38.4262293160,0
              176.1300194008,-38.4258734669,0
              176.1298110164,-38.4256016828,0
              176.1295360666,-38.4252915662,0
              176.1292900501,-38.4250435163,0
              176.1285636334,-38.4243680499,0
              176.1278104499,-38.4235191998,0
              176.1272157008,-38.4230529493,0
              176.1269683659,-38.4228117169,0
              176.1268080665,-38.4225208496,0
              176.1266086173,-38.4219680833,0
              176.1263503832,-38.4214225828,0
              176.1263172174,-38.4213179493,0
              176.1262371499,-38.4208721828,0
              176.1261927834,-38.4207550662,0
              176.1261079660,-38.4206329827,0
              176.1259519832,-38.4204931827,0
              176.1257654164,-38.4203675163,0
              176.1247814164,-38.4198120827,0
              176.1245387825,-38.4196513163,0
              176.1242746164,-38.4193894338,0
              176.1237890502,-38.4188051165,0
              176.1227479666,-38.4178869333,0
              176.1224560326,-38.4175497999,0
              176.1217428338,-38.4166343329,0
              176.1212194672,-38.4160527337,0
              176.1208179508,-38.4156595835,0
              176.1200511169,-38.4150685171,0
              176.1197448503,-38.4147822666,0
              176.1195908504,-38.4145431667,0
              176.1192157841,-38.4138419996,0
              176.1190134832,-38.4135571170,0
              176.1188227170,-38.4133466662,0
              176.1186522667,-38.4132205333,0
              176.1184312501,-38.4131321333,0
              176.1181997998,-38.4130904333,0
              176.1177015001,-38.4130514494,0
              176.1170488508,-38.4129525665,0
              176.1165824000,-38.4128622162,0
              176.1159545174,-38.4126919169,0
              176.1150220676,-38.4123762996,0
              176.1147338338,-38.4122627999,0
              176.1144665666,-38.4121270495,0
              176.1143447332,-38.4120431494,0
              176.1138580501,-38.4116235496,0
              176.1136363501,-38.4115045164,0
              176.1133469668,-38.4113930997,0
              176.1130378007,-38.4113107998,0
              176.1127181501,-38.4112542000,0
              176.1118334992,-38.4111901493,0
              176.1113540660,-38.4111837662,0
              176.1109875506,-38.4112124161,0
              176.1103630835,-38.4113260497,0
              176.1099493827,-38.4114162169,0
              176.1098040337,-38.4114678001,0
              176.1093849328,-38.4116544172,0
              176.1088615673,-38.4119463505,0
              176.1084278339,-38.4122269667,0
              176.1076806997,-38.4127462998,0
              176.1071339666,-38.4130595327,0
              176.1067802837,-38.4132096499,0
              176.1064642663,-38.4133049501,0
              176.1061509174,-38.4133728664,0
              176.1059099338,-38.4134026335,0
              176.1055873504,-38.4134116828,0
              176.1052334840,-38.4133748165,0
              176.1048570341,-38.4132764168,0
              176.1041059506,-38.4130250660,0
              176.1036310331,-38.4129357666,0
              176.1030775165,-38.4128600161,0
              176.1025196665,-38.4128018332,0
              176.1005332008,-38.4127323328,0
              176.1001424165,-38.4126672999,0
              176.0994745842,-38.4124967168,0
              176.0992425004,-38.4124570328,0
              176.0991550506,-38.4124541330,0
              176.0990003671,-38.4124741329,0
              176.0984733831,-38.4125829665,0
              176.0981423662,-38.4126005834,0
              176.0979107832,-38.4125630169,0
              176.0974521341,-38.4124338661,0
              176.0967946998,-38.4123514002,0
              176.0965428498,-38.4122814832,0
              176.0962601502,-38.4121590161,0
              176.0960674663,-38.4120375332,0
              176.0957468502,-38.4117539001,0
              176.0956028832,-38.4116507162,0
              176.0953412339,-38.4115054168,0
              176.0945853009,-38.4111318334,0
              176.0942163331,-38.4110117664,0
              176.0933191002,-38.4108385831,0
              176.0930132665,-38.4107659827,0
              176.0926850842,-38.4106411666,0
              176.0923601674,-38.4104572997,0
              176.0920616006,-38.4102402333,0
              176.0917549166,-38.4099832000,0
              176.0912904166,-38.4095482834,0
              176.0907728002,-38.4090940834,0
              176.0903980659,-38.4086780328,0
              176.0895767507,-38.4078724999,0
              176.0892291006,-38.4073620002,0
              176.0890469672,-38.4071565164,0
              176.0887714004,-38.4069575664,0
              176.0884267670,-38.4067857165,0
              176.0882752836,-38.4067388500,0
              176.0879448168,-38.4066793165,0
              176.0877016837,-38.4066713834,0
              176.0873781005,-38.4067071497,0
              176.0872036673,-38.4067455497,0
              176.0867136671,-38.4069296831,0
              176.0863959835,-38.4069890666,0
              176.0858309501,-38.4070169173,0
              176.0852979669,-38.4069761504,0
              176.0850635163,-38.4070276001,0
              176.0847989003,-38.4071458162,0
              176.0846227999,-38.4072595665,0
              176.0844377326,-38.4074474838,0
              176.0841859662,-38.4076450669,0
              176.0839804670,-38.4078829663,0
              176.0838328160,-38.4080159830,0
              176.0837800333,-38.4080962168,0
              176.0836805163,-38.4081889835,0
              176.0836539660,-38.4082445330,0
              176.0835036499,-38.4083727166,0
              176.0833831841,-38.4084441494,0
              176.0831819335,-38.4085327330,0
              176.0831045326,-38.4085570501,0
              176.0828799661,-38.4085905500,0
              176.0827333834,-38.4085930001,0
              176.0822523341,-38.4084794835,0
              176.0821880659,-38.4084512328,0
              176.0816001834,-38.4084726997,0
              176.0810571003,-38.4084097832,0
              176.0809815837,-38.4083882001,0
              176.0808878494,-38.4083916502,0
              176.0806289000,-38.4083089497,0
              176.0805723673,-38.4082739161,0
              176.0799870837,-38.4080698664,0
              176.0797839828,-38.4079813669,0
              176.0795638840,-38.4079160499,0
              176.0794623997,-38.4079242668,0
              176.0792093005,-38.4078903495,0
              176.0790521836,-38.4079089661,0
              176.0779220335,-38.4079146830,0
              176.0777117332,-38.4078825168,0
              176.0776239829,-38.4078880161,0
              176.0772367674,-38.4078127162,0
              176.0770103498,-38.4077966826,0
              176.0767891167,-38.4078121332,0
              176.0765316500,-38.4078500999,0
              176.0762244338,-38.4079177505,0
              176.0761595669,-38.4079046830,0
              176.0757703664,-38.4079645165,0
              176.0754446662,-38.4079794166,0
              176.0751046006,-38.4080262994,0
              176.0749254163,-38.4080139827,0
              176.0747569168,-38.4080304664,0
              176.0743609335,-38.4079937162,0
              176.0739285335,-38.4079134663,0
              176.0734037999,-38.4077175669,0
              176.0732161167,-38.4076123993,0
              176.0729496828,-38.4074906498,0
              176.0726171328,-38.4073617001,0
              176.0723542674,-38.4072128501,0
              176.0720736841,-38.4070883832,0
              176.0716239500,-38.4069371338,0
              176.0713920665,-38.4068955328,0
              176.0704059841,-38.4064208330,0
              176.0699466502,-38.4062870500,0
              176.0699037673,-38.4062302994,0
              176.0696823163,-38.4061533500,0
              176.0694832333,-38.4060444002,0
              176.0694278498,-38.4059947494,0
              176.0692782668,-38.4059420162,0
              176.0690989507,-38.4058154164,0
              176.0690616336,-38.4057537501,0
              176.0689189335,-38.4056254669,0
              176.0688929330,-38.4055526495,0
              176.0688631168,-38.4055101665,0
              176.0688145841,-38.4054809329,0
              176.0687042825,-38.4052872163,0
              176.0686328170,-38.4050383998,0
              176.0685729007,-38.4046848827,0
              176.0685455834,-38.4043082331,0
              176.0686405166,-38.4034256661,0
              176.0686421495,-38.4031092832,0
              176.0685690001,-38.4026204335,0
              176.0685640672,-38.4020257000,0
              176.0684967660,-38.4015944330,0
              176.0684021334,-38.4012858502,0
              176.0682120837,-38.4009574665,0
              176.0678871175,-38.4006025829,0
              176.0676505674,-38.4003054499,0
              176.0675081331,-38.4001537831,0
              176.0671098331,-38.3998167501,0
              176.0669582671,-38.3996337838,0
              176.0668821502,-38.3996046501,0
              176.0664660666,-38.3990804499,0
              176.0661229341,-38.3987359830,0
              176.0656487331,-38.3981165161,0
              176.0655473999,-38.3980192329,0
              176.0652582506,-38.3977913163,0
              176.0650475166,-38.3976706999,0
              176.0649952834,-38.3976199994,0
              176.0648557167,-38.3975676494,0
              176.0645086334,-38.3973636001,0
              176.0642194662,-38.3972188166,0
              176.0639849836,-38.3970123661,0
              176.0638048492,-38.3966475834,0
              176.0637007162,-38.3965105497,0
              176.0634742337,-38.3963173497,0
              176.0632620167,-38.3962045996,0
              176.0630978174,-38.3961401994,0
              176.0630119508,-38.3961227167,0
              176.0626980833,-38.3961609501,0
              176.0624704661,-38.3962399999,0
              176.0622927166,-38.3963845160,0
              176.0622136497,-38.3964855168,0
              176.0621709008,-38.3965956663,0
              176.0621591336,-38.3967161161,0
              176.0621193666,-38.3967689667,0
              176.0619791495,-38.3968414499,0
              176.0618496172,-38.3968668996,0
              176.0616869836,-38.3968456166,0
              176.0616323004,-38.3968255166,0
              176.0615923160,-38.3967867164,0
              176.0615427505,-38.3966790499,0
              176.0614760675,-38.3963469994,0
              176.0614233501,-38.3962184334,0
              176.0611781501,-38.3960793668,0
              176.0603582340,-38.3957449496,0
              176.0602513336,-38.3956772335,0
              176.0601913668,-38.3956100161,0
              176.0601019331,-38.3954475833,0
              176.0600502497,-38.3952728996,0
              176.0600391503,-38.3947207996,0
              176.0599857674,-38.3944030498,0
              176.0597748674,-38.3941281998,0
              176.0597199493,-38.3941091997,0
              176.0595572500,-38.3939526167,0
              176.0593138835,-38.3936580998,0
              176.0591793665,-38.3935273828,0
              176.0591010501,-38.3934813160,0
              176.0590282006,-38.3933897165,0
              176.0587055169,-38.3932250332,0
              176.0585765496,-38.3931381162,0
              176.0578864498,-38.3925782499,0
              176.0576806002,-38.3924387500,0
              176.0573838836,-38.3922813329,0
              176.0568489672,-38.3920391331,0
              176.0565735334,-38.3919315666,0
              176.0564425670,-38.3918958166,0
              176.0561195830,-38.3918464669,0
              176.0557806175,-38.3917581164,0
              176.0556329674,-38.3917158997,0
              176.0554323831,-38.3916290333,0
              176.0552659996,-38.3914952662,0
              176.0550387495,-38.3912505997,0
              176.0549320660,-38.3911757662,0
              176.0545143837,-38.3909531666,0
              176.0541311675,-38.3907881166,0
              176.0540172008,-38.3907173660,0
              176.0539231996,-38.3906185333,0
              176.0538104999,-38.3904599327,0
              176.0535856001,-38.3900956334,0
              176.0534092329,-38.3898838994,0
              176.0531666341,-38.3896704663,0
              176.0529278834,-38.3895387833,0
              176.0523626001,-38.3893143167,0
              176.0513102673,-38.3888495166,0
              176.0490009840,-38.3877813826,0
              176.0487879501,-38.3877005999,0
              176.0475617665,-38.3871615327,0
              176.0468824999,-38.3868336999,0
              176.0459752004,-38.3864211831,0
              176.0455450669,-38.3862524664,0
              176.0452570670,-38.3861517996,0
              176.0445775833,-38.3859475330,0
              176.0439699667,-38.3857197666,0
              176.0431574001,-38.3853213668,0
              176.0426991338,-38.3852103664,0
              176.0424361498,-38.3852100494,0
              176.0422116169,-38.3852266166,0
              176.0414690340,-38.3853492334,0
              176.0409094497,-38.3853940499,0
              176.0407699997,-38.3853933829,0
              176.0405104166,-38.3854352327,0
              176.0399717165,-38.3855678160,0
              176.0395296504,-38.3856183164,0
              176.0392103498,-38.3856764506,0
              176.0390461834,-38.3857232331,0
              176.0387071175,-38.3857626996,0
              176.0382503340,-38.3857917500,0
              176.0378447493,-38.3858603174,0
              176.0375393332,-38.3858822827,0
              176.0368287667,-38.3860910994,0
              176.0360607999,-38.3862642163,0
              176.0354994838,-38.3863510500,0
              176.0350259169,-38.3863906666,0
              176.0346328668,-38.3863878167,0
              176.0345504172,-38.3863989164,0
              176.0343944835,-38.3863839666,0
              176.0337526505,-38.3864020831,0
              176.0336747834,-38.3863844002,0
              176.0335143333,-38.3863990494,0
              176.0332750500,-38.3863843496,0
              176.0326246509,-38.3864040494,0
              176.0324665166,-38.3863968832,0
              176.0320672827,-38.3864207327,0
              176.0311991332,-38.3865047327,0
              176.0303776332,-38.3865460662,0
              176.0300602507,-38.3865397664,0
              176.0298619666,-38.3865108668,0
              176.0296412508,-38.3864442995,0
              176.0291485499,-38.3862181829,0
              176.0285401339,-38.3859937329,0
              176.0282399835,-38.3859074161,0
              176.0278658160,-38.3858267328,0
              176.0275215837,-38.3857827501,0
              176.0271202997,-38.3857598165,0
              176.0267534340,-38.3857647826,0
              176.0264350335,-38.3857876167,0
              176.0243719717,-38.3860466831,0
              176.0237870694,-38.3860953510,0
              176.0234877063,-38.3861627344,0
              176.0231455541,-38.3863119514,0
              176.0229768238,-38.3864454844,0
              176.0229155322,-38.3865334009,0
              176.0228763596,-38.3866499685,0
              176.0228725682,-38.3868439038,0
              176.0229279410,-38.3871977571,0
              176.0230100148,-38.3874438605,0
              176.0237113936,-38.3887314756,0
              176.0239057829,-38.3892889644,0
              176.0239433153,-38.3894756846,0
              176.0239449545,-38.3896674832,0
              176.0231135171,-38.3894783333,0
              176.0212022719,-38.3891010523,0
              176.0207313666,-38.3897056831,0
              176.0200209663,-38.3899293168,0
              176.0196055996,-38.3902194169,0
              176.0186145499,-38.3904694499,0
              176.0184156339,-38.3904893819,0
              176.0185047414,-38.3913966073,0
              176.0183827145,-38.3913761242,0
              176.0180408096,-38.3914125386,0
              176.0176630225,-38.3914854944,0
              176.0172730273,-38.3915265567,0
              176.0164499780,-38.3916540387,0
              176.0161679175,-38.3917191662,0
              176.0159066494,-38.3918148834,0
              176.0153658175,-38.3919801668,0
              176.0148696662,-38.3921644327,0
              176.0147845328,-38.3921768328,0
              176.0147251005,-38.3922141166,0
              176.0144957170,-38.3922714667,0
              176.0141897333,-38.3923738835,0
              176.0140330000,-38.3924060663,0
              176.0137037668,-38.3925490829,0
              176.0133029842,-38.3927862997,0
              176.0130672834,-38.3930556995,0
              176.0130236163,-38.3931204330,0
              176.0129690493,-38.3934568495,0
              176.0129318334,-38.3935725339,0
              176.0128324503,-38.3937010829,0
              176.0126603840,-38.3938525332,0
              176.0125559832,-38.3938970000,0
              176.0124815168,-38.3939115827,0
              176.0119819667,-38.3939196826,0
              176.0118854666,-38.3939462827,0
              176.0115083001,-38.3941016661,0
              176.0112782336,-38.3942484668,0
              176.0108398841,-38.3946190663,0
              176.0102256342,-38.3949543334,0
              176.0097758334,-38.3953146003,0
              176.0088492504,-38.3959815667,0
              176.0087397000,-38.3960894663,0
              176.0086284174,-38.3962565996,0
              176.0083902331,-38.3967820830,0
              176.0082386330,-38.3971870995,0
              176.0081321666,-38.3973532995,0
              176.0080357828,-38.3974454001,0
              176.0078404502,-38.3975418160,0
              176.0073963333,-38.3976976835,0
              176.0071315175,-38.3978372493,0
              176.0067487500,-38.3980666993,0
              176.0060003500,-38.3985560500,0
              176.0051318497,-38.3990400001,0
              176.0048997327,-38.3992114667,0
              176.0047132334,-38.3995642169,0
              176.0046220167,-38.3996581832,0
              176.0045636993,-38.3996797335,0
              176.0043714335,-38.3996628165,0
              176.0043076665,-38.3996749169,0
              176.0041969499,-38.3997401997,0
              176.0040726999,-38.3999189998,0
              176.0039040005,-38.4002919661,0
              176.0034181832,-38.4008895506,0
              176.0029853006,-38.4012860835,0
              176.0024944497,-38.4016711500,0
              176.0022525170,-38.4018381665,0
              176.0019140842,-38.4020210164,0
              176.0016290675,-38.4021377832,0
              176.0006932002,-38.4024475998,0
              176.0003115165,-38.4025389499,0
              176.0000356667,-38.4025719669,0
              175.9997155170,-38.4025813330,0
              175.9993078167,-38.4025661168,0
              175.9986146003,-38.4025146661,0
              175.9981849999,-38.4025500001,0
              175.9979605506,-38.4026150168,0
              175.9978382674,-38.4026831332,0
              175.9976826167,-38.4028243161,0
              175.9974231831,-38.4031835999,0
              175.9970629830,-38.4037431661,0
              175.9968349008,-38.4040211667,0
              175.9966414838,-38.4042223500,0
              175.9964414333,-38.4043979664,0
              175.9960839328,-38.4046516000,0
              175.9953694333,-38.4050677495,0
              175.9948906834,-38.4052967328,0
              175.9944784337,-38.4054398329,0
              175.9933156002,-38.4057434332,0
              175.9930147339,-38.4058339661,0
              175.9924998338,-38.4060265501,0
              175.9922436506,-38.4061711662,0
              175.9919692833,-38.4063981161,0
              175.9918373172,-38.4065944161,0
              175.9917925832,-38.4067166000,0
              175.9917744003,-38.4068436167,0
              175.9918221501,-38.4071302332,0
              175.9919517839,-38.4073796839,0
              175.9921257670,-38.4075907994,0
              175.9923435000,-38.4077804335,0
              175.9928843672,-38.4081594500,0
              175.9931639002,-38.4084419995,0
              175.9933107503,-38.4086663667,0
              175.9933519834,-38.4087627660,0
              175.9934028337,-38.4089467994,0
              175.9934203842,-38.4091373329,0
              175.9934025666,-38.4094648996,0
              175.9933631500,-38.4096519161,0
              175.9931909165,-38.4101374499,0
              175.9930782997,-38.4103762334,0
              175.9929729670,-38.4105474833,0
              175.9927157169,-38.4108691995,0
              175.9925522336,-38.4110196999,0
              175.9922967175,-38.4111816667,0
              175.9920701673,-38.4112850829,0
              175.9918403665,-38.4113383829,0
              175.9915900004,-38.4113697167,0
              175.9915446493,-38.4113647498,0
              175.9915515500,-38.4113403165,0
              175.9908142336,-38.4113911000,0
              175.9897289499,-38.4113290667,0
              175.9893151328,-38.4113320995,0
              175.9891114666,-38.4113114163,0
              175.9887166842,-38.4113109330,0
              175.9883091000,-38.4113302833,0
              175.9879628166,-38.4113296662,0
              175.9873568332,-38.4113838166,0
              175.9872213501,-38.4113813997,0
              175.9865207998,-38.4114573672,0
              175.9858838175,-38.4114782161,0
              175.9857137660,-38.4115016827,0
              175.9854748338,-38.4115014167,0
              175.9853657674,-38.4115294833,0
              175.9852965339,-38.4115162827,0
              175.9849458833,-38.4115099668,0
              175.9846368159,-38.4114375499,0
              175.9845209671,-38.4113630168,0
              175.9844176159,-38.4112671829,0
              175.9843381327,-38.4111361669,0
              175.9842596004,-38.4111062667,0
              175.9838946167,-38.4107824494,0
              175.9835455338,-38.4105830995,0
              175.9833999502,-38.4105390495,0
              175.9832874672,-38.4105239495,0
              175.9830451500,-38.4105530995,0
              175.9828667838,-38.4106236662,0
              175.9826861666,-38.4107494334,0
              175.9821786170,-38.4112257168,0
              175.9818333501,-38.4115186163,0
              175.9815799341,-38.4118094834,0
              175.9814440337,-38.4120397163,0
              175.9813783671,-38.4122367998,0
              175.9812818832,-38.4126415161,0
              175.9812529504,-38.4129454994,0
              175.9812007171,-38.4130542166,0
              175.9810856165,-38.4131734167,0
              175.9808337997,-38.4133279996,0
              175.9799928333,-38.4135360668,0
              175.9799143839,-38.4135441662,0
              175.9796666338,-38.4136184328,0
              175.9791560339,-38.4139196165,0
              175.9787193008,-38.4142814996,0
              175.9783093832,-38.4145107835,0
              175.9781193664,-38.4145815827,0
              175.9778984336,-38.4146399502,0
              175.9776389163,-38.4146720997,0
              175.9768942842,-38.4145642667,0
              175.9763521332,-38.4145206833,0
              175.9761930832,-38.4144816660,0
              175.9758128335,-38.4144337668,0
              175.9756488171,-38.4144405666,0
              175.9753964337,-38.4144172333,0
              175.9750813174,-38.4144170161,0
              175.9748480996,-38.4144407493,0
              175.9746762002,-38.4145018499,0
              175.9745763996,-38.4145972331,0
              175.9744362841,-38.4148240831,0
              175.9742597507,-38.4151667999,0
              175.9741775997,-38.4152687169,0
              175.9740666176,-38.4153572329,0
              175.9738775509,-38.4154695169,0
              175.9734942504,-38.4156470830,0
              175.9730318169,-38.4158115500,0
              175.9729246997,-38.4158424999,0
              175.9728718833,-38.4158349160,0
              175.9725414337,-38.4158995495,0
              175.9719851339,-38.4159785502,0
              175.9710765335,-38.4161731834,0
              175.9707775502,-38.4162751164,0
              175.9701819668,-38.4165580166,0
              175.9697971501,-38.4167040328,0
              175.9691691999,-38.4168808000,0
              175.9690607503,-38.4169235827,0
              175.9679904175,-38.4172029332,0
              175.9677821502,-38.4172342169,0
              175.9676128664,-38.4172270500,0
              175.9674436159,-38.4172444994,0
              175.9672034666,-38.4172296165,0
              175.9671485831,-38.4172301000,0
              175.9671246672,-38.4172450833,0
              175.9670640838,-38.4172330502,0
              175.9669403827,-38.4172414335,0
              175.9668772172,-38.4172255168,0
              175.9668130992,-38.4172296668,0
              175.9667510497,-38.4172570997,0
              175.9666938171,-38.4172335160,0
              175.9661759997,-38.4172815830,0
              175.9661175832,-38.4173018169,0
              175.9660596834,-38.4172890665,0
              175.9659458675,-38.4173259495,0
              175.9658936674,-38.4173131493,0
              175.9658390337,-38.4173280501,0
              175.9656674173,-38.4173877501,0
              175.9656267493,-38.4174228999,0
              175.9655291840,-38.4174565662,0
              175.9654033000,-38.4175306500,0
              175.9652298005,-38.4176895834,0
              175.9648770841,-38.4181530001,0
              175.9647199833,-38.4182582166,0
              175.9646145994,-38.4182918504,0
              175.9644474832,-38.4183127327,0
              175.9643128507,-38.4183018332,0
              175.9638722168,-38.4183123828,0
              175.9636482665,-38.4182984835,0
              175.9635317501,-38.4183288502,0
              175.9633033004,-38.4183278332,0
              175.9630717339,-38.4183592334,0
              175.9626777839,-38.4183851161,0
              175.9626215831,-38.4184061499,0
              175.9624509830,-38.4184278329,0
              175.9622784166,-38.4184254496,0
              175.9619324505,-38.4185239495,0
              175.9618783167,-38.4185281496,0
              175.9618281333,-38.4185069494,0
              175.9613574161,-38.4185720668,0
              175.9612387508,-38.4186007170,0
              175.9611153336,-38.4185976837,0
              175.9609983160,-38.4186197998,0
              175.9608889671,-38.4186665168,0
              175.9607222500,-38.4186990996,0
              175.9605700827,-38.4187631161,0
              175.9603543008,-38.4188950497,0
              175.9600188842,-38.4192243500,0
              175.9596163998,-38.4195640830,0
              175.9594860501,-38.4197050499,0
              175.9593909665,-38.4198794506,0
              175.9593166508,-38.4201153828,0
              175.9593015835,-38.4200695332,0
              175.9592900668,-38.4202019494,0
              175.9591579835,-38.4206699827,0
              175.9591120166,-38.4207476332,0
              175.9590825841,-38.4207489662,0
              175.9589788505,-38.4208018832,0
              175.9589393668,-38.4209569000,0
              175.9588985173,-38.4209226331,0
              175.9585469000,-38.4211565661,0
              175.9581930503,-38.4213377165,0
              175.9581088340,-38.4213500834,0
              175.9579124495,-38.4213388995,0
              175.9568606665,-38.4216032161,0
              175.9565963498,-38.4216222831,0
              175.9564211503,-38.4216641827,0
              175.9563703504,-38.4216518331,0
              175.9562018333,-38.4216680497,0
              175.9561327834,-38.4216948997,0
              175.9560837502,-38.4216781331,0
              175.9559713674,-38.4216858993,0
              175.9558684663,-38.4216753666,0
              175.9555320167,-38.4217068995,0
              175.9553596338,-38.4217089000,0
              175.9552388500,-38.4217305495,0
              175.9551804170,-38.4217325162,0
              175.9551270831,-38.4217145828,0
              175.9550563666,-38.4217358497,0
              175.9550115672,-38.4217158998,0
              175.9548152163,-38.4217651835,0
              175.9547576171,-38.4217644828,0
              175.9546653831,-38.4217141327,0
              175.9545482164,-38.4217265329,0
              175.9544381836,-38.4217044999,0
              175.9543159660,-38.4217129001,0
              175.9542546825,-38.4217312995,0
              175.9541430340,-38.4217127828,0
              175.9539317329,-38.4217197326,0
              175.9538737672,-38.4217427168,0
              175.9534881332,-38.4217230494,0
              175.9533696338,-38.4217429663,0
              175.9532069165,-38.4217217834,0
              175.9526477999,-38.4217116996,0
              175.9525870337,-38.4217068000,0
              175.9524731671,-38.4216691338,0
              175.9520690500,-38.4216101994,0
              175.9520115495,-38.4216227163,0
              175.9519565501,-38.4215974997,0
              175.9518451334,-38.4216364997,0
              175.9517888161,-38.4215663335,0
              175.9517324339,-38.4212869331,0
              175.9516395676,-38.4212364829,0
              175.9513809838,-38.4214788005,0
              175.9511156670,-38.4214394833,0
              175.9505781334,-38.4213189161,0
              175.9503115336,-38.4212074669,0
              175.9495504007,-38.4210338497,0
              175.9485427331,-38.4208613994,0
              175.9483770331,-38.4208489331,0
              175.9479145168,-38.4207765502,0
              175.9477657001,-38.4206672661,0
              175.9476130832,-38.4203764663,0
              175.9474584836,-38.4206613161,0
              175.9473024500,-38.4208875327,0
              175.9471494334,-38.4206559493,0
              175.9468495669,-38.4206034993,0
              175.9462420508,-38.4204555499,0
              175.9460846502,-38.4204014169,0
              175.9450427504,-38.4202958670,0
              175.9446811173,-38.4202915161,0
              175.9445058004,-38.4202715497,0
              175.9440073331,-38.4202755667,0
              175.9434095504,-38.4202536829,0
              175.9432587837,-38.4202996165,0
              175.9431110500,-38.4203258834,0
              175.9429623173,-38.4203795831,0
              175.9426591665,-38.4203799502,0
              175.9425008506,-38.4204202335,0
              175.9423523675,-38.4204686168,0
              175.9417432505,-38.4207541665,0
              175.9415748668,-38.4208194498,0
              175.9414027175,-38.4208442161,0
              175.9412027832,-38.4208990168,0
              175.9410719175,-38.4209127496,0
              175.9404441498,-38.4208782337,0
              175.9402963166,-38.4208589167,0
              175.9402203995,-38.4208319169,0
              175.9401400670,-38.4208298833,0
              175.9397445176,-38.4207328995,0
              175.9392824832,-38.4206432998,0
              175.9390094502,-38.4206031163,0
              175.9388277330,-38.4206112161,0
              175.9387101172,-38.4205784831,0
              175.9386720500,-38.4205403497,0
              175.9386331007,-38.4205354494,0
              175.9385541008,-38.4206178997,0
              175.9383665674,-38.4205424327,0
              175.9383291504,-38.4205469665,0
              175.9382895337,-38.4206288995,0
              175.9382491668,-38.4206204164,0
              175.9380569992,-38.4204890494,0
              175.9379970337,-38.4204096169,0
              175.9379750166,-38.4202696332,0
              175.9376912334,-38.4201004826,0
              175.9375600497,-38.4200009669,0
              175.9373594998,-38.4199189334,0
              175.9367781001,-38.4197730172,0
              175.9364638168,-38.4196574496,0
              175.9361560170,-38.4194863000,0
              175.9355367170,-38.4190854669,0
              175.9351787165,-38.4188949665,0
              175.9347681828,-38.4187189834,0
              175.9343991005,-38.4186001499,0
              175.9341036340,-38.4185241994,0
              175.9335594502,-38.4184150501,0
              175.9326145340,-38.4182829998,0
              175.9321254167,-38.4182386497,0
              175.9318187837,-38.4182316005,0
              175.9312936329,-38.4182597335,0
              175.9310725999,-38.4182983666,0
              175.9308156669,-38.4183732334,0
              175.9305590671,-38.4184623002,0
              175.9301119002,-38.4186558664,0
              175.9298862334,-38.4187324669,0
              175.9286542170,-38.4190318501,0
              175.9281327492,-38.4191444666,0
              175.9276704833,-38.4192347499,0
              175.9271819009,-38.4193061827,0
              175.9260097833,-38.4194079164,0
              175.9250442998,-38.4195116331,0
              175.9247732840,-38.4195589503,0
              175.9242293499,-38.4196905002,0
              175.9237009008,-38.4197959160,0
              175.9222852165,-38.4200131663,0
              175.9218666674,-38.4201156997,0
              175.9211150659,-38.4203837826,0
              175.9207906674,-38.4204706995,0
              175.9195983830,-38.4206990171,0
              175.9161597668,-38.4214161669,0
              175.9153248167,-38.4215721501,0
              175.9149912002,-38.4216875661,0
              175.9144646673,-38.4219337828,0
              175.9134727676,-38.4224546667,0
              175.9119888666,-38.4232936667,0
              175.9113408670,-38.4235915168,0
              175.9103022500,-38.4239610163,0
              175.9076014326,-38.4248039333,0
              175.9060182664,-38.4253255493,0
              175.9053236493,-38.4255760502,0
              175.9043676675,-38.4259895332,0
              175.9041112671,-38.4260723661,0
              175.9032679498,-38.4262185829,0
              175.9028348996,-38.4263089833,0
              175.9024703834,-38.4263486495,0
              175.9020219170,-38.4264178998,0
              175.9017464000,-38.4264097495,0
              175.9012464667,-38.4264418500,0
              175.9004438668,-38.4263891661,0
              175.8999535325,-38.4264444329,0
              175.8997416176,-38.4265201164,0
              175.8995946002,-38.4266437001,0
              175.8992937332,-38.4269404998,0
              175.8989854833,-38.4273604166,0
              175.8987603841,-38.4277500830,0
              175.8984886333,-38.4281523335,0
              175.8983108669,-38.4283918663,0
              175.8981914666,-38.4285207660,0
              175.8980733665,-38.4286078497,0
              175.8979535174,-38.4286518998,0
              175.8975944666,-38.4286861162,0
              175.8972463663,-38.4287927997,0
              175.8969554663,-38.4289567166,0
              175.8968478005,-38.4290333996,0
              175.8966723337,-38.4291943329,0
              175.8965128168,-38.4295028162,0
              175.8964846669,-38.4295007168,0
              175.8963373337,-38.4296430165,0
              175.8963088335,-38.4296971664,0
              175.8962039841,-38.4297734332,0
              175.8960671162,-38.4298165662,0
              175.8960088340,-38.4298058493,0
              175.8959598498,-38.4298211168,0
              175.8954649675,-38.4297023328,0
              175.8932625332,-38.4293453832,0
              175.8924256170,-38.4292618663,0
              175.8923072833,-38.4292108994,0
              175.8920972006,-38.4291628833,0
              175.8914807164,-38.4289588826,0
              175.8911661667,-38.4288727167,0
              175.8909467167,-38.4288351503,0
              175.8902722336,-38.4287655831,0
              175.8899558833,-38.4286917664,0
              175.8891875667,-38.4283672835,0
              175.8885966668,-38.4281515497,0
              175.8874269825,-38.4278158169,0
              175.8868285335,-38.4277194493,0
              175.8855685668,-38.4272959669,0
              175.8848032162,-38.4269780333,0
              175.8817949994,-38.4258748668,0
              175.8812387666,-38.4257629167,0
              175.8807775501,-38.4255857995,0
              175.8800403334,-38.4252731000,0
              175.8798916667,-38.4252275504,0
              175.8797705675,-38.4252380501,0
              175.8794305999,-38.4252183168,0
              175.8791759331,-38.4252214329,0
              175.8781988504,-38.4252932998,0
              175.8774194499,-38.4253889669,0
              175.8772602338,-38.4254496995,0
              175.8769273168,-38.4255024998,0
              175.8767533000,-38.4254131831,0
              175.8765773168,-38.4255410999,0
              175.8762046502,-38.4255654330,0
              175.8759938840,-38.4254903827,0
              175.8752102007,-38.4255056995,0
              175.8748477671,-38.4254946998,0
              175.8736890166,-38.4254201669,0
              175.8733604831,-38.4254193827,0
              175.8728873340,-38.4254983827,0
              175.8727334668,-38.4254947501,0
              175.8722681325,-38.4255242668,0
              175.8721078335,-38.4255737498,0
              175.8717196507,-38.4254945995,0
              175.8715266662,-38.4255406334,0
              175.8713404834,-38.4257032328,0
              175.8708810499,-38.4258215498,0
              175.8706232336,-38.4257836333,0
              175.8703604840,-38.4258471831,0
              175.8693899499,-38.4261390669,0
              175.8691493176,-38.4261142837,0
              175.8688740002,-38.4262011497,0
              175.8685496666,-38.4263887995,0
              175.8675755337,-38.4266567161,0
              175.8669225005,-38.4268002665,0
              175.8661819672,-38.4268595662,0
              175.8660091833,-38.4268569499,0
              175.8657946829,-38.4268302327,0
              175.8657171839,-38.4268093495,0
              175.8655874333,-38.4267444002,0
              175.8653686666,-38.4265476663,0
              175.8650270669,-38.4260945333,0
              175.8648568504,-38.4259069832,0
              175.8647246340,-38.4258225667,0
              175.8645214830,-38.4257304161,0
              175.8641303672,-38.4256075163,0
              175.8637745504,-38.4255477997,0
              175.8633523174,-38.4255284829,0
              175.8629991501,-38.4255574830,0
              175.8626534831,-38.4256388666,0
              175.8623719992,-38.4257509996,0
              175.8620668008,-38.4259373666,0
              175.8618298666,-38.4261360329,0
              175.8614698335,-38.4264652497,0
              175.8611470164,-38.4268073327,0
              175.8604022992,-38.4274904003,0
              175.8600822836,-38.4278089833,0
              175.8595526002,-38.4283991334,0
              175.8586349500,-38.4292679327,0
              175.8581068826,-38.4298106993,0
              175.8576922665,-38.4303904995,0
              175.8571436000,-38.4312349002,0
              175.8562636166,-38.4329545832,0
              175.8560422170,-38.4335395171,0
              175.8559424332,-38.4337067496,0
              175.8558548993,-38.4337971001,0
              175.8557890169,-38.4338360332,0
              175.8557162832,-38.4338551165,0
              175.8556269165,-38.4338368000,0
              175.8550375831,-38.4335117497,0
              175.8547144171,-38.4334257999,0
              175.8544695829,-38.4333968664,0
              175.8543507006,-38.4333978330,0
              175.8541810998,-38.4334177334,0
              175.8540294331,-38.4334654003,0
              175.8539198999,-38.4335286494,0
              175.8538130837,-38.4336268500,0
              175.8535734996,-38.4339546661,0
              175.8528261669,-38.4348809332,0
              175.8526883330,-38.4350265506,0
              175.8525525341,-38.4351252833,0
              175.8524591667,-38.4351606667,0
              175.8523032340,-38.4351886672,0
              175.8520741501,-38.4351948666,0
              175.8514855161,-38.4351763661,0
              175.8512119840,-38.4352328661,0
              175.8507401831,-38.4353989332,0
              175.8502435835,-38.4356377660,0
              175.8500840165,-38.4357257665,0
              175.8495657006,-38.4361131162,0
              175.8493316169,-38.4362295329,0
              175.8491607831,-38.4362677998,0
              175.8486837993,-38.4362771832,0
              175.8482304335,-38.4363345000,0
              175.8476662666,-38.4364679829,0
              175.8472500002,-38.4366176834,0
              175.8469101832,-38.4367906660,0
              175.8466113006,-38.4369991669,0
              175.8462010004,-38.4373179997,0
              175.8452278668,-38.4379482339,0
              175.8450146840,-38.4381148163,0
              175.8446747506,-38.4385070163,0
              175.8445605000,-38.4385980500,0
              175.8444739674,-38.4386455665,0
              175.8443279665,-38.4386783661,0
              175.8441115833,-38.4386820494,0
              175.8433730165,-38.4385799502,0
              175.8426290174,-38.4386255667,0
              175.8419829998,-38.4387083833,0
              175.8415855673,-38.4387332334,0
              175.8406809669,-38.4387804494,0
              175.8405166660,-38.4387434001,0
              175.8402873339,-38.4387540829,0
              175.8400070666,-38.4388278830,0
              175.8395498174,-38.4388751328,0
              175.8387034004,-38.4389952668,0
              175.8379931999,-38.4390631496,0
              175.8365911492,-38.4392450668,0
              175.8358311659,-38.4393102000,0
              175.8346067501,-38.4394650496,0
              175.8341197170,-38.4395572667,0
              175.8338100999,-38.4396515495,0
              175.8325006665,-38.4398064329,0
              175.8319830998,-38.4398139669,0
              175.8305250504,-38.4397722497,0
              175.8303969997,-38.4397533833,0
              175.8297943174,-38.4397165995,0
              175.8291517006,-38.4395815995,0
              175.8277158499,-38.4391524834,0
              175.8269902832,-38.4389584826,0
              175.8266862831,-38.4388919661,0
              175.8258039669,-38.4386218998,0
              175.8248791665,-38.4383685494,0
              175.8247132330,-38.4383169997,0
              175.8245495325,-38.4382344331,0
              175.8238576666,-38.4379992829,0
              175.8233415661,-38.4377689334,0
              175.8231651501,-38.4376648328,0
              175.8225008663,-38.4373380499,0
              175.8219193995,-38.4369947832,0
              175.8214213833,-38.4366627000,0
              175.8209470506,-38.4363854502,0
              175.8206785003,-38.4362106002,0
              175.8204379667,-38.4360243999,0
              175.8202654670,-38.4358559999,0
              175.8201313341,-38.4356746664,0
              175.8200480841,-38.4354913332,0
              175.8199467501,-38.4352186167,0
              175.8198997006,-38.4349923002,0
              175.8198666505,-38.4345268498,0
              175.8198710168,-38.4328699994,0
              175.8198223008,-38.4324297498,0
              175.8197770494,-38.4321936169,0
              175.8196847503,-38.4319238502,0
              175.8196011167,-38.4317731501,0
              175.8195142996,-38.4316637830,0
              175.8194103004,-38.4315803164,0
              175.8192835501,-38.4315121833,0
              175.8190404838,-38.4314179833,0
              175.8179903328,-38.4311850164,0
              175.8174867668,-38.4310265837,0
              175.8172281507,-38.4309195332,0
              175.8170447825,-38.4308170164,0
              175.8168904325,-38.4306949997,0
              175.8167422504,-38.4305275667,0
              175.8166241838,-38.4303177662,0
              175.8165665502,-38.4301389667,0
              175.8165333164,-38.4298978330,0
              175.8165500332,-38.4296734334,0
              175.8166096671,-38.4294485835,0
              175.8167224499,-38.4291853502,0
              175.8167955502,-38.4290642334,0
              175.8172714995,-38.4284896994,0
              175.8174304663,-38.4282527331,0
              175.8175425841,-38.4279569665,0
              175.8175748171,-38.4277764493,0
              175.8175731500,-38.4276874831,0
              175.8175338337,-38.4275414829,0
              175.8174163335,-38.4273971000,0
              175.8169434507,-38.4270418327,0
              175.8168092172,-38.4269187326,0
              175.8167158999,-38.4267561667,0
              175.8164466167,-38.4261753166,0
              175.8162506996,-38.4258486161,0
              175.8156333168,-38.4252301668,0
              175.8155305501,-38.4251544161,0
              175.8153548501,-38.4250767501,0
              175.8150988996,-38.4249992327,0
              175.8145053507,-38.4248710834,0
              175.8132341839,-38.4245156167,0
              175.8126978839,-38.4244029165,0
              175.8122708673,-38.4242360165,0
              175.8118004501,-38.4240204332,0
              175.8116260494,-38.4238828334,0
              175.8114701005,-38.4236903335,0
              175.8111808170,-38.4230726663,0
              175.8109684166,-38.4227841993,0
              175.8108611166,-38.4226676831,0
              175.8105671337,-38.4224600333,0
              175.8101888341,-38.4222746169,0
              175.8099195004,-38.4221034328,0
              175.8096446160,-38.4219517504,0
              175.8092200674,-38.4216148169,0
              175.8090540005,-38.4213826998,0
              175.8089625505,-38.4211475168,0
              175.8089622997,-38.4207680495,0
              175.8089353175,-38.4206172832,0
              175.8110742615,-38.4188352227,0
              175.8080663169,-38.4173172996,0
              175.8069790500,-38.4163929666,0
              175.8066983498,-38.4161866170,0
              175.8052889175,-38.4174273498,0
              175.8052481000,-38.4174310666,0
              175.8051956331,-38.4174237335,0
              175.8050236665,-38.4173253494,0
              175.8046532333,-38.4170591001,0
              175.8043825162,-38.4169210999,0
              175.8034156499,-38.4165375665,0
              175.8031093675,-38.4163733502,0
              175.8023310504,-38.4160014496,0
              175.8020728000,-38.4158576163,0
              175.8016064839,-38.4155548164,0
              175.8009986002,-38.4151181834,0
              175.8005513466,-38.4147111629,0
              175.8001262582,-38.4142016360,0
              175.7996694815,-38.4137827088,0
              175.7992742483,-38.4133427547,0
              175.7990865396,-38.4131782114,0
              175.7982435341,-38.4125915496,0
              175.7977378998,-38.4123239328,0
              175.7974213000,-38.4120900667,0
              175.7970975835,-38.4119023331,0
              175.7967254838,-38.4116481166,0
              175.7963860334,-38.4114808828,0
              175.7961489327,-38.4112730668,0
              175.7960076828,-38.4111981332,0
              175.7954591828,-38.4109642830,0
              175.7952650506,-38.4108610496,0
              175.7950163004,-38.4106945498,0
              175.7947942007,-38.4104871666,0
              175.7946708839,-38.4104192834,0
              175.7943913664,-38.4103524161,0
              175.7939999672,-38.4103079669,0
              175.7937826000,-38.4102445996,0
              175.7935374330,-38.4101479830,0
              175.7931948500,-38.4099625497,0
              175.7928877836,-38.4098270667,0
              175.7925055335,-38.4096137666,0
              175.7923510496,-38.4095784827,0
              175.7920126832,-38.4095463499,0
              175.7918735165,-38.4094994497,0
              175.7916906502,-38.4093834495,0
              175.7914456328,-38.4091856664,0
              175.7909914833,-38.4088552995,0
              175.7902293495,-38.4083359163,0
              175.7898110005,-38.4081029501,0
              175.7890148008,-38.4076268163,0
              175.7879255672,-38.4071259329,0
              175.7876348326,-38.4069462501,0
              175.7870852003,-38.4065299999,0
              175.7867520508,-38.4063899493,0
              175.7858302005,-38.4060742493,0
              175.7852123671,-38.4059699331,0
              175.7846030170,-38.4059209999,0
              175.7842785832,-38.4058418828,0
              175.7839699835,-38.4057210162,0
              175.7833559330,-38.4055573326,0
              175.7831126333,-38.4054623828,0
              175.7825986997,-38.4053191163,0
              175.7817806832,-38.4051651661,0
              175.7808751842,-38.4048709500,0
              175.7803021835,-38.4047107993,0
              175.7801665171,-38.4046774661,0
              175.7793341841,-38.4046019663,0
              175.7790515341,-38.4045447667,0
              175.7788270502,-38.4044814994,0
              175.7785417841,-38.4043600331,0
              175.7782347170,-38.4041334168,0
              175.7779622834,-38.4038967331,0
              175.7778921331,-38.4037514501,0
              175.7777900506,-38.4033955995,0
              175.7777455335,-38.4030790161,0
              175.7776741835,-38.4027687164,0
              175.7774572994,-38.4020528995,0
              175.7773521000,-38.4017960828,0
              175.7771495831,-38.4014562332,0
              175.7769969165,-38.4008706327,0
              175.7767540501,-38.4002133662,0
              175.7766815507,-38.3998111997,0
              175.7764077505,-38.3991655496,0
              175.7763024332,-38.3990104494,0
              175.7761174833,-38.3989025498,0
              175.7757149667,-38.3987360832,0
              175.7754800333,-38.3986573328,0
              175.7744955825,-38.3984680163,0
              175.7742944503,-38.3984671666,0
              175.7741822166,-38.3984473165,0
              175.7741418331,-38.3984233833,0
              175.7740813336,-38.3983415499,0
              175.7738109831,-38.3981899497,0
              175.7736521005,-38.3980551668,0
              175.7733726332,-38.3977263333,0
              175.7731451167,-38.3972626501,0
              175.7728717824,-38.3967666327,0
              175.7723608840,-38.3959188329,0
              175.7722825334,-38.3958553326,0
              175.7719894172,-38.3956820160,0
              175.7717814996,-38.3956045332,0
              175.7715004664,-38.3955504002,0
              175.7711514336,-38.3955747834,0
              175.7706353002,-38.3955847672,0
              175.7704559168,-38.3955989996,0
              175.7700181498,-38.3957654339,0
              175.7698603841,-38.3957860160,0
              175.7698160840,-38.3957761004,0
              175.7697558669,-38.3957372161,0
              175.7695802333,-38.3955038998,0
              175.7695000671,-38.3953340493,0
              175.7694812166,-38.3952006166,0
              175.7694852505,-38.3940640330,0
              175.7695020675,-38.3936719999,0
              175.7694870007,-38.3929465006,0
              175.7695185004,-38.3925439833,0
              175.7696331007,-38.3920494501,0
              175.7697782333,-38.3917036163,0
              175.7699875835,-38.3913842501,0
              175.7701837999,-38.3911865499,0
              175.7706801832,-38.3907672165,0
              175.7709053835,-38.3905068497,0
              175.7711024339,-38.3902313002,0
              175.7713895007,-38.3897247338,0
              175.7716395666,-38.3890750169,0
              175.7718051839,-38.3887647669,0
              175.7719879832,-38.3885370000,0
              175.7722535171,-38.3882513334,0
              175.7726940001,-38.3879103329,0
              175.7728711663,-38.3877301169,0
              175.7729519166,-38.3875713165,0
              175.7729743336,-38.3873637165,0
              175.7730308170,-38.3872409993,0
              175.7731582333,-38.3870876163,0
              175.7733922339,-38.3868636995,0
              175.7738031170,-38.3861651832,0
              175.7739422837,-38.3859702334,0
              175.7740752837,-38.3858247999,0
              175.7747061841,-38.3853007996,0
              175.7750598006,-38.3849531994,0
              175.7752483175,-38.3848073828,0
              175.7755546669,-38.3846108829,0
              175.7758590336,-38.3844724501,0
              175.7775997000,-38.3834229997,0
              175.7781644007,-38.3826859495,0
              175.7784985338,-38.3823853499,0
              175.7788982160,-38.3820690669,0
              175.7793037339,-38.3815797827,0
              175.7811491841,-38.3798542660,0
              175.7816146671,-38.3793217662,0
              175.7821595506,-38.3785228998,0
              175.7827432492,-38.3778353502,0
              175.7830018170,-38.3773928997,0
              175.7835666507,-38.3761920168,0
              175.7836865339,-38.3757849497,0
              175.7838146665,-38.3750821827,0
              175.7839210165,-38.3747230837,0
              175.7839244325,-38.3746623662,0
              175.7840383673,-38.3742643499,0
              175.7841764496,-38.3739375835,0
              175.7843902669,-38.3732490666,0
              175.7844713174,-38.3727738835,0
              175.7845222166,-38.3722480004,0
              175.7845508836,-38.3712291006,0
              175.7845186999,-38.3709846332,0
              175.7845624497,-38.3707201826,0
              175.7845413841,-38.3706288494,0
              175.7845191331,-38.3701287999,0
              175.7845472841,-38.3697069997,0
              175.7844555661,-38.3688198335,0
              175.7842693001,-38.3677578162,0
              175.7842566172,-38.3673541501,0
              175.7841505840,-38.3668088662,0
              175.7840104002,-38.3663551835,0
              175.7837493332,-38.3659260327,0
              175.7835680506,-38.3654707166,0
              175.7834462499,-38.3652849166,0
              175.7832601336,-38.3648034997,0
              175.7830143827,-38.3642943998,0
              175.7818787496,-38.3629493498,0
              175.7815457002,-38.3626230998,0
              175.7811856002,-38.3622279500,0
              175.7808048662,-38.3618693500,0
              175.7799131499,-38.3610814833,0
              175.7791141167,-38.3605084503,0
              175.7786614999,-38.3602261994,0
              175.7782098505,-38.3600024160,0
              175.7776319329,-38.3597549668,0
              175.7770008998,-38.3594304326,0
              175.7763998999,-38.3589926001,0
              175.7759796828,-38.3585293494,0
              175.7756140001,-38.3582890831,0
              175.7723841166,-38.3572539328,0
              175.7708443838,-38.3566709666,0
              175.7697759507,-38.3560263829,0
              175.7666859833,-38.3550727326,0
              175.7637066839,-38.3543385828,0
              175.7615981840,-38.3537448994,0
              175.7596279833,-38.3534461326,0
              175.7581696336,-38.3533085997,0
              175.7569096170,-38.3533899167,0
              175.7559030174,-38.3534897328,0
              175.7545403175,-38.3533746334,0
              175.7536884498,-38.3533959327,0
              175.7528956832,-38.3533162998,0
              175.7525801673,-38.3533241828,0
              175.7520428169,-38.3533127495,0
              175.7512084831,-38.3529854331,0
              175.7495614325,-38.3530638497,0
              175.7492108502,-38.3529973827,0
              175.7486044171,-38.3528386163,0
              175.7479464834,-38.3525812000,0
              175.7473396167,-38.3523980661,0
              175.7467810837,-38.3522504494,0
              175.7465015008,-38.3496315161,0
              175.7403048998,-38.3495907998,0
              175.7395680666,-38.3495697165,0
              175.7394360165,-38.3494320996,0
              175.7391300168,-38.3492640164,0
              175.7387942832,-38.3491659826,0
              175.7385698339,-38.3490644172,0
              175.7381329001,-38.3483741001,0
              175.7381252506,-38.3481880327,0
              175.7381800175,-38.3479626830,0
              175.7382523832,-38.3477989835,0
              175.7384340169,-38.3475999828,0
              175.7384750998,-38.3474475830,0
              175.7383914339,-38.3469626167,0
              175.7382943825,-38.3457360833,0
              175.7383384830,-38.3454793829,0
              175.7382430999,-38.3451962172,0
              175.7382072670,-38.3447908830,0
              175.7381783171,-38.3446694328,0
              175.7378759165,-38.3440962002,0
              175.7378132665,-38.3438954665,0
              175.7377159165,-38.3437122164,0
              175.7376987169,-38.3436296661,0
              175.7372988508,-38.3427868669,0
              175.7371509828,-38.3425419003,0
              175.7366956331,-38.3418715169,0
              175.7362365001,-38.3413328828,0
              175.7356719004,-38.3405505164,0
              175.7352593172,-38.3400828830,0
              175.7347954506,-38.3397107993,0
              175.7340610675,-38.3389934826,0
              175.7337940337,-38.3387590493,0
              175.7335345333,-38.3385633331,0
              175.7333991332,-38.3384306162,0
              175.7329877831,-38.3380869168,0
              175.7328785165,-38.3380429663,0
              175.7328628001,-38.3380090173,0
              175.7328186170,-38.3379871668,0
              175.7323946665,-38.3375400666,0
              175.7322742834,-38.3373862500,0
              175.7319095500,-38.3371477506,0
              175.7317000671,-38.3370634665,0
              175.7312886826,-38.3370213831,0
              175.7306317332,-38.3370334998,0
              175.7304723003,-38.3370209661,0
              175.7302742338,-38.3369819166,0
              175.7301152168,-38.3369734164,0
              175.7296639503,-38.3368249166,0
              175.7294421171,-38.3367348335,0
              175.7292463500,-38.3366237496,0
              175.7291455494,-38.3365472830,0
              175.7291023500,-38.3365368329,0
              175.7286154493,-38.3360932495,0
              175.7283970001,-38.3360457830,0
              175.7282427827,-38.3359309829,0
              175.7281108994,-38.3358582998,0
              175.7274639328,-38.3353568335,0
              175.7273599335,-38.3353139831,0
              175.7271973325,-38.3352030329,0
              175.7266135170,-38.3345532000,0
              175.7265179170,-38.3343663834,0
              175.7264107663,-38.3342108002,0
              175.7262874669,-38.3340459833,0
              175.7261665999,-38.3339174661,0
              175.7260305999,-38.3337132336,0
              175.7256633506,-38.3334109998,0
              175.7254303171,-38.3331837161,0
              175.7253858171,-38.3331623665,0
              175.7253704335,-38.3331287502,0
              175.7248496668,-38.3328282826,0
              175.7246735499,-38.3327003834,0
              175.7245397661,-38.3325790501,0
              175.7239138341,-38.3318596660,0
              175.7237976833,-38.3316940495,0
              175.7235249834,-38.3312183665,0
              175.7235075334,-38.3310773832,0
              175.7235486002,-38.3309152333,0
              175.7237994000,-38.3305211663,0
              175.7238910164,-38.3302783666,0
              175.7239062171,-38.3301542165,0
              175.7238910331,-38.3298036498,0
              175.7238654499,-38.3296761832,0
              175.7238128172,-38.3295738994,0
              175.7236779340,-38.3294175163,0
              175.7232797505,-38.3290599995,0
              175.7230219668,-38.3288983994,0
              175.7227060006,-38.3287657832,0
              175.7225083831,-38.3286274499,0
              175.7220807669,-38.3284397002,0
              175.7218811502,-38.3283310165,0
              175.7217109839,-38.3281987504,0
              175.7214271674,-38.3279123334,0
              175.7211711003,-38.3274492001,0
              175.7210731001,-38.3272049827,0
              175.7209841662,-38.3267519996,0
              175.7209874007,-38.3262590497,0
              175.7209644502,-38.3260601662,0
              175.7208301170,-38.3257378165,0
              175.7207274506,-38.3255683831,0
              175.7204386669,-38.3252486163,0
              175.7200299506,-38.3249376502,0
              175.7197780507,-38.3248101161,0
              175.7195807005,-38.3247590831,0
              175.7193942168,-38.3246837165,0
              175.7190662508,-38.3243492833,0
              175.7188025169,-38.3240324495,0
              175.7186258174,-38.3237284827,0
              175.7185849329,-38.3237008665,0
              175.7179866171,-38.3228433331,0
              175.7177513838,-38.3225684668,0
              175.7175504334,-38.3223723494,0
              175.7174111998,-38.3222612168,0
              175.7172413333,-38.3220643826,0
              175.7163828326,-38.3215329667,0
              175.7160461004,-38.3213533995,0
              175.7157687659,-38.3212441507,0
              175.7155476501,-38.3211760332,0
              175.7149957659,-38.3210809497,0
              175.7131056175,-38.3204393664,0
              175.7124609660,-38.3201930662,0
              175.7115623835,-38.3197740500,0
              175.7106505333,-38.3193877167,0
              175.7105369496,-38.3193298500,0
              175.7105348661,-38.3192915829,0
              175.7101091495,-38.3188771672,0
              175.7096331171,-38.3184676334,0
              175.7094583326,-38.3184168163,0
              175.7093982833,-38.3183721495,0
              175.7092231332,-38.3182988830,0
              175.7084784672,-38.3178140169,0
              175.7078651668,-38.3175550666,0
              175.7071714499,-38.3171429334,0
              175.7067599999,-38.3169242499,0
              175.7064751834,-38.3168160667,0
              175.7061704164,-38.3167369495,0
              175.7059484332,-38.3167038169,0
              175.7056550338,-38.3166969327,0
              175.7055960665,-38.3166734496,0
              175.7049883007,-38.3165551664,0
              175.7046063001,-38.3164562827,0
              175.7041509170,-38.3162927666,0
              175.7040856666,-38.3162572001,0
              175.7040562004,-38.3162192997,0
              175.7032070501,-38.3157429166,0
              175.7026293992,-38.3154510664,0
              175.7022294165,-38.3152898999,0
              175.7016744502,-38.3150140500,0
              175.7008348167,-38.3145016166,0
              175.7004934164,-38.3143211830,0
              175.7002071338,-38.3142038169,0
              175.7000582166,-38.3141606662,0
              175.6998247498,-38.3141138830,0
              175.6995197168,-38.3140960832,0
              175.6994154505,-38.3140529332,0
              175.6990052500,-38.3138040334,0
              175.6987318336,-38.3136737497,0
              175.6983977500,-38.3135775001,0
              175.6982050994,-38.3135017660,0
              175.6980303173,-38.3134533165,0
              175.6979443326,-38.3134523827,0
              175.6977686002,-38.3134141666,0
              175.6975199667,-38.3133368827,0
              175.6969459006,-38.3130578993,0
              175.6969150167,-38.3130205495,0
              175.6966752500,-38.3128461499,0
              175.6965545169,-38.3127728995,0
              175.6964977161,-38.3127586161,0
              175.6964507169,-38.3127181662,0
              175.6963942331,-38.3127195331,0
              175.6963764838,-38.3126787671,0
              175.6962119172,-38.3125135163,0
              175.6960874662,-38.3124433494,0
              175.6951712336,-38.3122380494,0
              175.6950824503,-38.3121696995,0
              175.6944669338,-38.3120291499,0
              175.6940970830,-38.3118994329,0
              175.6938451839,-38.3117304834,0
              175.6934514833,-38.3113275001,0
              175.6933931667,-38.3112827832,0
              175.6932072507,-38.3111976669,0
              175.6931470660,-38.3111500835,0
              175.6931030498,-38.3111400998,0
              175.6930586000,-38.3110976662,0
              175.6930126174,-38.3110869834,0
              175.6928672998,-38.3110019168,0
              175.6922404835,-38.3109237494,0
              175.6921367005,-38.3108691001,0
              175.6916973837,-38.3105499828,0
              175.6914715504,-38.3104608662,0
              175.6914302165,-38.3104585833,0
              175.6912952332,-38.3103461993,0
              175.6909173665,-38.3094938666,0
              175.6908458169,-38.3086494171,0
              175.6907823331,-38.3084080666,0
              175.6907420169,-38.3083303834,0
              175.6906572665,-38.3078244833,0
              175.6905947339,-38.3076376165,0
              175.6904999675,-38.3074524995,0
              175.6903492668,-38.3072487828,0
              175.6893746169,-38.3069297997,0
              175.6891246494,-38.3068607831,0
              175.6877526674,-38.3065690996,0
              175.6874052496,-38.3058944329,0
              175.6867676502,-38.3053705162,0
              175.6857015002,-38.3043742326,0
              175.6851667002,-38.3036694502,0
              175.6849148498,-38.3032152829,0
              175.6847872500,-38.3029248161,0
              175.6846566494,-38.3027185994,0
              175.6845332341,-38.3025770999,0
              175.6843593003,-38.3024445328,0
              175.6842473168,-38.3023268165,0
              175.6840776664,-38.3020909670,0
              175.6836500006,-38.3017023498,0
              175.6835158169,-38.3015306333,0
              175.6833915504,-38.3013090997,0
              175.6833495831,-38.3012794999,0
              175.6833370673,-38.3012331833,0
            </coordinates>
          </LinearRing>
        </outerBoundaryIs>
        <innerBoundaryIs>
          <LinearRing>
            <coordinates>
              175.8986793415,-38.6576949409,0
              175.8989692815,-38.6576362965,0
              175.8993944777,-38.6576772026,0
              175.8998403805,-38.6577877543,0
              175.9005861460,-38.6579376393,0
              175.9013216917,-38.6581298702,0
              175.9020266902,-38.6583041443,0
              175.9024881031,-38.6584351726,0
              175.9028187108,-38.6585651262,0
              175.9032111774,-38.6586816697,0
              175.9034954286,-38.6587775139,0
              175.9037889562,-38.6588076418,0
              175.9041154932,-38.6589164658,0
              175.9044881956,-38.6589867215,0
              175.9048257081,-38.6590718835,0
              175.9053571393,-38.6592317413,0
              175.9056795231,-38.6592377588,0
              175.9060912106,-38.6590918760,0
              175.9064123711,-38.6589201771,0
              175.9066984389,-38.6586183808,0
              175.9068387309,-38.6583997276,0
              175.9071375603,-38.6582660024,0
              175.9074947499,-38.6582477619,0
              175.9081392260,-38.6581054360,0
              175.9084656717,-38.6580645703,0
              175.9088389405,-38.6581488308,0
              175.9092020895,-38.6581304369,0
              175.9097078852,-38.6580991362,0
              175.9103663601,-38.6583025827,0
              175.9108382020,-38.6584638993,0
              175.9109781090,-38.6585305774,0
              175.9110659016,-38.6585717310,0
              175.9113855344,-38.6587215610,0
              175.9117441507,-38.6588856942,0
              175.9121022827,-38.6590434526,0
              175.9130345359,-38.6594907576,0
              175.9135536148,-38.6597295007,0
              175.9152168918,-38.6606509841,0
              175.9166529183,-38.6614741580,0
              175.9177869931,-38.6622501391,0
              175.9185062320,-38.6627768714,0
              175.9195089100,-38.6635902534,0
              175.9199463390,-38.6639920209,0
              175.9199760652,-38.6641780776,0
              175.9200938914,-38.6642142304,0
              175.9201562571,-38.6641127564,0
              175.9201343591,-38.6639829788,0
              175.9202181591,-38.6638635922,0
              175.9203215637,-38.6638175674,0
              175.9204451013,-38.6638579213,0
              175.9205538634,-38.6638074182,0
              175.9206096343,-38.6636800431,0
              175.9204708802,-38.6629927883,0
              175.9208589333,-38.6628614536,0
              175.9210011074,-38.6634964929,0
              175.9215471453,-38.6634350589,0
              175.9215979083,-38.6633208414,0
              175.9218695458,-38.6632398203,0
              175.9221289137,-38.6637072284,0
              175.9224819176,-38.6640763447,0
              175.9233273758,-38.6648371486,0
              175.9230144547,-38.6650448076,0
              175.9218708161,-38.6639004808,0
              175.9219403029,-38.6638379255,0
              175.9218471501,-38.6637273059,0
              175.9214903662,-38.6638100762,0
              175.9209778237,-38.6640140303,0
              175.9207988228,-38.6638360498,0
              175.9206130968,-38.6639015094,0
              175.9205394860,-38.6639989203,0
              175.9203619409,-38.6641293383,0
              175.9204101036,-38.6642237062,0
              175.9205379423,-38.6642335445,0
              175.9207752505,-38.6642102369,0
              175.9210277978,-38.6644254777,0
              175.9213990798,-38.6647543238,0
              175.9223871602,-38.6657464052,0
              175.9232935619,-38.6667975459,0
              175.9237863727,-38.6673160984,0
              175.9244165918,-38.6681225757,0
              175.9246068403,-38.6683890363,0
              175.9247270110,-38.6686437464,0
              175.9248787810,-38.6688762901,0
              175.9245650539,-38.6692359717,0
              175.9242728433,-38.6695865328,0
              175.9242568071,-38.6698566762,0
              175.9242061943,-38.6699932052,0
              175.9239080119,-38.6703407606,0
              175.9235484467,-38.6706231887,0
              175.9232116829,-38.6707914401,0
              175.9227498892,-38.6710336225,0
              175.9222035268,-38.6711534267,0
              175.9217494593,-38.6711647800,0
              175.9216361021,-38.6709932395,0
              175.9214847175,-38.6708378130,0
              175.9210988942,-38.6708626211,0
              175.9210751473,-38.6709920996,0
              175.9213032039,-38.6711304474,0
              175.9213274545,-38.6712511448,0
              175.9211104879,-38.6713854532,0
              175.9209048337,-38.6713223600,0
              175.9206919818,-38.6713200986,0
              175.9206115010,-38.6714813210,0
              175.9202963804,-38.6715801735,0
              175.9199827997,-38.6717168950,0
              175.9197505089,-38.6719501426,0
              175.9194433908,-38.6722459123,0
              175.9191574393,-38.6725866403,0
              175.9188191771,-38.6728301154,0
              175.9187348766,-38.6731354805,0
              175.9188709390,-38.6733898528,0
              175.9189945718,-38.6735763011,0
              175.9189804817,-38.6737055388,0
              175.9187886743,-38.6739832631,0
              175.9187031414,-38.6742583327,0
              175.9185470882,-38.6747019559,0
              175.9185245091,-38.6750014422,0
              175.9186308480,-38.6751095474,0
              175.9186684315,-38.6752654368,0
              175.9187620456,-38.6755725330,0
              175.9186936919,-38.6759518316,0
              175.9184964740,-38.6762522642,0
              175.9182864610,-38.6764955565,0
              175.9178738939,-38.6769080761,0
              175.9176476190,-38.6772666921,0
              175.9173431188,-38.6775041327,0
              175.9171776081,-38.6778119798,0
              175.9169895074,-38.6780793480,0
              175.9168131999,-38.6783792549,0
              175.9163486396,-38.6788012763,0
              175.9159826923,-38.6790730812,0
              175.9158495559,-38.6794047437,0
              175.9159766191,-38.6796970801,0
              175.9158826622,-38.6799620973,0
              175.9155675441,-38.6804542626,0
              175.9152271708,-38.6808403459,0
              175.9148912627,-38.6810785647,0
              175.9146255870,-38.6812411529,0
              175.9144627198,-38.6816145991,0
              175.9143968108,-38.6817968302,0
              175.9140356455,-38.6819289644,0
              175.9138131432,-38.6821233094,0
              175.9135096073,-38.6823853422,0
              175.9132337948,-38.6825563885,0
              175.9127504080,-38.6827736519,0
              175.9122610316,-38.6828433088,0
              175.9118219668,-38.6828624588,0
              175.9115250436,-38.6827713553,0
              175.9112453888,-38.6825895271,0
              175.9110374823,-38.6826275409,0
              175.9110467924,-38.6828571474,0
              175.9112130310,-38.6830828445,0
              175.9112975701,-38.6833598278,0
              175.9113085440,-38.6836304364,0
              175.9111393365,-38.6838480728,0
              175.9108401060,-38.6842167028,0
              175.9102537426,-38.6844775631,0
              175.9097683391,-38.6846456137,0
              175.9091904350,-38.6848570070,0
              175.9086588589,-38.6849194912,0
              175.9083516377,-38.6850913089,0
              175.9078270344,-38.6853259949,0
              175.9071167626,-38.6856309666,0
              175.9067592151,-38.6858532824,0
              175.9065541166,-38.6862195601,0
              175.9061289716,-38.6865831011,0
              175.9056566612,-38.6868164770,0
              175.9052340062,-38.6869829478,0
              175.9048992059,-38.6869912714,0
              175.9046285078,-38.6870308350,0
              175.9042882216,-38.6871624214,0
              175.9039054201,-38.6872786458,0
              175.9034279421,-38.6876434777,0
              175.9028758942,-38.6879773259,0
              175.9024219840,-38.6884072371,0
              175.9019507912,-38.6889278695,0
              175.9017127578,-38.6895165865,0
              175.9016652302,-38.6898953587,0
              175.9015831431,-38.6904555775,0
              175.9013587364,-38.6908633678,0
              175.9012962463,-38.6913902654,0
              175.9012918535,-38.6923179384,0
              175.9011840067,-38.6930183413,0
              175.9009404643,-38.6937303216,0
              175.9006799682,-38.6945412243,0
              175.9003136926,-38.6950674542,0
              175.8999113815,-38.6954796575,0
              175.8996437701,-38.6958556825,0
              175.8994925843,-38.6962616530,0
              175.8993792758,-38.6965681795,0
              175.8991182840,-38.6971082108,0
              175.8990572944,-38.6974134388,0
              175.8990672338,-38.6976594484,0
              175.8993587112,-38.6978738460,0
              175.8998696066,-38.6980745890,0
              175.9005042295,-38.6984856801,0
              175.9008971869,-38.6988781420,0
              175.9010039635,-38.6991874147,0
              175.9009884856,-38.6995818082,0
              175.9011161934,-38.6998905610,0
              175.9014023804,-38.6999737483,0
              175.9017128129,-38.7001384181,0
              175.9019813898,-38.7003041266,0
              175.9022539483,-38.7005682376,0
              175.9024813331,-38.7007513848,0
              175.9029215061,-38.7007568669,0
              175.9033669896,-38.7008935506,0
              175.9036960371,-38.7010002922,0
              175.9039548211,-38.7011826570,0
              175.9044287144,-38.7012447536,0
              175.9048665672,-38.7011928266,0
              175.9051786728,-38.7013984871,0
              175.9052851411,-38.7016995547,0
              175.9056171839,-38.7018800941,0
              175.9060390916,-38.7019516852,0
              175.9064367491,-38.7019417937,0
              175.9066438842,-38.7021418539,0
              175.9067699599,-38.7024095981,0
              175.9071388834,-38.7024660876,0
              175.9075257465,-38.7024482526,0
              175.9077514885,-38.7025903875,0
              175.9078343802,-38.7028263709,0
              175.9078230900,-38.7030646991,0
              175.9080687666,-38.7031817113,0
              175.9083941741,-38.7031982373,0
              175.9085667567,-38.7030626049,0
              175.9087670762,-38.7028359882,0
              175.9090318454,-38.7026488091,0
              175.9095527544,-38.7025783788,0
              175.9100965881,-38.7025566253,0
              175.9105503825,-38.7025429764,0
              175.9112342125,-38.7025681800,0
              175.9116818326,-38.7025288654,0
              175.9125255028,-38.7025078371,0
              175.9132794208,-38.7024890407,0
              175.9141028544,-38.7024121842,0
              175.9150060889,-38.7025304552,0
              175.9156033437,-38.7028296175,0
              175.9160350971,-38.7035326389,0
              175.9161756179,-38.7038952197,0
              175.9163144248,-38.7042156014,0
              175.9166495491,-38.7045029220,0
              175.9168091704,-38.7048931853,0
              175.9172254740,-38.7049672737,0
              175.9180628760,-38.7047914781,0
              175.9188626540,-38.7045743759,0
              175.9191498671,-38.7045672000,0
              175.9196020731,-38.7046403820,0
              175.9199992824,-38.7046867765,0
              175.9201302929,-38.7043737356,0
              175.9205322799,-38.7040961628,0
              175.9208189190,-38.7040749167,0
              175.9212533841,-38.7041276586,0
              175.9215346545,-38.7040007000,0
              175.9222024550,-38.7036319919,0
              175.9225620401,-38.7036370781,0
              175.9228979420,-38.7035019522,0
              175.9235945727,-38.7034000407,0
              175.9241481706,-38.7033157856,0
              175.9244857891,-38.7032228528,0
              175.9247216119,-38.7028367825,0
              175.9253412695,-38.7026100646,0
              175.9255503623,-38.7024499460,0
              175.9257819949,-38.7024019049,0
              175.9260437891,-38.7022123055,0
              175.9260519868,-38.7019727357,0
              175.9258732271,-38.7015548037,0
              175.9256499653,-38.7009267824,0
              175.9256604577,-38.7007434763,0
              175.9255737469,-38.7003795600,0
              175.9256884967,-38.7001091619,0
              175.9259329080,-38.6999340777,0
              175.9262559993,-38.6999259861,0
              175.9265183584,-38.6997504520,0
              175.9265288497,-38.6995671450,0
              175.9265037741,-38.6991894717,0
              175.9265154859,-38.6990326204,0
              175.9267829205,-38.6988804818,0
              175.9270060924,-38.6987213846,0
              175.9271476415,-38.6985484513,0
              175.9273486258,-38.6983422694,0
              175.9274736573,-38.6980956432,0
              175.9275780137,-38.6978389482,0
              175.9277113012,-38.6976291681,0
              175.9278985117,-38.6975821299,0
              175.9281738741,-38.6975434689,0
              175.9283243235,-38.6974232450,0
              175.9284833053,-38.6971810607,0
              175.9285486813,-38.6969623950,0
              175.9285837710,-38.6968291825,0
              175.9284864987,-38.6967628071,0
              175.9282893066,-38.6967306962,0
              175.9282103352,-38.6966162220,0
              175.9280976250,-38.6965025933,0
              175.9280953105,-38.6962803304,0
              175.9280716738,-38.6960321363,0
              175.9280772435,-38.6956720498,0
              175.9283157406,-38.6952267256,0
              175.9284497274,-38.6948687135,0
              175.9284938382,-38.6944600210,0
              175.9286062281,-38.6942348840,0
              175.9286404546,-38.6940805196,0
              175.9287016696,-38.6939254786,0
              175.9287226748,-38.6936126451,0
              175.9286868944,-38.6932324214,0
              175.9286724361,-38.6928781297,0
              175.9287536768,-38.6927172930,0
              175.9289707830,-38.6924101306,0
              175.9290646539,-38.6922278044,0
              175.9292869362,-38.6920475518,0
              175.9295616210,-38.6919307605,0
              175.9299701864,-38.6917773115,0
              175.9301758108,-38.6917334515,0
              175.9302601913,-38.6916229650,0
              175.9304322670,-38.6914831858,0
              175.9307688802,-38.6913818542,0
              175.9311153592,-38.6912802743,0
              175.9312691213,-38.6911757865,0
              175.9315506745,-38.6910564822,0
              175.9319480633,-38.6909923262,0
              175.9325343758,-38.6908382784,0
              175.9327131162,-38.6907409035,0
              175.9327411728,-38.6905815143,0
              175.9327515489,-38.6904728826,0
              175.9328416473,-38.6903816027,0
              175.9332546555,-38.6902164198,0
              175.9336911877,-38.6901435346,0
              175.9342827890,-38.6901260010,0
              175.9346103702,-38.6901502029,0
              175.9349928260,-38.6903134640,0
              175.9352191826,-38.6904550348,0
              175.9353231282,-38.6905996812,0
              175.9355700438,-38.6906446973,0
              175.9359107042,-38.6905849189,0
              175.9369012519,-38.6908353322,0
              175.9378770543,-38.6911245232,0
              175.9384356565,-38.6912001111,0
              175.9387026076,-38.6911357754,0
              175.9390380288,-38.6909480688,0
              175.9392668338,-38.6907502394,0
              175.9394382504,-38.6905474496,0
              175.9394124980,-38.6903176082,0
              175.9395394424,-38.6900263033,0
              175.9398256695,-38.6896349525,0
              175.9401842908,-38.6892161707,0
              175.9406321125,-38.6889808140,0
              175.9409733567,-38.6885368567,0
              175.9410947529,-38.6883097148,0
              175.9410842700,-38.6880538789,0
              175.9411648617,-38.6878277630,0
              175.9412186140,-38.6875447016,0
              175.9412026274,-38.6871545523,0
              175.9414453763,-38.6868987449,0
              175.9417151589,-38.6867440831,0
              175.9419184807,-38.6864834779,0
              175.9423136812,-38.6859613276,0
              175.9424985147,-38.6856877696,0
              175.9428539239,-38.6853907069,0
              175.9434046172,-38.6852743970,0
              175.9441941156,-38.6852048878,0
              175.9445591566,-38.6851428684,0
              175.9449595253,-38.6851455842,0
              175.9455933646,-38.6852640595,0
              175.9469107957,-38.6855189526,0
              175.9480221299,-38.6857278114,0
              175.9484880299,-38.6859337402,0
              175.9491795275,-38.6860635466,0
              175.9496262204,-38.6861193576,0
              175.9502381773,-38.6861381261,0
              175.9506512208,-38.6859908278,0
              175.9512947011,-38.6857145269,0
              175.9514308814,-38.6856289666,0
              175.9516323414,-38.6854322619,0
              175.9519643423,-38.6854375617,0
              175.9523709053,-38.6853451692,0
              175.9531757617,-38.6847981523,0
              175.9537303468,-38.6845311418,0
              175.9538433087,-38.6842339060,0
              175.9541270542,-38.6840304791,0
              175.9542176904,-38.6837992250,0
              175.9544107967,-38.6834214608,0
              175.9545549526,-38.6832738957,0
              175.9545778129,-38.6830181878,0
              175.9545345121,-38.6825744415,0
              175.9546541930,-38.6824405792,0
              175.9549855319,-38.6823798661,0
              175.9550480223,-38.6823828976,0
              175.9554287518,-38.6824013657,0
              175.9557591008,-38.6824351378,0
              175.9560366411,-38.6825137027,0
              175.9564142317,-38.6826057242,0
              175.9567373722,-38.6827417844,0
              175.9570557171,-38.6828318208,0
              175.9577607847,-38.6831375810,0
              175.9582136178,-38.6833398042,0
              175.9588640865,-38.6836798207,0
              175.9593947343,-38.6840148481,0
              175.9611720833,-38.6850797155,0
              175.9617619095,-38.6854754279,0
              175.9620384837,-38.6856609778,0
              175.9628449140,-38.6863008164,0
              175.9631751110,-38.6865574115,0
              175.9637405284,-38.6869967882,0
              175.9640509038,-38.6872973383,0
              175.9644950400,-38.6877262596,0
              175.9649536077,-38.6882526336,0
              175.9652253977,-38.6886346511,0
              175.9655462797,-38.6890038470,0
              175.9657340114,-38.6892680862,0
              175.9659080304,-38.6897038584,0
              175.9659995888,-38.6901014200,0
              175.9659490428,-38.6904446166,0
              175.9659437619,-38.6904659240,0
              175.9658331529,-38.6909122020,0
              175.9655915286,-38.6911058231,0
              175.9655751055,-38.6911185393,0
              175.9653194059,-38.6913165207,0
              175.9649611323,-38.6914560386,0
              175.9646129099,-38.6915871498,0
              175.9644661385,-38.6918109679,0
              175.9643207117,-38.6920673586,0
              175.9639084968,-38.6924120330,0
              175.9636394241,-38.6927253829,0
              175.9633380109,-38.6933009158,0
              175.9632172191,-38.6938143185,0
              175.9629899164,-38.6943664986,0
              175.9630938646,-38.6945868594,0
              175.9631454660,-38.6951802112,0
              175.9629189031,-38.6956000960,0
              175.9628782429,-38.6960669951,0
              175.9624690648,-38.6965076985,0
              175.9622333914,-38.6969438682,0
              175.9619887143,-38.6972225106,0
              175.9610419396,-38.6978169826,0
              175.9598914973,-38.6987457031,0
              175.9593832618,-38.6992364296,0
              175.9589916007,-38.6995967750,0
              175.9588438653,-38.6998269982,0
              175.9586240292,-38.7000139355,0
              175.9582414643,-38.7004652858,0
              175.9580694209,-38.7005652130,0
              175.9579247394,-38.7005757122,0
              175.9573026836,-38.7006208535,0
              175.9569352192,-38.7007449266,0
              175.9566033657,-38.7010032937,0
              175.9564697057,-38.7011879795,0
              175.9561912905,-38.7013773396,0
              175.9563448796,-38.7015536342,0
              175.9563567351,-38.7017786979,0
              175.9562268964,-38.7020534335,0
              175.9560336708,-38.7022171336,0
              175.9558622905,-38.7022450395,0
              175.9557144936,-38.7022813675,0
              175.9554612197,-38.7023833450,0
              175.9552856821,-38.7027275919,0
              175.9552825732,-38.7027399536,0
              175.9552158196,-38.7030054517,0
              175.9549653863,-38.7030483831,0
              175.9548524949,-38.7030677359,0
              175.9548470143,-38.7030723170,0
              175.9546952888,-38.7031991394,0
              175.9546455084,-38.7033065878,0
              175.9547734620,-38.7034520168,0
              175.9557480664,-38.7039175824,0
              175.9560442771,-38.7040658199,0
              175.9565857782,-38.7043512538,0
              175.9572998107,-38.7049066042,0
              175.9578051011,-38.7053291892,0
              175.9579126373,-38.7054400191,0
              175.9581872436,-38.7057230328,0
              175.9582291939,-38.7060830149,0
              175.9583135081,-38.7064843989,0
              175.9586104946,-38.7067848280,0
              175.9586957658,-38.7072148248,0
              175.9587131636,-38.7073025552,0
              175.9587457226,-38.7073427079,0
              175.9590844106,-38.7077603861,0
              175.9596316598,-38.7082137562,0
              175.9599151207,-38.7085145234,0
              175.9600509747,-38.7088508873,0
              175.9600876835,-38.7090835738,0
              175.9603833751,-38.7093521735,0
              175.9604904052,-38.7096467907,0
              175.9602816685,-38.7098892797,0
              175.9601847265,-38.7100446955,0
              175.9602111136,-38.7102218371,0
              175.9601900820,-38.7102237601,0
              175.9602149021,-38.7102472677,0
              175.9604337017,-38.7104545017,0
              175.9607389092,-38.7105231910,0
              175.9611695267,-38.7105581317,0
              175.9615618486,-38.7106995930,0
              175.9615853856,-38.7107080802,0
              175.9621055900,-38.7107866003,0
              175.9626474580,-38.7106811512,0
              175.9632107047,-38.7106210121,0
              175.9636145797,-38.7104808463,0
              175.9640634231,-38.7104847441,0
              175.9641908737,-38.7104944141,0
              175.9645917938,-38.7105248335,0
              175.9648029677,-38.7105673320,0
              175.9650639114,-38.7106198455,0
              175.9655602119,-38.7105919632,0
              175.9660175354,-38.7105650692,0
              175.9664154495,-38.7105167537,0
              175.9668985772,-38.7106420486,0
              175.9673691187,-38.7106988789,0
              175.9676906624,-38.7106907112,0
              175.9678118207,-38.7106255252,0
              175.9679292006,-38.7105623729,0
              175.9682847134,-38.7106679765,0
              175.9685899292,-38.7107366449,0
              175.9688486387,-38.7108599915,0
              175.9689698678,-38.7109256910,0
              175.9691180411,-38.7110059931,0
              175.9694282614,-38.7109598961,0
              175.9697780877,-38.7109280763,0
              175.9700355351,-38.7110208825,0
              175.9703360691,-38.7112119437,0
              175.9707035458,-38.7113707329,0
              175.9711143668,-38.7113984968,0
              175.9715314523,-38.7113420347,0
              175.9718068092,-38.7113961691,0
              175.9720257251,-38.7113776908,0
              175.9721956116,-38.7113633505,0
              175.9723985409,-38.7113335781,0
              175.9725737216,-38.7113078763,0
              175.9726287431,-38.7112712379,0
              175.9729913698,-38.7110297645,0
              175.9734017125,-38.7107763951,0
              175.9734867509,-38.7106991855,0
              175.9736849537,-38.7106254755,0
              175.9740140048,-38.7105222655,0
              175.9747705988,-38.7106558504,0
              175.9751845833,-38.7107599430,0
              175.9757456748,-38.7108832154,0
              175.9762287070,-38.7111059651,0
              175.9764183371,-38.7112315952,0
              175.9767043453,-38.7114210746,0
              175.9771786115,-38.7117352710,0
              175.9773981648,-38.7118807217,0
              175.9778612183,-38.7123396399,0
              175.9781376663,-38.7126695423,0
              175.9782041324,-38.7128246571,0
              175.9784111924,-38.7132838753,0
              175.9783391544,-38.7136528330,0
              175.9781386398,-38.7140424400,0
              175.9780892903,-38.7141383281,0
              175.9777108783,-38.7147144583,0
              175.9775738750,-38.7149230432,0
              175.9773334164,-38.7152527365,0
              175.9769107373,-38.7155932956,0
              175.9765268836,-38.7157213026,0
              175.9763109285,-38.7158761420,0
              175.9762183668,-38.7161336189,0
              175.9762796447,-38.7164618449,0
              175.9761374143,-38.7166708073,0
              175.9757587756,-38.7171160219,0
              175.9755704869,-38.7173634916,0
              175.9755485533,-38.7176005011,0
              175.9757052963,-38.7179325183,0
              175.9758008258,-38.7181292009,0
              175.9757757971,-38.7182916208,0
              175.9758060498,-38.7184464107,0
              175.9759281569,-38.7185179686,0
              175.9762135918,-38.7186973685,0
              175.9763477638,-38.7188681775,0
              175.9763435067,-38.7191482932,0
              175.9763369284,-38.7193724672,0
              175.9764654889,-38.7195994206,0
              175.9766590737,-38.7198620508,0
              175.9767902171,-38.7201511613,0
              175.9769579372,-38.7203646710,0
              175.9769976758,-38.7205565525,0
              175.9771915235,-38.7208253976,0
              175.9772373907,-38.7209735665,0
              175.9771885607,-38.7211365932,0
              175.9770082021,-38.7213838630,0
              175.9768023644,-38.7219740131,0
              175.9766962524,-38.7222878372,0
              175.9765675596,-38.7224404545,0
              175.9765602069,-38.7226459804,0
              175.9764935070,-38.7229525774,0
              175.9765218615,-38.7231258895,0
              175.9765360852,-38.7232128326,0
              175.9767071014,-38.7233142553,0
              175.9767103100,-38.7233141736,0
              175.9769530755,-38.7233079870,0
              175.9771757612,-38.7233147568,0
              175.9773800648,-38.7234526648,0
              175.9776473311,-38.7235765223,0
              175.9778749236,-38.7237013906,0
              175.9779837565,-38.7238355087,0
              175.9779820190,-38.7239848908,0
              175.9779963239,-38.7240466097,0
              175.9780207299,-38.7241519077,0
              175.9782004590,-38.7242717738,0
              175.9784814856,-38.7242992269,0
              175.9785035284,-38.7243013811,0
              175.9787582154,-38.7243135536,0
              175.9789228509,-38.7244524703,0
              175.9790716181,-38.7245917906,0
              175.9791950319,-38.7246944236,0
              175.9792869301,-38.7247423858,0
              175.9793087026,-38.7247537486,0
              175.9793675669,-38.7247395453,0
              175.9794623381,-38.7247166773,0
              175.9795682247,-38.7246911276,0
              175.9797360719,-38.7245250640,0
              175.9798711458,-38.7243349469,0
              175.9800579612,-38.7242430674,0
              175.9802176685,-38.7241361197,0
              175.9802511616,-38.7241136910,0
              175.9805504308,-38.7241060553,0
              175.9805685501,-38.7241055930,0
              175.9805804734,-38.7241033410,0
              175.9807971054,-38.7240624262,0
              175.9810025539,-38.7238456225,0
              175.9810193883,-38.7238248008,0
              175.9811309808,-38.7236867856,0
              175.9811625623,-38.7233001915,0
              175.9813544644,-38.7231397335,0
              175.9814646328,-38.7230142473,0
              175.9815668094,-38.7228978633,0
              175.9816791513,-38.7228355717,0
              175.9819550046,-38.7226826158,0
              175.9820509137,-38.7225059403,0
              175.9820288398,-38.7223571670,0
              175.9819166419,-38.7221422467,0
              175.9815282898,-38.7219717107,0
              175.9814022928,-38.7218069220,0
              175.9813911773,-38.7215396431,0
              175.9814007627,-38.7211971675,0
              175.9815613596,-38.7208570593,0
              175.9818181173,-38.7206153578,0
              175.9818426011,-38.7205923091,0
              175.9819893940,-38.7204541226,0
              175.9822946133,-38.7201538787,0
              175.9826228711,-38.7199651471,0
              175.9828608840,-38.7198283006,0
              175.9835193396,-38.7196185920,0
              175.9838763772,-38.7196094726,0
              175.9842700683,-38.7197176404,0
              175.9845593222,-38.7197973640,0
              175.9847302518,-38.7197058832,0
              175.9848816892,-38.7195277875,0
              175.9852522666,-38.7194623163,0
              175.9855965413,-38.7195281861,0
              175.9861013117,-38.7196335096,0
              175.9864310147,-38.7197308614,0
              175.9867630015,-38.7199374732,0
              175.9868631794,-38.7199998187,0
              175.9872722264,-38.7200951403,0
              175.9874725063,-38.7201330305,0
              175.9878806670,-38.7202102490,0
              175.9885337025,-38.7204424392,0
              175.9892842866,-38.7207281299,0
              175.9896043805,-38.7208607558,0
              175.9896237475,-38.7208687801,0
              175.9896347914,-38.7209431657,0
              175.9897695174,-38.7211263888,0
              175.9899233794,-38.7211971199,0
              175.9901659730,-38.7211100194,0
              175.9903233749,-38.7211208930,0
              175.9904288428,-38.7211281797,0
              175.9905441049,-38.7212726096,0
              175.9905796985,-38.7213172114,0
              175.9906107613,-38.7214906422,0
              175.9907331480,-38.7215683997,0
              175.9909431702,-38.7215469023,0
              175.9910574183,-38.7215352076,0
              175.9913676358,-38.7215459307,0
              175.9917620189,-38.7214798301,0
              175.9921778690,-38.7213571759,0
              175.9926006142,-38.7212094543,0
              175.9928490616,-38.7210724185,0
              175.9933621944,-38.7209970474,0
              175.9937765943,-38.7210299839,0
              175.9940438761,-38.7211538031,0
              175.9941191701,-38.7211839582,0
              175.9944235373,-38.7213058530,0
              175.9948246668,-38.7214013508,0
              175.9953458501,-38.7215186572,0
              175.9957436052,-38.7215333466,0
              175.9960162289,-38.7215948003,0
              175.9962689473,-38.7217500998,0
              175.9963973569,-38.7217690233,0
              175.9965566620,-38.7217924992,0
              175.9967113110,-38.7218818669,0
              175.9969159068,-38.7220259553,0
              175.9968883270,-38.7221262205,0
              175.9969387246,-38.7222060363,0
              175.9969733867,-38.7222609303,0
              175.9971346737,-38.7223190161,0
              175.9973674907,-38.7222632545,0
              175.9974256465,-38.7222493261,0
              175.9976277817,-38.7221445815,0
              175.9976336485,-38.7221438535,0
              175.9980070715,-38.7220975130,0
              175.9983379754,-38.7220330185,0
              175.9986700429,-38.7221862760,0
              175.9988614345,-38.7224233123,0
              175.9988468142,-38.7225922403,0
              175.9987181487,-38.7228471724,0
              175.9987829217,-38.7229721222,0
              175.9990239115,-38.7230392368,0
              175.9991629120,-38.7231367669,0
              175.9992254783,-38.7231806663,0
              175.9992638720,-38.7231753588,0
              175.9995214950,-38.7231397462,0
              175.9998822852,-38.7232237747,0
              176.0003191361,-38.7234990993,0
              176.0008497401,-38.7237786778,0
              176.0009513602,-38.7238164035,0
              176.0014373227,-38.7239968155,0
              176.0019013488,-38.7243114189,0
              176.0025847887,-38.7247869755,0
              176.0027359404,-38.7249430217,0
              176.0033027870,-38.7252749682,0
              176.0037880084,-38.7256889763,0
              176.0040560258,-38.7259450720,0
              176.0048473484,-38.7266813841,0
              176.0051526751,-38.7270095601,0
              176.0055943836,-38.7273817669,0
              176.0060021928,-38.7279776798,0
              176.0062598009,-38.7282376029,0
              176.0065642551,-38.7286769151,0
              176.0073841925,-38.7296913568,0
              176.0074264796,-38.7297890154,0
              176.0076163819,-38.7302275695,0
              176.0081249875,-38.7309713534,0
              176.0083183425,-38.7313710035,0
              176.0084276019,-38.7317954203,0
              176.0084753533,-38.7321547561,0
              176.0084576657,-38.7323580631,0
              176.0082714634,-38.7326568892,0
              176.0078862739,-38.7329853297,0
              176.0078020347,-38.7330335388,0
              176.0075393399,-38.7329737894,0
              176.0073977970,-38.7330009791,0
              176.0074476255,-38.7331832024,0
              176.0074218563,-38.7333508902,0
              176.0072726588,-38.7335089081,0
              176.0071589229,-38.7337302536,0
              176.0070736495,-38.7338480811,0
              176.0071533096,-38.7339873579,0
              176.0070327270,-38.7342409996,0
              176.0070506149,-38.7344718033,0
              176.0070251138,-38.7346459084,0
              176.0068806043,-38.7347202930,0
              176.0069086839,-38.7348030822,0
              176.0070591181,-38.7348698736,0
              176.0072635860,-38.7348557525,0
              176.0073756369,-38.7348533233,0
              176.0076102068,-38.7349147747,0
              176.0076467962,-38.7349968986,0
              176.0075046129,-38.7350836260,0
              176.0074238679,-38.7351282783,0
              176.0072584488,-38.7352197550,0
              176.0070954092,-38.7353189630,0
              176.0069288193,-38.7354203316,0
              176.0067327014,-38.7356434291,0
              176.0066933558,-38.7357212009,0
              176.0066714939,-38.7357644125,0
              176.0066875048,-38.7357951329,0
              176.0067435825,-38.7359027304,0
              176.0069291031,-38.7360588948,0
              176.0070877049,-38.7362053690,0
              176.0071330916,-38.7363391831,0
              176.0070343709,-38.7365123642,0
              176.0070219613,-38.7365341343,0
              176.0070117777,-38.7365602713,0
              176.0069381855,-38.7367491479,0
              176.0069462383,-38.7369410306,0
              176.0070311358,-38.7370686356,0
              176.0071102771,-38.7370805963,0
              176.0071778956,-38.7370908157,0
              176.0073488361,-38.7368995154,0
              176.0076061988,-38.7368721226,0
              176.0077438381,-38.7368558323,0
              176.0080547087,-38.7368190389,0
              176.0083972243,-38.7367212835,0
              176.0084346101,-38.7367106133,0
              176.0087719502,-38.7365357915,0
              176.0088417190,-38.7364810030,0
              176.0090863768,-38.7362888768,0
              176.0093583716,-38.7361365037,0
              176.0098088369,-38.7361300874,0
              176.0101796280,-38.7361205318,0
              176.0104645614,-38.7361183800,0
              176.0105200126,-38.7360183098,0
              176.0105046486,-38.7359617434,0
              176.0104808046,-38.7358739550,0
              176.0107295792,-38.7358000513,0
              176.0109544831,-38.7357890618,0
              176.0110727149,-38.7358582745,0
              176.0111583515,-38.7359084057,0
              176.0113253623,-38.7359307811,0
              176.0114183242,-38.7359432357,0
              176.0116423565,-38.7359115015,0
              176.0118637726,-38.7358175341,0
              176.0121506654,-38.7358620521,0
              176.0122832277,-38.7360195736,0
              176.0124862266,-38.7361181708,0
              176.0126667445,-38.7361550472,0
              176.0126920596,-38.7362841848,0
              176.0126143289,-38.7363936685,0
              176.0125665256,-38.7364535134,0
              176.0127080822,-38.7365405859,0
              176.0128455780,-38.7364671237,0
              176.0130373775,-38.7364569841,0
              176.0132632421,-38.7366256281,0
              176.0134703744,-38.7366980474,0
              176.0138995359,-38.7368036184,0
              176.0140033000,-38.7369903576,0
              176.0142776133,-38.7370681923,0
              176.0144911319,-38.7372042046,0
              176.0145867338,-38.7373291078,0
              176.0147876602,-38.7373805299,0
              176.0148005511,-38.7374721875,0
              176.0147701027,-38.7376074197,0
              176.0148118535,-38.7377407884,0
              176.0150536403,-38.7379043745,0
              176.0155749037,-38.7380536680,0
              176.0158513044,-38.7381809785,0
              176.0160840706,-38.7383447944,0
              176.0163953828,-38.7384428975,0
              176.0166946950,-38.7384705473,0
              176.0169318210,-38.7383087472,0
              176.0169953888,-38.7381018975,0
              176.0172535395,-38.7380103152,0
              176.0174491110,-38.7379345013,0
              176.0176904015,-38.7378716582,0
              176.0180009133,-38.7377362654,0
              176.0181171380,-38.7374926733,0
              176.0183259924,-38.7373032965,0
              176.0185299894,-38.7372131117,0
              176.0190570919,-38.7370721174,0
              176.0194386042,-38.7369065801,0
              176.0197079449,-38.7366519524,0
              176.0200678286,-38.7364020586,0
              176.0204823691,-38.7363771867,0
              176.0210019260,-38.7362717600,0
              176.0212652151,-38.7360880467,0
              176.0212445659,-38.7358126119,0
              176.0212277927,-38.7356290662,0
              176.0211509103,-38.7353055534,0
              176.0209238917,-38.7350637609,0
              176.0207727296,-38.7346926355,0
              176.0207464898,-38.7344462614,0
              176.0207272727,-38.7343447231,0
              176.0206056468,-38.7341254888,0
              176.0203958414,-38.7337788128,0
              176.0202898508,-38.7334844224,0
              176.0203094184,-38.7333252368,0
              176.0207797978,-38.7329719491,0
              176.0210428677,-38.7324033088,0
              176.0217074608,-38.7313589395,0
              176.0218998420,-38.7311572736,0
              176.0219566908,-38.7310976820,0
              176.0224287268,-38.7306499746,0
              176.0231160396,-38.7301179341,0
              176.0235706776,-38.7298189260,0
              176.0238697493,-38.7294776147,0
              176.0240624723,-38.7291390552,0
              176.0240393455,-38.7287790631,0
              176.0240280049,-38.7286025303,0
              176.0240952343,-38.7283278252,0
              176.0241238544,-38.7282108848,0
              176.0240790650,-38.7276589523,0
              176.0241412460,-38.7269410165,0
              176.0240732858,-38.7264516875,0
              176.0241017530,-38.7261451786,0
              176.0242231340,-38.7259381878,0
              176.0244011985,-38.7258131222,0
              176.0245603679,-38.7256607473,0
              176.0248658623,-38.7254721532,0
              176.0252854435,-38.7252540297,0
              176.0257308211,-38.7250952113,0
              176.0263414200,-38.7248409195,0
              176.0267168667,-38.7244883567,0
              176.0268802102,-38.7242676299,0
              176.0270759248,-38.7240045774,0
              176.0271857488,-38.7238275985,0
              176.0272025388,-38.7236650117,0
              176.0271720683,-38.7235036497,0
              176.0271354943,-38.7233378125,0
              176.0269629127,-38.7230988690,0
              176.0267219563,-38.7229033565,0
              176.0261765173,-38.7227186862,0
              176.0256126802,-38.7223815003,0
              176.0251824740,-38.7221931179,0
              176.0246928427,-38.7221847956,0
              176.0239628506,-38.7221984454,0
              176.0234569737,-38.7221303392,0
              176.0232585317,-38.7221851720,0
              176.0230067075,-38.7218570775,0
              176.0229188431,-38.7217426006,0
              176.0227587477,-38.7213002475,0
              176.0224432337,-38.7203822681,0
              176.0224567924,-38.7201791743,0
              176.0225396872,-38.7199197483,0
              176.0228972334,-38.7198159841,0
              176.0233188527,-38.7196423027,0
              176.0238303788,-38.7195345512,0
              176.0240962420,-38.7193228942,0
              176.0239877663,-38.7191150693,0
              176.0236841526,-38.7190867817,0
              176.0233338668,-38.7188858224,0
              176.0232751193,-38.7187094449,0
              176.0232414243,-38.7184419107,0
              176.0234667337,-38.7180632843,0
              176.0236677145,-38.7178315327,0
              176.0237415580,-38.7177463832,0
              176.0243817122,-38.7173517646,0
              176.0250269500,-38.7170777763,0
              176.0255357991,-38.7169070786,0
              176.0261358825,-38.7168337778,0
              176.0265621425,-38.7166987171,0
              176.0268498362,-38.7164406234,0
              176.0273273888,-38.7161330510,0
              176.0279071144,-38.7159623919,0
              176.0284765002,-38.7160096581,0
              176.0289321534,-38.7158634529,0
              176.0292401994,-38.7156590466,0
              176.0295815859,-38.7156191806,0
              176.0297468248,-38.7154701659,0
              176.0301616206,-38.7152940020,0
              176.0304173759,-38.7151012869,0
              176.0306274766,-38.7147650265,0
              176.0308186358,-38.7146050000,0
              176.0308460287,-38.7144047275,0
              176.0308298488,-38.7141121682,0
              176.0304142353,-38.7137781299,0
              176.0299886300,-38.7133859959,0
              176.0298191239,-38.7131216097,0
              176.0296803423,-38.7129598041,0
              176.0293763279,-38.7129470126,0
              176.0291568346,-38.7130659074,0
              176.0289516616,-38.7131379646,0
              176.0282706585,-38.7131482049,0
              176.0276820063,-38.7131041413,0
              176.0273690853,-38.7130900051,0
              176.0270416324,-38.7131800585,0
              176.0266694111,-38.7133305928,0
              176.0263022647,-38.7133771805,0
              176.0261538895,-38.7132253039,0
              176.0260691019,-38.7130929538,0
              176.0258933554,-38.7128186152,0
              176.0257370706,-38.7124964251,0
              176.0256277385,-38.7120720228,0
              176.0256090279,-38.7115728416,0
              176.0256919941,-38.7113286224,0
              176.0261402207,-38.7111754243,0
              176.0265549569,-38.7111621927,0
              176.0270198524,-38.7110732939,0
              176.0272013281,-38.7109831983,0
              176.0273770431,-38.7107566223,0
              176.0276896027,-38.7104154884,0
              176.0278765610,-38.7101971600,0
              176.0280447089,-38.7097914534,0
              176.0280368325,-38.7097058293,0
              176.0278756469,-38.7096592061,0
              176.0274888521,-38.7095326014,0
              176.0269714195,-38.7094093805,0
              176.0267780675,-38.7092179859,0
              176.0267772000,-38.7089638074,0
              176.0267764221,-38.7087360825,0
              176.0268886042,-38.7084658604,0
              176.0270324869,-38.7082840046,0
              176.0272345497,-38.7082376631,0
              176.0274388218,-38.7079674622,0
              176.0277860511,-38.7077733139,0
              176.0280005575,-38.7076794016,0
              176.0281202341,-38.7076762996,0
              176.0282378147,-38.7076235534,0
              176.0282528784,-38.7074795894,0
              176.0285098550,-38.7073900969,0
              176.0291601240,-38.7072683191,0
              176.0295790128,-38.7071746259,0
              176.0300143103,-38.7071357265,0
              176.0303198140,-38.7071940665,0
              176.0305427054,-38.7072987255,0
              176.0308052733,-38.7073416122,0
              176.0309864406,-38.7072927362,0
              176.0311232263,-38.7073609739,0
              176.0313477511,-38.7075042422,0
              176.0316455186,-38.7075462137,0
              176.0320176912,-38.7075144674,0
              176.0324550877,-38.7075252018,0
              176.0326477258,-38.7075809438,0
              176.0329713197,-38.7075670213,0
              176.0332008319,-38.7074947983,0
              176.0333223727,-38.7075358184,0
              176.0335328652,-38.7075137869,0
              176.0336049363,-38.7073849087,0
              176.0335420858,-38.7072319232,0
              176.0333759740,-38.7071368399,0
              176.0332042220,-38.7070750352,0
              176.0331913512,-38.7069373186,0
              176.0332298983,-38.7066823035,0
              176.0333895178,-38.7064572781,0
              176.0335878345,-38.7063140777,0
              176.0341012984,-38.7061240383,0
              176.0342641418,-38.7061418964,0
              176.0344490382,-38.7061812706,0
              176.0347261876,-38.7060691522,0
              176.0349294389,-38.7058761230,0
              176.0350232320,-38.7056839156,0
              176.0352181905,-38.7054431157,0
              176.0352477433,-38.7051971121,0
              176.0352416905,-38.7050845852,0
              176.0350420366,-38.7045949926,0
              176.0351293449,-38.7043014676,0
              176.0353735839,-38.7038865479,0
              176.0355039170,-38.7032334957,0
              176.0355201140,-38.7027340959,0
              176.0354980476,-38.7025772076,0
              176.0355755459,-38.7024747792,0
              176.0356238979,-38.7023165098,0
              176.0355539142,-38.7022153567,0
              176.0353869354,-38.7021510482,0
              176.0353774771,-38.7020569036,0
              176.0354703899,-38.7018303032,0
              176.0358072726,-38.7016038184,0
              176.0360208059,-38.7013901526,0
              176.0362873468,-38.7013038813,0
              176.0366151618,-38.7011580661,0
              176.0370631142,-38.7010048369,0
              176.0375828888,-38.7008668999,0
              176.0378159090,-38.7006806424,0
              176.0379444701,-38.7004842286,0
              176.0379928194,-38.7001791426,0
              176.0381919181,-38.6998468291,0
              176.0385237663,-38.6997129128,0
              176.0386648788,-38.6994795511,0
              176.0387873612,-38.6992257925,0
              176.0389722433,-38.6989773721,0
              176.0394079022,-38.6987781096,0
              176.0396557702,-38.6985489297,0
              176.0401867684,-38.6983043882,0
              176.0404062688,-38.6982406336,0
              176.0405585110,-38.6980865054,0
              176.0407038299,-38.6978982337,0
              176.0408460409,-38.6977658185,0
              176.0412188512,-38.6976488529,0
              176.0414624260,-38.6974537316,0
              176.0416296160,-38.6972648894,0
              176.0417406644,-38.6970431842,0
              176.0418768584,-38.6968980533,0
              176.0423101833,-38.6967880898,0
              176.0427898012,-38.6967369850,0
              176.0432499058,-38.6967421632,0
              176.0436602466,-38.6967357639,0
              176.0440492583,-38.6967427911,0
              176.0444087557,-38.6965703866,0
              176.0445562447,-38.6964335393,0
              176.0447677069,-38.6963851240,0
              176.0449635034,-38.6962255641,0
              176.0452783254,-38.6961615828,0
              176.0455063864,-38.6959883098,0
              176.0456633533,-38.6958168907,0
              176.0458640687,-38.6956443299,0
              176.0460959484,-38.6955610564,0
              176.0462237391,-38.6954762055,0
              176.0462667715,-38.6953292084,0
              176.0466231537,-38.6952126542,0
              176.0470435122,-38.6951845297,0
              176.0474027842,-38.6951489258,0
              176.0475723331,-38.6951321230,0
              176.0478054820,-38.6950788456,0
              176.0480964185,-38.6949682852,0
              176.0483802483,-38.6948192950,0
              176.0486106700,-38.6945730166,0
              176.0486680996,-38.6943784475,0
              176.0486518886,-38.6941257341,0
              176.0486568230,-38.6938553059,0
              176.0487547158,-38.6937111666,0
              176.0490020805,-38.6936060311,0
              176.0492859019,-38.6934570390,0
              176.0493726747,-38.6933088984,0
              176.0496165754,-38.6931223339,0
              176.0500850469,-38.6929384867,0
              176.0504545337,-38.6928730636,0
              176.0507407177,-38.6927797821,0
              176.0510232566,-38.6926007860,0
              176.0512221278,-38.6923853608,0
              176.0514168046,-38.6923287909,0
              176.0517398046,-38.6923289356,0
              176.0520775701,-38.6922900793,0
              176.0521563152,-38.6922107942,0
              176.0522268579,-38.6920673666,0
              176.0524576232,-38.6919583665,0
              176.0528079628,-38.6918290804,0
              176.0531798113,-38.6918193637,0
              176.0536083492,-38.6918553589,0
              176.0539743685,-38.6919659245,0
              176.0541530033,-38.6920470640,0
              176.0543484062,-38.6920076324,0
              176.0544765420,-38.6918026312,0
              176.0546088680,-38.6915674877,0
              176.0546974517,-38.6914622005,0
              176.0547187733,-38.6913200583,0
              176.0548352455,-38.6912269139,0
              176.0551257897,-38.6911077645,0
              176.0552621907,-38.6910876482,0
              176.0554086817,-38.6910660434,0
              176.0558082318,-38.6910641751,0
              176.0561607580,-38.6911150210,0
              176.0564389183,-38.6912192960,0
              176.0567219996,-38.6913105703,0
              176.0570327803,-38.6912809868,0
              176.0572298131,-38.6911514087,0
              176.0573809069,-38.6909715460,0
              176.0574561812,-38.6908653861,0
              176.0573783702,-38.6907122286,0
              176.0575366554,-38.6905098423,0
              176.0575640005,-38.6902355817,0
              176.0577544000,-38.6900567817,0
              176.0580038786,-38.6899633433,0
              176.0581248123,-38.6896790185,0
              176.0585233673,-38.6893289707,0
              176.0589521691,-38.6891687584,0
              176.0593561775,-38.6889843631,0
              176.0598234760,-38.6887983090,0
              176.0604898027,-38.6886578470,0
              176.0609229103,-38.6885770706,0
              176.0611399621,-38.6886520849,0
              176.0613606945,-38.6886276781,0
              176.0614972849,-38.6884875289,0
              176.0620386637,-38.6881815782,0
              176.0620570832,-38.6878707073,0
              176.0619462968,-38.6876873784,0
              176.0619947992,-38.6875247056,0
              176.0622877925,-38.6873778629,0
              176.0626243039,-38.6872092121,0
              176.0628936476,-38.6871058246,0
              176.0631608020,-38.6870306084,0
              176.0639926194,-38.6869892689,0
              176.0640006153,-38.6871188726,0
              176.0642471935,-38.6874097859,0
              176.0642905026,-38.6876952335,0
              176.0643372548,-38.6882206383,0
              176.0644738691,-38.6882667173,0
              176.0647547141,-38.6881662347,0
              176.0650891175,-38.6882071246,0
              176.0662638087,-38.6886356753,0
              176.0666531036,-38.6888489369,0
              176.0671692522,-38.6890650743,0
              176.0678911384,-38.6894028125,0
              176.0695142081,-38.6901612860,0
              176.0701693442,-38.6905672839,0
              176.0708491269,-38.6909058979,0
              176.0718891272,-38.6914970572,0
              176.0723659257,-38.6918656304,0
              176.0727681889,-38.6920932137,0
              176.0733586720,-38.6923316120,0
              176.0749401075,-38.6931607488,0
              176.0751902202,-38.6933592253,0
              176.0753273199,-38.6936037020,0
              176.0756389412,-38.6937840431,0
              176.0760186858,-38.6939591268,0
              176.0763255367,-38.6941455367,0
              176.0780384954,-38.6952614583,0
              176.0787811311,-38.6957479832,0
              176.0788260630,-38.6958726886,0
              176.0799501668,-38.6965805060,0
              176.0813906203,-38.6975466592,0
              176.0833696710,-38.6990372442,0
              176.0837018183,-38.6993419556,0
              176.0839253436,-38.6997397698,0
              176.0842247859,-38.6999552147,0
              176.0842940044,-38.7001276384,0
              176.0842805704,-38.7002569967,0
              176.0842321724,-38.7004567424,0
              176.0842895879,-38.7006140012,0
              176.0845240890,-38.7007665836,0
              176.0848195616,-38.7010118279,0
              176.0850855455,-38.7013074678,0
              176.0850847619,-38.7014364921,0
              176.0849798712,-38.7016476533,0
              176.0849854126,-38.7017765106,0
              176.0853106660,-38.7021251627,0
              176.0857373562,-38.7025182072,0
              176.0861184839,-38.7029078645,0
              176.0863709643,-38.7031560097,0
              176.0868159439,-38.7036146798,0
              176.0870280281,-38.7039214949,0
              176.0870803230,-38.7043329350,0
              176.0869547439,-38.7047086748,0
              176.0867074081,-38.7047740135,0
              176.0863978882,-38.7050466082,0
              176.0862922885,-38.7052081492,0
              176.0863014100,-38.7053882068,0
              176.0863938488,-38.7055010907,0
              176.0865167302,-38.7056519114,0
              176.0865283066,-38.7058437400,0
              176.0871033604,-38.7063761199,0
              176.0872366649,-38.7066025835,0
              176.0873248214,-38.7067523480,0
              176.0874970221,-38.7070399441,0
              176.0875636893,-38.7074436373,0
              176.0875224870,-38.7077602939,0
              176.0875230857,-38.7077738005,0
              176.0875378994,-38.7080303338,0
              176.0876361499,-38.7082171642,0
              176.0878336964,-38.7084684594,0
              176.0879818563,-38.7088108293,0
              176.0879594983,-38.7090662343,0
              176.0880114733,-38.7093445094,0
              176.0879795909,-38.7098195814,0
              176.0878492451,-38.7100719491,0
              176.0875881909,-38.7105134636,0
              176.0872198276,-38.7106734746,0
              176.0866895491,-38.7107528241,0
              176.0865237962,-38.7105668666,0
              176.0862724164,-38.7105547671,0
              176.0861268835,-38.7104671406,0
              176.0859608565,-38.7104845942,0
              176.0857329673,-38.7106147546,0
              176.0854400309,-38.7105898231,0
              176.0851233238,-38.7107876656,0
              176.0849748894,-38.7110202649,0
              176.0848318837,-38.7109913732,0
              176.0847166734,-38.7110270838,0
              176.0848001575,-38.7111645429,0
              176.0850249591,-38.7117964533,0
              176.0851645982,-38.7123285294,0
              176.0851085368,-38.7129637794,0
              176.0849656199,-38.7131308957,0
              176.0847432435,-38.7131955723,0
              176.0844838967,-38.7131762858,0
              176.0844306416,-38.7132952982,0
              176.0842788318,-38.7134495819,0
              176.0841550074,-38.7134789862,0
              176.0840859339,-38.7136180177,0
              176.0839410563,-38.7136441857,0
              176.0838766806,-38.7136970461,0
              176.0836808285,-38.7140877051,0
              176.0835917246,-38.7141488604,0
              176.0834645760,-38.7141979525,0
              176.0831754520,-38.7146498758,0
              176.0828450061,-38.7149166789,0
              176.0826191462,-38.7150020847,0
              176.0821475307,-38.7149873540,0
              176.0817606602,-38.7148146176,0
              176.0815396243,-38.7149557315,0
              176.0810545649,-38.7151456359,0
              176.0807815886,-38.7152494412,0
              176.0805356023,-38.7152639789,0
              176.0801361036,-38.7155321288,0
              176.0797618669,-38.7156708033,0
              176.0793695185,-38.7158663077,0
              176.0788646097,-38.7160728281,0
              176.0783428741,-38.7161268306,0
              176.0777828436,-38.7162462437,0
              176.0773573678,-38.7166277752,0
              176.0773441783,-38.7170386962,0
              176.0772153217,-38.7173882612,0
              176.0769967573,-38.7175630779,0
              176.0770786158,-38.7177943857,0
              176.0770109967,-38.7181342860,0
              176.0767794934,-38.7184865536,0
              176.0764931279,-38.7185182482,0
              176.0763980757,-38.7186978611,0
              176.0761549233,-38.7190182327,0
              176.0760575411,-38.7193830685,0
              176.0758167141,-38.7195182173,0
              176.0755205094,-38.7197997327,0
              176.0753494614,-38.7198847410,0
              176.0751137560,-38.7199169796,0
              176.0748559172,-38.7204892190,0
              176.0746968115,-38.7207432495,0
              176.0742751158,-38.7209142379,0
              176.0741405733,-38.7210990874,0
              176.0738922778,-38.7212879178,0
              176.0735762687,-38.7212982749,0
              176.0731803884,-38.7216894335,0
              176.0728577707,-38.7218631442,0
              176.0724174502,-38.7222383740,0
              176.0720232026,-38.7229278892,0
              176.0717788655,-38.7232067600,0
              176.0713328803,-38.7233936820,0
              176.0707935105,-38.7236409337,0
              176.0702606639,-38.7236196277,0
              176.0697320483,-38.7236970857,0
              176.0696537593,-38.7238177667,0
              176.0692524427,-38.7240769516,0
              176.0692717197,-38.7243165786,0
              176.0693363274,-38.7245620774,0
              176.0696941942,-38.7251013441,0
              176.0696886933,-38.7254215352,0
              176.0694770830,-38.7255330370,0
              176.0695882915,-38.7260245066,0
              176.0698591936,-38.7264552776,0
              176.0699056884,-38.7268977705,0
              176.0699167554,-38.7271228528,0
              176.0698398242,-38.7272836007,0
              176.0693737593,-38.7275415717,0
              176.0693630559,-38.7279232413,0
              176.0692763743,-38.7282150918,0
              176.0691056146,-38.7284385242,0
              176.0690057968,-38.7289117572,0
              176.0688568435,-38.7293449075,0
              176.0686471775,-38.7295241059,0
              176.0682931037,-38.7301075038,0
              176.0678884370,-38.7303350653,0
              176.0675095576,-38.7303308905,0
              176.0671641606,-38.7305283616,0
              176.0654878276,-38.7310762083,0
              176.0644410948,-38.7313222124,0
              176.0637062367,-38.7313069844,0
              176.0630886630,-38.7311553966,0
              176.0629937460,-38.7311169383,0
              176.0627830919,-38.7310091424,0
              176.0625068614,-38.7310738951,0
              176.0622854349,-38.7313902520,0
              176.0619334689,-38.7317445369,0
              176.0613252756,-38.7319445098,0
              176.0604647783,-38.7320820797,0
              176.0602988619,-38.7324706167,0
              176.0604693974,-38.7328906801,0
              176.0609707971,-38.7336407515,0
              176.0615161096,-38.7346826307,0
              176.0619518149,-38.7352992419,0
              176.0634406570,-38.7373019288,0
              176.0640323074,-38.7381397061,0
              176.0647240081,-38.7388792185,0
              176.0649306127,-38.7392816983,0
              176.0653169705,-38.7398277868,0
              176.0659520870,-38.7406464037,0
              176.0664872970,-38.7415082299,0
              176.0671301629,-38.7427493914,0
              176.0676972804,-38.7436554271,0
              176.0684926871,-38.7451414025,0
              176.0697204536,-38.7477070705,0
              176.0703435569,-38.7489786129,0
              176.0705733165,-38.7494898741,0
              176.0706521236,-38.7498934268,0
              176.0709248057,-38.7506730810,0
              176.0712150483,-38.7512503198,0
              176.0719213742,-38.7531433417,0
              176.0720718645,-38.7538145099,0
              176.0723168617,-38.7546183494,0
              176.0726460850,-38.7553739330,0
              176.0728910540,-38.7561768700,0
              176.0729821138,-38.7568054702,0
              176.0730718377,-38.7570906274,0
              176.0731215393,-38.7572515564,0
              176.0732810608,-38.7575789994,0
              176.0735102706,-38.7580506028,0
              176.0737647745,-38.7588343488,0
              176.0737860359,-38.7588986830,0
              176.0738132969,-38.7590728399,0
              176.0739170606,-38.7597281413,0
              176.0740755867,-38.7603197547,0
              176.0742050748,-38.7608012679,0
              176.0742155154,-38.7609073647,0
              176.0743637737,-38.7615300404,0
              176.0746887140,-38.7628364290,0
              176.0749162667,-38.7638435776,0
              176.0751461206,-38.7665193722,0
              176.0751950864,-38.7674195646,0
              176.0751116693,-38.7680078088,0
              176.0751872463,-38.7688847428,0
              176.0754270677,-38.7701169370,0
              176.0754817180,-38.7717192569,0
              176.0756885681,-38.7733778584,0
              176.0757711423,-38.7749082013,0
              176.0761674110,-38.7774649926,0
              176.0760552726,-38.7780549160,0
              176.0760448844,-38.7783932658,0
              176.0761627704,-38.7789760595,0
              176.0762076245,-38.7798087474,0
              176.0761774961,-38.7808472087,0
              176.0760909322,-38.7813904615,0
              176.0760822979,-38.7815681008,0
              176.0761434827,-38.7816660854,0
              176.0763013942,-38.7819189750,0
              176.0762890469,-38.7822600645,0
              176.0762660458,-38.7827124989,0
              176.0761789617,-38.7840506586,0
              176.0759878995,-38.7860511484,0
              176.0757825757,-38.7862686762,0
              176.0758924643,-38.7864695572,0
              176.0757622220,-38.7875030284,0
              176.0755812067,-38.7884512211,0
              176.0753679909,-38.7893505724,0
              176.0752370213,-38.7899554264,0
              176.0747366465,-38.7918137243,0
              176.0744991471,-38.7926165962,0
              176.0742720937,-38.7932543744,0
              176.0740137364,-38.7940039531,0
              176.0739107299,-38.7943816783,0
              176.0735175042,-38.7954654737,0
              176.0730132577,-38.7964406625,0
              176.0727088449,-38.7972169818,0
              176.0722327246,-38.7982705455,0
              176.0718761106,-38.7989617351,0
              176.0716562325,-38.7993920410,0
              176.0711447141,-38.8001130336,0
              176.0707956002,-38.8004052311,0
              176.0703027650,-38.8006047254,0
              176.0700868770,-38.8007454786,0
              176.0698836993,-38.8010386595,0
              176.0696202684,-38.8014122178,0
              176.0691936201,-38.8019090615,0
              176.0689260436,-38.8021862459,0
              176.0686020952,-38.8024906401,0
              176.0682136971,-38.8028256710,0
              176.0678359585,-38.8031218284,0
              176.0675241483,-38.8033262031,0
              176.0670722297,-38.8036178750,0
              176.0665695561,-38.8039719838,0
              176.0660457994,-38.8043137806,0
              176.0657383306,-38.8044279857,0
              176.0652108467,-38.8046830429,0
              176.0649369087,-38.8048124455,0
              176.0647527122,-38.8048301462,0
              176.0645378757,-38.8049001079,0
              176.0643026481,-38.8049738198,0
              176.0641158604,-38.8050269645,0
              176.0639220747,-38.8050127540,0
              176.0638099864,-38.8049867513,0
              176.0636513869,-38.8050262908,0
              176.0633292543,-38.8050862015,0
              176.0629649633,-38.8051214900,0
              176.0624992500,-38.8050918996,0
              176.0622021382,-38.8050643170,0
              176.0618691779,-38.8050634033,0
              176.0614412405,-38.8050521139,0
              176.0612363763,-38.8050671350,0
              176.0608278870,-38.8051260872,0
              176.0606053628,-38.8051126256,0
              176.0603576556,-38.8050869591,0
              176.0601745573,-38.8051303523,0
              176.0600055636,-38.8052151839,0
              176.0596045632,-38.8054289225,0
              176.0593473699,-38.8055410339,0
              176.0587430871,-38.8057731410,0
              176.0586126346,-38.8057798068,0
              176.0582604453,-38.8057978017,0
              176.0576747668,-38.8057470614,0
              176.0571085035,-38.8056117036,0
              176.0565621694,-38.8054037304,0
              176.0561429063,-38.8052945571,0
              176.0555576483,-38.8051087446,0
              176.0534747160,-38.8044812710,0
              176.0528853351,-38.8042330950,0
              176.0525405296,-38.8041702264,0
              176.0522200386,-38.8041130245,0
              176.0516894711,-38.8040549057,0
              176.0510516498,-38.8039489677,0
              176.0503783897,-38.8037775395,0
              176.0500781797,-38.8037802758,0
              176.0495336343,-38.8038711330,0
              176.0491858125,-38.8038291311,0
              176.0482688666,-38.8036078599,0
              176.0478417011,-38.8035423819,0
              176.0471912850,-38.8036002324,0
              176.0465767337,-38.8035805108,0
              176.0458126200,-38.8034216450,0
              176.0450613253,-38.8033281904,0
              176.0448280806,-38.8032991756,0
              176.0443778760,-38.8033058084,0
              176.0439517673,-38.8035955783,0
              176.0438217979,-38.8037392251,0
              176.0435841880,-38.8041387935,0
              176.0434557048,-38.8044946456,0
              176.0433504300,-38.8048432747,0
              176.0433126532,-38.8049683788,0
              176.0431591608,-38.8056569510,0
              176.0429334903,-38.8063371865,0
              176.0427289107,-38.8067461092,0
              176.0424908512,-38.8071354692,0
              176.0422363471,-38.8073376766,0
              176.0420021649,-38.8074402136,0
              176.0415578278,-38.8078669918,0
              176.0414153278,-38.8082258691,0
              176.0412140260,-38.8085854818,0
              176.0410124059,-38.8087062890,0
              176.0408376581,-38.8089958768,0
              176.0406861814,-38.8093695978,0
              176.0404678214,-38.8097912818,0
              176.0403438417,-38.8099585073,0
              176.0402832079,-38.8105433439,0
              176.0402815191,-38.8114293076,0
              176.0401831314,-38.8128719481,0
              176.0400341649,-38.8141782478,0
              176.0398754303,-38.8150760037,0
              176.0394637593,-38.8166603613,0
              176.0392310261,-38.8175194318,0
              176.0390650748,-38.8182478945,0
              176.0386746007,-38.8194598846,0
              176.0384650704,-38.8200974370,0
              176.0383691652,-38.8204076244,0
              176.0381207672,-38.8209482782,0
              176.0379481962,-38.8213536947,0
              176.0377233231,-38.8217567588,0
              176.0373913160,-38.8222071585,0
              176.0370820701,-38.8225233234,0
              176.0367848349,-38.8227872027,0
              176.0365164791,-38.8233955708,0
              176.0363571689,-38.8237783664,0
              176.0360798343,-38.8242378762,0
              176.0359385407,-38.8245985236,0
              176.0355277203,-38.8255362352,0
              176.0352375064,-38.8260425143,0
              176.0345590799,-38.8269224615,0
              176.0343042722,-38.8274302800,0
              176.0340435258,-38.8279132003,0
              176.0338262671,-38.8283155754,0
              176.0337536392,-38.8284500841,0
              176.0335078040,-38.8289502741,0
              176.0333946026,-38.8291805954,0
              176.0330836920,-38.8297919709,0
              176.0322393826,-38.8312881128,0
              176.0314651383,-38.8326628412,0
              176.0309998927,-38.8334067886,0
              176.0307679247,-38.8338243895,0
              176.0307012762,-38.8339443728,0
              176.0296447739,-38.8354879511,0
              176.0290590551,-38.8361183801,0
              176.0284129553,-38.8370298786,0
              176.0281859687,-38.8372639602,0
              176.0278952221,-38.8375341249,0
              176.0274166296,-38.8378616854,0
              176.0270509501,-38.8382125783,0
              176.0267637708,-38.8382944941,0
              176.0264095180,-38.8383955403,0
              176.0261109779,-38.8386940447,0
              176.0259174461,-38.8389335418,0
              176.0252854850,-38.8399609800,0
              176.0248286400,-38.8405096449,0
              176.0245033036,-38.8409788460,0
              176.0240644495,-38.8414208043,0
              176.0237618183,-38.8416396171,0
              176.0232924596,-38.8421569449,0
              176.0230072279,-38.8425851666,0
              176.0227319451,-38.8432395776,0
              176.0222623950,-38.8441903346,0
              176.0208641084,-38.8466541345,0
              176.0202254143,-38.8478467392,0
              176.0197279427,-38.8484746813,0
              176.0193869003,-38.8488495662,0
              176.0191392558,-38.8490937300,0
              176.0186219713,-38.8492800259,0
              176.0180915239,-38.8493729980,0
              176.0172753904,-38.8496822926,0
              176.0168753075,-38.8498079124,0
              176.0165264886,-38.8498385438,0
              176.0163183643,-38.8500413590,0
              176.0159798293,-38.8502689747,0
              176.0153901088,-38.8505297718,0
              176.0148165018,-38.8508488697,0
              176.0144975142,-38.8510546233,0
              176.0143031350,-38.8511397173,0
              176.0141249340,-38.8511229672,0
              176.0138380752,-38.8511196996,0
              176.0136948086,-38.8512835455,0
              176.0133936701,-38.8517504079,0
              176.0130578196,-38.8520420048,0
              176.0128031878,-38.8521553427,0
              176.0124781111,-38.8522171172,0
              176.0123720875,-38.8524547354,0
              176.0124390898,-38.8525864601,0
              176.0122903479,-38.8527824751,0
              176.0119975637,-38.8528007089,0
              176.0118572821,-38.8528737262,0
              176.0117503551,-38.8530900141,0
              176.0115867774,-38.8535281878,0
              176.0112603614,-38.8539726065,0
              176.0109300041,-38.8543236982,0
              176.0105779333,-38.8547895390,0
              176.0102007821,-38.8549757431,0
              176.0096048822,-38.8550118752,0
              176.0092905376,-38.8551134089,0
              176.0089920779,-38.8552768179,0
              176.0088931112,-38.8555058692,0
              176.0088469315,-38.8556127479,0
              176.0087500203,-38.8558332444,0
              176.0087176789,-38.8569552094,0
              176.0086725017,-38.8571432299,0
              176.0084230022,-38.8575233728,0
              176.0082870320,-38.8580770632,0
              176.0081793328,-38.8586715476,0
              176.0081347402,-38.8595031646,0
              176.0081676807,-38.8599694535,0
              176.0080220537,-38.8611627979,0
              176.0079999354,-38.8613440480,0
              176.0078102729,-38.8641337315,0
              176.0077822742,-38.8642821830,0
              176.0076824501,-38.8649841345,0
              176.0076512377,-38.8653478673,0
              176.0076292581,-38.8654378697,0
              176.0074154384,-38.8665058414,0
              176.0072484293,-38.8672074691,0
              176.0072408105,-38.8672394813,0
              176.0070178575,-38.8678788143,0
              176.0067251826,-38.8687843881,0
              176.0064936488,-38.8693423891,0
              176.0063885745,-38.8695389554,0
              176.0061738655,-38.8697678856,0
              176.0057925337,-38.8701340405,0
              176.0054760658,-38.8703582062,0
              176.0053010211,-38.8703516367,0
              176.0052755142,-38.8702507489,0
              176.0051439450,-38.8702670618,0
              176.0051201709,-38.8703193699,0
              176.0049313837,-38.8704350081,0
              176.0048536592,-38.8704960901,0
              176.0048122809,-38.8706403216,0
              176.0046159423,-38.8709767071,0
              176.0044265958,-38.8713458254,0
              176.0041453575,-38.8719323446,0
              176.0039546539,-38.8722027568,0
              176.0037282033,-38.8725574690,0
              176.0033890067,-38.8729677455,0
              176.0031156575,-38.8732753913,0
              176.0025781649,-38.8738228109,0
              176.0021030516,-38.8741616056,0
              176.0019424494,-38.8742776275,0
              176.0016096312,-38.8744397864,0
              176.0012299389,-38.8746887247,0
              176.0011546251,-38.8747013853,0
              176.0009679346,-38.8747327661,0
              176.0007014479,-38.8749371014,0
              176.0004130260,-38.8750871432,0
              176.0000492463,-38.8751611742,0
              175.9992742226,-38.8754371929,0
              175.9985664323,-38.8755390392,0
              175.9983324548,-38.8755921687,0
              175.9979752512,-38.8756732774,0
              175.9973569079,-38.8758468207,0
              175.9968889353,-38.8759746702,0
              175.9964078911,-38.8761832915,0
              175.9961112539,-38.8762745632,0
              175.9956123336,-38.8763517236,0
              175.9950673734,-38.8764107586,0
              175.9947525158,-38.8763663861,0
              175.9944591803,-38.8763362801,0
              175.9941785071,-38.8763177429,0
              175.9939171153,-38.8763662780,0
              175.9937955834,-38.8763146988,0
              175.9935016311,-38.8762739793,0
              175.9931721485,-38.8762132185,0
              175.9931034032,-38.8762005417,0
              175.9927220924,-38.8760397966,0
              175.9922664384,-38.8759710461,0
              175.9918772377,-38.8755241448,0
              175.9917795683,-38.8754526473,0
              175.9916508259,-38.8753635754,0
              175.9913490972,-38.8752389974,0
              175.9909977655,-38.8752752959,0
              175.9907261850,-38.8754603486,0
              175.9903507465,-38.8757338040,0
              175.9898333586,-38.8762491485,0
              175.9894936281,-38.8765544390,0
              175.9891700410,-38.8768172803,0
              175.9888954256,-38.8770368297,0
              175.9886238430,-38.8771862410,0
              175.9882581279,-38.8773707579,0
              175.9881010765,-38.8774728639,0
              175.9878624682,-38.8775537044,0
              175.9877450943,-38.8776758117,0
              175.9876220484,-38.8776626149,0
              175.9874861801,-38.8777711839,0
              175.9872633267,-38.8778002428,0
              175.9870228180,-38.8778405631,0
              175.9864741612,-38.8779325407,0
              175.9862539893,-38.8780969783,0
              175.9858947740,-38.8782229382,0
              175.9854732290,-38.8782874375,0
              175.9851291489,-38.8781327689,0
              175.9849147573,-38.8781499304,0
              175.9846645095,-38.8780956138,0
              175.9844340118,-38.8782276179,0
              175.9840153657,-38.8781472472,0
              175.9834852346,-38.8779015840,0
              175.9831401695,-38.8778660353,0
              175.9830990290,-38.8778110399,0
              175.9826663712,-38.8777353027,0
              175.9824359919,-38.8777963157,0
              175.9822094180,-38.8779437888,0
              175.9820271051,-38.8780224867,0
              175.9815297678,-38.8784448393,0
              175.9811366656,-38.8786372780,0
              175.9809126920,-38.8787543419,0
              175.9806714752,-38.8788445768,0
              175.9801904659,-38.8789876423,0
              175.9795980910,-38.8791825918,0
              175.9791806772,-38.8793096292,0
              175.9789187729,-38.8793704169,0
              175.9787190053,-38.8793801874,0
              175.9785620326,-38.8794846139,0
              175.9781226035,-38.8796219392,0
              175.9779281224,-38.8796152267,0
              175.9778170492,-38.8796741089,0
              175.9776429108,-38.8797252601,0
              175.9774768127,-38.8796827921,0
              175.9773810513,-38.8797506254,0
              175.9773070224,-38.8797665261,0
              175.9772339329,-38.8797333617,0
              175.9769612065,-38.8797846915,0
              175.9763065576,-38.8798481000,0
              175.9755562065,-38.8799092744,0
              175.9749759110,-38.8799858980,0
              175.9745161492,-38.8800232001,0
              175.9742985255,-38.8800985980,0
              175.9739998472,-38.8801101089,0
              175.9738724058,-38.8800432073,0
              175.9736418325,-38.8800140087,0
              175.9733642128,-38.8800522621,0
              175.9729730105,-38.8801167928,0
              175.9728033423,-38.8801133214,0
              175.9725382198,-38.8801892092,0
              175.9724045894,-38.8802274584,0
              175.9723549676,-38.8802416621,0
              175.9719044822,-38.8803193913,0
              175.9716149512,-38.8803111767,0
              175.9713077191,-38.8802371586,0
              175.9710794176,-38.8802624588,0
              175.9708709246,-38.8804041724,0
              175.9706611340,-38.8805147395,0
              175.9706001867,-38.8807124847,0
              175.9707578623,-38.8809214885,0
              175.9706782969,-38.8811404075,0
              175.9706041833,-38.8813443221,0
              175.9704234478,-38.8817555949,0
              175.9697671865,-38.8824308121,0
              175.9694604671,-38.8826568166,0
              175.9691408016,-38.8827722496,0
              175.9687580872,-38.8827722345,0
              175.9685078764,-38.8829739231,0
              175.9684533257,-38.8830447556,0
              175.9681588942,-38.8831678988,0
              175.9678690875,-38.8832012828,0
              175.9678012092,-38.8830697003,0
              175.9676057882,-38.8827722864,0
              175.9673926033,-38.8826476500,0
              175.9671605591,-38.8825358621,0
              175.9670324524,-38.8823901911,0
              175.9669388678,-38.8823405478,0
              175.9668013307,-38.8823342904,0
              175.9666677141,-38.8824222262,0
              175.9665180503,-38.8826243701,0
              175.9663975398,-38.8826274342,0
              175.9662510841,-38.8828067360,0
              175.9660344927,-38.8832999593,0
              175.9660063183,-38.8836225692,0
              175.9658103907,-38.8840941525,0
              175.9656965684,-38.8843358796,0
              175.9652905720,-38.8847012231,0
              175.9649146221,-38.8849947966,0
              175.9645120403,-38.8852438613,0
              175.9642041679,-38.8853872378,0
              175.9639288494,-38.8855037174,0
              175.9638957568,-38.8855177184,0
              175.9631993789,-38.8858517008,0
              175.9623129700,-38.8861840503,0
              175.9614254807,-38.8864906000,0
              175.9598451587,-38.8868985512,0
              175.9595890967,-38.8869511639,0
              175.9589938122,-38.8870025324,0
              175.9584900042,-38.8870023991,0
              175.9579692928,-38.8869930103,0
              175.9572188879,-38.8869216634,0
              175.9567137202,-38.8867892287,0
              175.9562894534,-38.8866160132,0
              175.9559241438,-38.8864703491,0
              175.9556642385,-38.8863768819,0
              175.9556083383,-38.8863234306,0
              175.9553943455,-38.8862417087,0
              175.9551573207,-38.8861024753,0
              175.9548626597,-38.8858678763,0
              175.9547330558,-38.8856195597,0
              175.9546696012,-38.8853943081,0
              175.9546753912,-38.8853565274,0
              175.9547316936,-38.8851120457,0
              175.9549680332,-38.8846858356,0
              175.9550063329,-38.8846167658,0
              175.9549891506,-38.8845438761,0
              175.9549585781,-38.8844141869,0
              175.9548491307,-38.8843066061,0
              175.9548098513,-38.8842679966,0
              175.9546427624,-38.8842722281,0
              175.9544199290,-38.8845931662,0
              175.9543799935,-38.8847250319,0
              175.9542814562,-38.8850503907,0
              175.9540580240,-38.8855943578,0
              175.9538525977,-38.8859619125,0
              175.9536755945,-38.8862192504,0
              175.9534687679,-38.8865705427,0
              175.9532129524,-38.8869269197,0
              175.9530697610,-38.8871631964,0
              175.9528149695,-38.8875329781,0
              175.9522157798,-38.8880326200,0
              175.9514606351,-38.8889245569,0
              175.9510366051,-38.8895029955,0
              175.9509036135,-38.8896587606,0
              175.9506044337,-38.8901031790,0
              175.9502970470,-38.8904684045,0
              175.9495602330,-38.8915089798,0
              175.9493367753,-38.8918487566,0
              175.9492016473,-38.8920542232,0
              175.9489736030,-38.8923532813,0
              175.9487257881,-38.8925407840,0
              175.9486665627,-38.8925855952,0
              175.9482837942,-38.8927840862,0
              175.9481530939,-38.8928518628,0
              175.9480723046,-38.8929807471,0
              175.9479740378,-38.8934077656,0
              175.9478250444,-38.8937321563,0
              175.9474164739,-38.8944475307,0
              175.9471126152,-38.8950410292,0
              175.9468179573,-38.8956845070,0
              175.9464218454,-38.8964644495,0
              175.9461963991,-38.8968051014,0
              175.9459854128,-38.8969971478,0
              175.9458922769,-38.8971250163,0
              175.9456868388,-38.8973366363,0
              175.9454807454,-38.8976211894,0
              175.9453449589,-38.8978448430,0
              175.9451404783,-38.8982821659,0
              175.9450024512,-38.8985701926,0
              175.9448611774,-38.8988301011,0
              175.9447503153,-38.8990340556,0
              175.9443058506,-38.8998542665,0
              175.9442718110,-38.8999097650,0
              175.9432422600,-38.9015883565,0
              175.9428444618,-38.9021563180,0
              175.9422643719,-38.9027483507,0
              175.9414588992,-38.9035302839,0
              175.9412820930,-38.9036522000,0
              175.9409382050,-38.9038893250,0
              175.9402608128,-38.9042578937,0
              175.9390893508,-38.9047256063,0
              175.9382913181,-38.9050018305,0
              175.9364254493,-38.9055260068,0
              175.9358201409,-38.9056635011,0
              175.9351775018,-38.9057087814,0
              175.9346473560,-38.9056813663,0
              175.9341173291,-38.9056568574,0
              175.9332290788,-38.9055278273,0
              175.9327093804,-38.9054826749,0
              175.9326674853,-38.9054604408,0
              175.9317795772,-38.9055206013,0
              175.9313100560,-38.9055178455,0
              175.9307345341,-38.9054740878,0
              175.9301808630,-38.9054181335,0
              175.9299710174,-38.9053884736,0
              175.9297826514,-38.9054281352,0
              175.9296112179,-38.9054266189,0
              175.9294900919,-38.9053801753,0
              175.9289777062,-38.9054221503,0
              175.9287017083,-38.9054145257,0
              175.9285816601,-38.9053942521,0
              175.9285532173,-38.9053367473,0
              175.9284526136,-38.9053363621,0
              175.9281900530,-38.9053837060,0
              175.9279036080,-38.9053938066,0
              175.9277130890,-38.9053811225,0
              175.9274656526,-38.9054339068,0
              175.9269754574,-38.9055626440,0
              175.9266206896,-38.9056326745,0
              175.9259177607,-38.9057521901,0
              175.9253796748,-38.9058035264,0
              175.9248437569,-38.9058169644,0
              175.9244776019,-38.9057912136,0
              175.9242144597,-38.9057337696,0
              175.9240246769,-38.9056482881,0
              175.9239318010,-38.9055454747,0
              175.9238790899,-38.9054981571,0
              175.9238387195,-38.9051115169,0
              175.9238264679,-38.9048532115,0
              175.9238171901,-38.9047685666,0
              175.9236113508,-38.9045641391,0
              175.9234698110,-38.9045647754,0
              175.9231448241,-38.9048261588,0
              175.9229201707,-38.9049861374,0
              175.9221313575,-38.9052740054,0
              175.9218783186,-38.9053554651,0
              175.9216532581,-38.9054279182,0
              175.9209941173,-38.9055968768,0
              175.9199399345,-38.9058125195,0
              175.9192101856,-38.9059710489,0
              175.9186608846,-38.9061231466,0
              175.9182018580,-38.9062502844,0
              175.9170396511,-38.9066168466,0
              175.9162642319,-38.9068678061,0
              175.9149174731,-38.9072510555,0
              175.9142039906,-38.9074081906,0
              175.9129945212,-38.9076118790,0
              175.9116657035,-38.9077764780,0
              175.9103863229,-38.9079161725,0
              175.9098932673,-38.9079521285,0
              175.9093016782,-38.9079642560,0
              175.9083928966,-38.9079527466,0
              175.9072224084,-38.9079582661,0
              175.9070618831,-38.9078991826,0
              175.9067816210,-38.9079561080,0
              175.9061821542,-38.9080025853,0
              175.9059087621,-38.9079985383,0
              175.9051870290,-38.9080136515,0
              175.9046877150,-38.9080091683,0
              175.9043366144,-38.9080129650,0
              175.9035731416,-38.9079924110,0
              175.9031904290,-38.9079969911,0
              175.9029113145,-38.9080219399,0
              175.9024449873,-38.9081422427,0
              175.9019030229,-38.9082819407,0
              175.9015629918,-38.9083908342,0
              175.9015403734,-38.9083675346,0
              175.9013136785,-38.9081340226,0
              175.9013178070,-38.9080915837,0
              175.9013184985,-38.9080844719,0
              175.9013084905,-38.9080486495,0
              175.9012719665,-38.9080335263,0
              175.9012093457,-38.9080248269,0
              175.9010235269,-38.9081116420,0
              175.9007520931,-38.9082178742,0
              175.9004500489,-38.9083082586,0
              175.9001084254,-38.9083460017,0
              175.8997281134,-38.9083530180,0
              175.8987746077,-38.9083035920,0
              175.8984181390,-38.9082831997,0
              175.8982092343,-38.9082859521,0
              175.8980840792,-38.9082768740,0
              175.8978713640,-38.9082626591,0
              175.8972319331,-38.9081883548,0
              175.8970123922,-38.9081596826,0
              175.8968554779,-38.9081367675,0
              175.8965946300,-38.9080896202,0
              175.8962520604,-38.9080274390,0
              175.8956893565,-38.9079219725,0
              175.8951965038,-38.9078464562,0
              175.8949545554,-38.9078037119,0
              175.8945037024,-38.9077637127,0
              175.8943106793,-38.9077733767,0
              175.8931950250,-38.9080326112,0
              175.8928973242,-38.9080765556,0
              175.8927425870,-38.9081072055,0
              175.8925176029,-38.9082517201,0
              175.8918244925,-38.9086223373,0
              175.8914101352,-38.9088666049,0
              175.8911472481,-38.9091534301,0
              175.8909010358,-38.9093130921,0
              175.8906114858,-38.9094811402,0
              175.8902463913,-38.9097095587,0
              175.8901128723,-38.9097250542,0
              175.8899964722,-38.9097011261,0
              175.8897455650,-38.9096683425,0
              175.8896341044,-38.9097661644,0
              175.8895709747,-38.9099017892,0
              175.8894962658,-38.9100596379,0
              175.8892593422,-38.9102946281,0
              175.8890534929,-38.9103728511,0
              175.8889394177,-38.9103293642,0
              175.8888386988,-38.9103074836,0
              175.8887107538,-38.9105373370,0
              175.8886535585,-38.9106655017,0
              175.8885829966,-38.9109256207,0
              175.8885884731,-38.9111375457,0
              175.8884593418,-38.9113381775,0
              175.8884341554,-38.9114094880,0
              175.8884203946,-38.9115317024,0
              175.8883811193,-38.9118021078,0
              175.8883667423,-38.9119010896,0
              175.8883914234,-38.9119711644,0
              175.8885805431,-38.9120956678,0
              175.8885822836,-38.9121974685,0
              175.8885666767,-38.9123314187,0
              175.8885908192,-38.9124078762,0
              175.8886167971,-38.9124647684,0
              175.8888128890,-38.9125657355,0
              175.8889851064,-38.9126292799,0
              175.8891486928,-38.9126745449,0
              175.8892172015,-38.9127472332,0
              175.8893702943,-38.9127766234,0
              175.8894176797,-38.9128157049,0
              175.8894553770,-38.9128980445,0
              175.8894621631,-38.9130743349,0
              175.8894040623,-38.9133774576,0
              175.8895213068,-38.9135328947,0
              175.8895207546,-38.9137295859,0
              175.8894832284,-38.9139088587,0
              175.8894009152,-38.9140359036,0
              175.8893377511,-38.9141091387,0
              175.8893656237,-38.9141651180,0
              175.8893248846,-38.9143178026,0
              175.8892643554,-38.9144559754,0
              175.8891700638,-38.9146033188,0
              175.8889935294,-38.9147743666,0
              175.8888303904,-38.9149600833,0
              175.8886496294,-38.9151519724,0
              175.8885078421,-38.9153614015,0
              175.8881032453,-38.9157818630,0
              175.8880072859,-38.9158478778,0
              175.8879110859,-38.9159419392,0
              175.8878265310,-38.9160246140,0
              175.8876216960,-38.9162254380,0
              175.8875258624,-38.9162101922,0
              175.8870858216,-38.9167280831,0
              175.8867879217,-38.9170691160,0
              175.8862647390,-38.9174629058,0
              175.8859769655,-38.9176112662,0
              175.8856325232,-38.9177156295,0
              175.8853053294,-38.9178473075,0
              175.8849466460,-38.9178425277,0
              175.8848344426,-38.9178913506,0
              175.8847812924,-38.9179813313,0
              175.8848050337,-38.9180891970,0
              175.8850047767,-38.9182381073,0
              175.8849363141,-38.9183810409,0
              175.8849594425,-38.9185660590,0
              175.8849135169,-38.9187934861,0
              175.8849529203,-38.9189241375,0
              175.8848928492,-38.9189581431,0
              175.8847040589,-38.9189953321,0
              175.8846092111,-38.9190509113,0
              175.8844451578,-38.9191612362,0
              175.8844086128,-38.9193355786,0
              175.8844555378,-38.9193684869,0
              175.8845382716,-38.9193556004,0
              175.8846610375,-38.9194501244,0
              175.8848401519,-38.9193698151,0
              175.8850615126,-38.9194230605,0
              175.8852938514,-38.9192412894,0
              175.8854393503,-38.9192826329,0
              175.8857138810,-38.9190773461,0
              175.8858178165,-38.9189723833,0
              175.8859375086,-38.9191064957,0
              175.8860070670,-38.9191111505,0
              175.8861423105,-38.9190249228,0
              175.8861944549,-38.9191033267,0
              175.8864251352,-38.9190561780,0
              175.8866046854,-38.9191569308,0
              175.8867826852,-38.9192194685,0
              175.8870291373,-38.9193600066,0
              175.8870890499,-38.9194286547,0
              175.8870311314,-38.9195097822,0
              175.8867917804,-38.9195443953,0
              175.8867338790,-38.9194246935,0
              175.8866575324,-38.9193532645,0
              175.8864637424,-38.9193038679,0
              175.8862700085,-38.9193564782,0
              175.8861805283,-38.9192630594,0
              175.8860295704,-38.9192636061,0
              175.8859030158,-38.9191615412,0
              175.8857749662,-38.9191232684,0
              175.8857788391,-38.9192188055,0
              175.8857092064,-38.9193129737,0
              175.8857584364,-38.9194201392,0
              175.8858445598,-38.9194307599,0
              175.8858946150,-38.9195148075,0
              175.8860510583,-38.9195895859,0
              175.8861207744,-38.9195354283,0
              175.8862256844,-38.9195215965,0
              175.8862092582,-38.9195894167,0
              175.8862088671,-38.9196980368,0
              175.8863208431,-38.9197402078,0
              175.8863485815,-38.9198331516,0
              175.8863523741,-38.9199266870,0
              175.8864971163,-38.9199493217,0
              175.8863112864,-38.9203321839,0
              175.8861723945,-38.9203356206,0
              175.8861183119,-38.9204179321,0
              175.8861963098,-38.9204715349,0
              175.8863001654,-38.9204615606,0
              175.8863160827,-38.9206203584,0
              175.8860683111,-38.9207042345,0
              175.8860864128,-38.9208000421,0
              175.8859947247,-38.9208763533,0
              175.8857183958,-38.9209572325,0
              175.8855221883,-38.9209102564,0
              175.8852351903,-38.9209617811,0
              175.8849942486,-38.9210973160,0
              175.8850644253,-38.9212503990,0
              175.8849958203,-38.9213036916,0
              175.8848664793,-38.9212552948,0
              175.8847651810,-38.9213167670,0
              175.8848360870,-38.9214366320,0
              175.8847389661,-38.9216011915,0
              175.8847982157,-38.9216965951,0
              175.8849104054,-38.9218552968,0
              175.8849947325,-38.9219933352,0
              175.8851726872,-38.9220403294,0
              175.8855060293,-38.9220809020,0
              175.8855475551,-38.9222751486,0
              175.8853611724,-38.9223022908,0
              175.8852792910,-38.9224169744,0
              175.8851841558,-38.9224418593,0
              175.8850298060,-38.9223104872,0
              175.8846536974,-38.9222822367,0
              175.8844009040,-38.9224499646,0
              175.8842726692,-38.9226071020,0
              175.8845221888,-38.9226069264,0
              175.8846275927,-38.9226823418,0
              175.8846309197,-38.9227495797,0
              175.8844920812,-38.9227537725,0
              175.8842530662,-38.9227865038,0
              175.8840126652,-38.9228502158,0
              175.8839208040,-38.9229948444,0
              175.8839580270,-38.9230661344,0
              175.8841335868,-38.9230968676,0
              175.8841806461,-38.9232153667,0
              175.8843163788,-38.9232408944,0
              175.8842538411,-38.9233270304,0
              175.8841329223,-38.9234063567,0
              175.8840656239,-38.9233750097,0
              175.8839767502,-38.9233978388,0
              175.8839357367,-38.9234937577,0
              175.8838412859,-38.9235744924,0
              175.8838270410,-38.9236140448,0
              175.8837701641,-38.9236443349,0
              175.8837129182,-38.9236003608,0
              175.8836696515,-38.9236071710,0
              175.8836663769,-38.9236902271,0
              175.8835294582,-38.9237658222,0
              175.8833804325,-38.9238685373,0
              175.8834576015,-38.9240131132,0
              175.8833736197,-38.9240915265,0
              175.8832102321,-38.9241657125,0
              175.8830530886,-38.9241984806,0
              175.8829885622,-38.9241051706,0
              175.8830283312,-38.9240298530,0
              175.8830073770,-38.9239747905,0
              175.8828940787,-38.9239512636,0
              175.8827691294,-38.9240099322,0
              175.8827138161,-38.9242160705,0
              175.8826759058,-38.9243896001,0
              175.8825854291,-38.9246521878,0
              175.8823757807,-38.9248387371,0
              175.8821406079,-38.9249498596,0
              175.8819250864,-38.9250838980,0
              175.8816237082,-38.9251322982,0
              175.8814230312,-38.9252630437,0
              175.8811547893,-38.9253884001,0
              175.8808235851,-38.9254416674,0
              175.8807045481,-38.9254834679,0
              175.8806293123,-38.9255692733,0
              175.8805075123,-38.9255143458,0
              175.8801226737,-38.9256172548,0
              175.8799357564,-38.9255615697,0
              175.8797134751,-38.9255670577,0
              175.8795412532,-38.9256126917,0
              175.8793179377,-38.9256221838,0
              175.8792245405,-38.9256339128,0
              175.8790580978,-38.9254940339,0
              175.8789816575,-38.9254349843,0
              175.8789533991,-38.9253117361,0
              175.8788451978,-38.9252301612,0
              175.8787878964,-38.9251951806,0
              175.8787205537,-38.9252563367,0
              175.8786370609,-38.9253889529,0
              175.8785163029,-38.9254894372,0
              175.8782974524,-38.9255708581,0
              175.8782799223,-38.9256605317,0
              175.8783746041,-38.9257244497,0
              175.8783700766,-38.9257976942,0
              175.8782265750,-38.9258585077,0
              175.8781058803,-38.9258036450,0
              175.8780495545,-38.9259284662,0
              175.8780060706,-38.9260950066,0
              175.8778854938,-38.9261687605,0
              175.8777648063,-38.9261379569,0
              175.8776192358,-38.9260297675,0
              175.8774724776,-38.9259875256,0
              175.8773504272,-38.9260757928,0
              175.8775235204,-38.9261294329,0
              175.8775000019,-38.9261589673,0
              175.8775242564,-38.9261985845,0
              175.8774554139,-38.9262276289,0
              175.8774678447,-38.9262804064,0
              175.8774319178,-38.9263086387,0
              175.8774543744,-38.9263547346,0
              175.8773991095,-38.9264140072,0
              175.8773338786,-38.9263819928,0
              175.8771864732,-38.9264412103,0
              175.8771211787,-38.9265861604,0
              175.8771217867,-38.9267876105,0
              175.8771839175,-38.9268472044,0
              175.8771813195,-38.9269357419,0
              175.8773051469,-38.9269423388,0
              175.8772971340,-38.9269988377,0
              175.8771706863,-38.9270293029,0
              175.8770771890,-38.9270728464,0
              175.8771373251,-38.9271708230,0
              175.8772009830,-38.9272183710,0
              175.8771693028,-38.9273133746,0
              175.8771509147,-38.9274062044,0
              175.8771542931,-38.9274897683,0
              175.8769289545,-38.9276126236,0
              175.8768261937,-38.9276820170,0
              175.8768276336,-38.9277176394,0
              175.8769642082,-38.9277789009,0
              175.8770296344,-38.9277447905,0
              175.8770799030,-38.9278234555,0
              175.8770940754,-38.9278928631,0
              175.8770735679,-38.9279479070,0
              175.8769787335,-38.9280922983,0
              175.8769133531,-38.9281218138,0
              175.8767939974,-38.9281818327,0
              175.8767225729,-38.9281823259,0
              175.8767128747,-38.9281432468,0
              175.8766781434,-38.9281276150,0
              175.8765046466,-38.9281267578,0
              175.8764739832,-38.9280740272,0
              175.8763072541,-38.9281137967,0
              175.8762383068,-38.9281021247,0
              175.8761906612,-38.9281233574,0
              175.8761448837,-38.9281899028,0
              175.8762567268,-38.9282755030,0
              175.8761845377,-38.9283954009,0
              175.8761400700,-38.9285658722,0
              175.8759194821,-38.9286849714,0
              175.8758470356,-38.9286769972,0
              175.8757078070,-38.9286804300,0
              175.8757845312,-38.9288676114,0
              175.8758120038,-38.9289907140,0
              175.8757835579,-38.9291340477,0
              175.8756145354,-38.9293379971,0
              175.8754574707,-38.9293961497,0
              175.8753576184,-38.9293963834,0
              175.8752129068,-38.9294868665,0
              175.8750941472,-38.9296547119,0
              175.8751841505,-38.9299756447,0
              175.8750394159,-38.9300909445,0
              175.8748295484,-38.9302015414,0
              175.8745384423,-38.9303095040,0
              175.8741965593,-38.9303858683,0
              175.8740713154,-38.9303595363,0
              175.8739553789,-38.9302916350,0
              175.8739073572,-38.9302793912,0
              175.8736752738,-38.9302805391,0
              175.8734383268,-38.9302305069,0
              175.8731438343,-38.9301778414,0
              175.8728358024,-38.9301409735,0
              175.8726022373,-38.9301936354,0
              175.8724600658,-38.9302541974,0
              175.8725105316,-38.9303889112,0
              175.8724209002,-38.9305305473,0
              175.8722400332,-38.9305043499,0
              175.8721858704,-38.9305965112,0
              175.8721994069,-38.9307044740,0
              175.8722411402,-38.9307869558,0
              175.8723350701,-38.9309684149,0
              175.8724118585,-38.9311930513,0
              175.8725551346,-38.9314372404,0
              175.8726444076,-38.9314519058,0
              175.8727543535,-38.9314532853,0
              175.8728368686,-38.9314543206,0
              175.8728864776,-38.9314352121,0
              175.8730710428,-38.9313555411,0
              175.8734915575,-38.9309332392,0
              175.8736744502,-38.9308465616,0
              175.8739169494,-38.9307316339,0
              175.8740633280,-38.9307074225,0
              175.8743449620,-38.9306608407,0
              175.8745271113,-38.9306563095,0
              175.8749811087,-38.9313031729,0
              175.8748866437,-38.9314685031,0
              175.8748261981,-38.9316173487,0
              175.8744211102,-38.9318852059,0
              175.8733211019,-38.9321986490,0
              175.8730485447,-38.9318056843,0
              175.8730127979,-38.9317539844,0
              175.8729408429,-38.9317542261,0
              175.8728774696,-38.9317775557,0
              175.8731138218,-38.9322005750,0
              175.8728787939,-38.9322882457,0
              175.8725385260,-38.9323033247,0
              175.8724323843,-38.9323293812,0
              175.8721441927,-38.9323599215,0
              175.8713856080,-38.9323685522,0
              175.8712141866,-38.9323752524,0
              175.8711414274,-38.9323096448,0
              175.8709151999,-38.9322499212,0
              175.8708537493,-38.9322640708,0
              175.8707156799,-38.9322506194,0
              175.8706173412,-38.9322193405,0
              175.8703141166,-38.9322562896,0
              175.8702114483,-38.9321176999,0
              175.8700164681,-38.9320972239,0
              175.8698000645,-38.9322141772,0
              175.8696616773,-38.9322597067,0
              175.8692917424,-38.9323205279,0
              175.8685945918,-38.9324759894,0
              175.8685107049,-38.9323474238,0
              175.8681677983,-38.9323827505,0
              175.8677720365,-38.9323271670,0
              175.8673556564,-38.9321260917,0
              175.8669179548,-38.9320062215,0
              175.8665011150,-38.9317936273,0
              175.8662922145,-38.9316143427,0
              175.8660821121,-38.9315272969,0
              175.8657978359,-38.9314305470,0
              175.8654970852,-38.9311689919,0
              175.8649786040,-38.9309973110,0
              175.8648389699,-38.9308278485,0
              175.8642177315,-38.9305472673,0
              175.8638661196,-38.9303302256,0
              175.8637095729,-38.9302413667,0
              175.8636710967,-38.9301372484,0
              175.8635479069,-38.9300908320,0
              175.8635095127,-38.9299887711,0
              175.8633631904,-38.9299573423,0
              175.8631700878,-38.9298776207,0
              175.8629634520,-38.9296581461,0
              175.8627225937,-38.9295713553,0
              175.8626902166,-38.9294876880,0
              175.8627905586,-38.9293595621,0
              175.8627414619,-38.9292536438,0
              175.8626519465,-38.9291919790,0
              175.8626038101,-38.9289691991,0
              175.8625100402,-38.9288640906,0
              175.8625158925,-38.9286915906,0
              175.8626339646,-38.9285263295,0
              175.8627621223,-38.9283733090,0
              175.8627337526,-38.9283040642,0
              175.8628731649,-38.9280333656,0
              175.8629173904,-38.9280197908,0
              175.8629548055,-38.9279164582,0
              175.8628968167,-38.9278672099,0
              175.8629936946,-38.9277732205,0
              175.8630038023,-38.9276823573,0
              175.8631439860,-38.9275990526,0
              175.8632774624,-38.9274467993,0
              175.8632825879,-38.9274147192,0
              175.8632900281,-38.9273681623,0
              175.8632578474,-38.9273013751,0
              175.8634692303,-38.9271511947,0
              175.8636668416,-38.9268923305,0
              175.8637458533,-38.9267166902,0
              175.8639804599,-38.9264706200,0
              175.8640858081,-38.9262552261,0
              175.8640872758,-38.9261822445,0
              175.8640439688,-38.9260476527,0
              175.8639309678,-38.9259073730,0
              175.8638755213,-38.9257064850,0
              175.8637877745,-38.9256445118,0
              175.8637813479,-38.9255632762,0
              175.8637193145,-38.9254340774,0
              175.8638681471,-38.9253662957,0
              175.8640034524,-38.9251977209,0
              175.8640394019,-38.9250710489,0
              175.8640356159,-38.9248984900,0
              175.8640604362,-38.9248090888,0
              175.8641485410,-38.9247230662,0
              175.8641463749,-38.9246159879,0
              175.8641188988,-38.9245384439,0
              175.8641267544,-38.9243846606,0
              175.8644759915,-38.9241054717,0
              175.8645297329,-38.9239286199,0
              175.8646565663,-38.9238231105,0
              175.8647920473,-38.9238161264,0
              175.8648563461,-38.9237852920,0
              175.8648664057,-38.9236863081,0
              175.8647621646,-38.9235389346,0
              175.8648385825,-38.9234602617,0
              175.8650373306,-38.9233968698,0
              175.8650137715,-38.9232767700,0
              175.8651711345,-38.9231156566,0
              175.8651249266,-38.9230143980,0
              175.8653726176,-38.9228876353,0
              175.8654285620,-38.9227655825,0
              175.8655211843,-38.9226243439,0
              175.8656880461,-38.9224666533,0
              175.8657246650,-38.9222134254,0
              175.8659078780,-38.9219968224,0
              175.8659179069,-38.9217808175,0
              175.8660153507,-38.9216431177,0
              175.8661302936,-38.9213587101,0
              175.8662598238,-38.9209715494,0
              175.8664936771,-38.9205013738,0
              175.8664694972,-38.9202496398,0
              175.8663848155,-38.9200067070,0
              175.8661092500,-38.9196733834,0
              175.8660674255,-38.9195647038,0
              175.8659447762,-38.9194250972,0
              175.8656392727,-38.9191619896,0
              175.8652984186,-38.9189509473,0
              175.8649553896,-38.9188021246,0
              175.8647769482,-38.9187882232,0
              175.8643605161,-38.9186652466,0
              175.8638083182,-38.9186913319,0
              175.8636100627,-38.9186794962,0
              175.8633902102,-38.9187287395,0
              175.8632209902,-38.9187078381,0
              175.8629973763,-38.9187300304,0
              175.8626783941,-38.9187733539,0
              175.8624883872,-38.9187007629,0
              175.8622932204,-38.9186992880,0
              175.8618456562,-38.9187353245,0
              175.8615971992,-38.9188708724,0
              175.8614086306,-38.9189005534,0
              175.8611799268,-38.9189291311,0
              175.8609620703,-38.9189616171,0
              175.8607917004,-38.9190451377,0
              175.8605146000,-38.9190665487,0
              175.8602057802,-38.9190302750,0
              175.8600257954,-38.9190075446,0
              175.8596624025,-38.9189433756,0
              175.8595126272,-38.9189407832,0
              175.8592346039,-38.9189392469,0
              175.8591259575,-38.9188959753,0
              175.8589412197,-38.9188879751,0
              175.8587239386,-38.9188682450,0
              175.8584694444,-38.9188536022,0
              175.8582410637,-38.9188237035,0
              175.8580329553,-38.9187661641,0
              175.8578536427,-38.9187601176,0
              175.8575953358,-38.9187785557,0
              175.8572523523,-38.9189535294,0
              175.8571847964,-38.9190746133,0
              175.8570913616,-38.9191523305,0
              175.8568784732,-38.9191606879,0
              175.8566933531,-38.9192595072,0
              175.8565418851,-38.9192946448,0
              175.8563385461,-38.9193404812,0
              175.8561118606,-38.9195063181,0
              175.8560839895,-38.9196138584,0
              175.8560450580,-38.9196462399,0
              175.8560213325,-38.9197568219,0
              175.8558166063,-38.9197681199,0
              175.8557016874,-38.9198117905,0
              175.8555410576,-38.9199194374,0
              175.8553848123,-38.9199358335,0
              175.8553610868,-38.9200464145,0
              175.8551932981,-38.9201762364,0
              175.8551449525,-38.9202748487,0
              175.8549411169,-38.9204086949,0
              175.8548341088,-38.9204490287,0
              175.8547077702,-38.9206092637,0
              175.8546192306,-38.9207088595,0
              175.8546016523,-38.9207721470,0
              175.8544640008,-38.9208509443,0
              175.8544780826,-38.9210014571,0
              175.8544520983,-38.9211560937,0
              175.8543184645,-38.9212347924,0
              175.8543930880,-38.9213901104,0
              175.8543907152,-38.9215315969,0
              175.8544621903,-38.9216084199,0
              175.8544609405,-38.9216775935,0
              175.8544114597,-38.9217479474,0
              175.8543011860,-38.9218072176,0
              175.8542838692,-38.9219773557,0
              175.8542793559,-38.9220654670,0
              175.8541689646,-38.9222221689,0
              175.8542638106,-38.9223801335,0
              175.8542944732,-38.9225428128,0
              175.8543731609,-38.9226159286,0
              175.8543828711,-38.9226926179,0
              175.8542675178,-38.9228445196,0
              175.8542859427,-38.9229434545,0
              175.8542583357,-38.9231203147,0
              175.8542736984,-38.9232870882,0
              175.8542095198,-38.9233451277,0
              175.8541839948,-38.9235738879,0
              175.8543158760,-38.9239005164,0
              175.8543378698,-38.9240941576,0
              175.8544360188,-38.9243063391,0
              175.8543574936,-38.9244392692,0
              175.8542278532,-38.9243791958,0
              175.8541912050,-38.9244026811,0
              175.8541903133,-38.9245246762,0
              175.8542891793,-38.9246826297,0
              175.8543189926,-38.9249213296,0
              175.8542649346,-38.9250875432,0
              175.8541929998,-38.9252406410,0
              175.8540794561,-38.9260058863,0
              175.8540516280,-38.9261860077,0
              175.8539985498,-38.9262324816,0
              175.8539338396,-38.9264215433,0
              175.8540059972,-38.9267066410,0
              175.8540669426,-38.9267842073,0
              175.8540806761,-38.9269103616,0
              175.8539993352,-38.9269010581,0
              175.8538491349,-38.9271215758,0
              175.8538958159,-38.9272040074,0
              175.8538539366,-38.9273134539,0
              175.8537464946,-38.9273925365,0
              175.8536439379,-38.9276204703,0
              175.8536481689,-38.9276951828,0
              175.8536564769,-38.9278689497,0
              175.8537193502,-38.9280210985,0
              175.8539255151,-38.9280406735,0
              175.8539926058,-38.9279559771,0
              175.8540852802,-38.9279495905,0
              175.8541146264,-38.9280493788,0
              175.8542829579,-38.9280840052,0
              175.8543628177,-38.9282098792,0
              175.8542708710,-38.9283655226,0
              175.8542702973,-38.9284677988,0
              175.8543342415,-38.9285465835,0
              175.8544302990,-38.9286099730,0
              175.8543952826,-38.9287861370,0
              175.8544258218,-38.9290812213,0
              175.8546919336,-38.9290710564,0
              175.8547777714,-38.9291127821,0
              175.8548714997,-38.9292346639,0
              175.8548696234,-38.9294209737,0
              175.8550284445,-38.9294170863,0
              175.8550772055,-38.9294670239,0
              175.8551308727,-38.9295899420,0
              175.8552516161,-38.9296709484,0
              175.8552728693,-38.9298891211,0
              175.8551664267,-38.9299776410,0
              175.8552587314,-38.9301455479,0
              175.8552001077,-38.9303226107,0
              175.8551822955,-38.9306567587,0
              175.8554299291,-38.9307329884,0
              175.8554039803,-38.9308364867,0
              175.8554737633,-38.9308876798,0
              175.8556256557,-38.9309221678,0
              175.8556781758,-38.9310119899,0
              175.8555206507,-38.9310246637,0
              175.8555866868,-38.9311699952,0
              175.8557080361,-38.9311934749,0
              175.8558304460,-38.9312433792,0
              175.8558850756,-38.9312920042,0
              175.8558054643,-38.9315584603,0
              175.8556194652,-38.9321743187,0
              175.8554639857,-38.9326130920,0
              175.8551781365,-38.9333474231,0
              175.8548960270,-38.9340750817,0
              175.8546916328,-38.9345229568,0
              175.8544337867,-38.9350242419,0
              175.8542004007,-38.9354424326,0
              175.8539736099,-38.9358209386,0
              175.8535329270,-38.9365564110,0
              175.8532443802,-38.9368968559,0
              175.8527573225,-38.9374373844,0
              175.8520613392,-38.9381641757,0
              175.8516509316,-38.9385375725,0
              175.8513313947,-38.9387460991,0
              175.8510208473,-38.9389578655,0
              175.8508930263,-38.9389748324,0
              175.8504965681,-38.9391437095,0
              175.8501718940,-38.9391135772,0
              175.8498367149,-38.9392636526,0
              175.8494102293,-38.9393467446,0
              175.8490477907,-38.9393694412,0
              175.8487719479,-38.9393415734,0
              175.8486490161,-38.9392547904,0
              175.8485763388,-38.9391861748,0
              175.8485195270,-38.9391256662,0
              175.8484908547,-38.9391081627,0
              175.8484287562,-38.9391096794,0
              175.8483867430,-38.9391082775,0
              175.8483747591,-38.9390806573,0
              175.8483576813,-38.9390422379,0
              175.8482974264,-38.9390509915,0
              175.8482784587,-38.9390817955,0
              175.8482364444,-38.9390803936,0
              175.8482087905,-38.9390495146,0
              175.8481684753,-38.9390517126,0
              175.8481138979,-38.9390858142,0
              175.8480494228,-38.9391055924,0
              175.8480425339,-38.9391276067,0
              175.8480675684,-38.9391706859,0
              175.8481453380,-38.9392112638,0
              175.8482762300,-38.9392202035,0
              175.8483725791,-38.9392202775,0
              175.8484494751,-38.9392390322,0
              175.8484747042,-38.9392869606,0
              175.8484184463,-38.9393710534,0
              175.8483905568,-38.9394276683,0
              175.8485435466,-38.9395770135,0
              175.8484421307,-38.9397643443,0
              175.8482792091,-38.9398110704,0
              175.8482043670,-38.9397389569,0
              175.8479719257,-38.9397978704,0
              175.8477870135,-38.9399088604,0
              175.8475821186,-38.9398990756,0
              175.8474780752,-38.9399489379,0
              175.8474982935,-38.9399809779,0
              175.8477034253,-38.9399966733,0
              175.8477698091,-38.9400542341,0
              175.8478282247,-38.9401942162,0
              175.8478258720,-38.9403238983,0
              175.8481655167,-38.9405159334,0
              175.8485555735,-38.9408363608,0
              175.8488176560,-38.9410101169,0
              175.8489009635,-38.9411421291,0
              175.8489029211,-38.9413858051,0
              175.8489918292,-38.9414628439,0
              175.8488563008,-38.9420724165,0
              175.8485225049,-38.9429914874,0
              175.8481403492,-38.9438721316,0
              175.8479958591,-38.9441677869,0
              175.8477365043,-38.9446984677,0
              175.8472333878,-38.9455790166,0
              175.8466419577,-38.9464952310,0
              175.8461378408,-38.9471564491,0
              175.8459763588,-38.9473245930,0
              175.8457878517,-38.9475473642,0
              175.8455995328,-38.9477419979,0
              175.8450047380,-38.9482586035,0
              175.8445803432,-38.9485465878,0
              175.8443116970,-38.9487320182,0
              175.8440705583,-38.9488709119,0
              175.8435527022,-38.9491403905,0
              175.8427463541,-38.9495215398,0
              175.8425177646,-38.9495863130,0
              175.8418032758,-38.9497887703,0
              175.8412411100,-38.9499252415,0
              175.8408163855,-38.9500333908,0
              175.8403409645,-38.9501211461,0
              175.8398072769,-38.9502044659,0
              175.8393523166,-38.9502546114,0
              175.8389498400,-38.9502826422,0
              175.8382394439,-38.9502843051,0
              175.8379443245,-38.9503611390,0
              175.8379080712,-38.9504207668,0
              175.8377199109,-38.9504952055,0
              175.8376740767,-38.9505185489,0
              175.8376173827,-38.9505754992,0
              175.8376172507,-38.9506231344,0
              175.8376775427,-38.9506996564,0
              175.8378815574,-38.9507645964,0
              175.8379526790,-38.9507872344,0
              175.8379725170,-38.9508124834,0
              175.8380162745,-38.9508681750,0
              175.8378846921,-38.9508873456,0
              175.8376676646,-38.9508334079,0
              175.8376200730,-38.9508444354,0
              175.8375864474,-38.9508886810,0
              175.8375294696,-38.9508545355,0
              175.8375569427,-38.9507828042,0
              175.8374982685,-38.9507452629,0
              175.8373336230,-38.9505901843,0
              175.8372028885,-38.9505285525,0
              175.8371089486,-38.9505308379,0
              175.8369239733,-38.9505353376,0
              175.8362286865,-38.9506732248,0
              175.8356915532,-38.9508873633,0
              175.8353805011,-38.9509284391,0
              175.8352061951,-38.9510930603,0
              175.8350918182,-38.9511461099,0
              175.8347148160,-38.9512246938,0
              175.8344670781,-38.9512284440,0
              175.8342291685,-38.9512666589,0
              175.8339126866,-38.9513284062,0
              175.8332970793,-38.9514485117,0
              175.8331203856,-38.9514672963,0
              175.8325650498,-38.9515263322,0
              175.8321255905,-38.9515680613,0
              175.8313942110,-38.9516338172,0
              175.8305828940,-38.9516680425,0
              175.8297278535,-38.9516807635,0
              175.8289832835,-38.9516699207,0
              175.8281899066,-38.9516111409,0
              175.8276351632,-38.9515855813,0
              175.8270843205,-38.9515534226,0
              175.8261360170,-38.9514723759,0
              175.8253504448,-38.9514003839,0
              175.8244573774,-38.9513472441,0
              175.8236018404,-38.9514004704,0
              175.8232182772,-38.9513870002,0
              175.8229290156,-38.9514300325,0
              175.8225666768,-38.9514385323,0
              175.8223734401,-38.9514916879,0
              175.8216275268,-38.9515880454,0
              175.8207863744,-38.9516521301,0
              175.8196400602,-38.9516798506,0
              175.8189727830,-38.9516822680,0
              175.8185739957,-38.9516644802,0
              175.8182680609,-38.9516261614,0
              175.8179416277,-38.9516614768,0
              175.8175086537,-38.9516673666,0
              175.8166100263,-38.9515930781,0
              175.8159325585,-38.9514860155,0
              175.8153041703,-38.9515834679,0
              175.8146540755,-38.9515763033,0
              175.8139266847,-38.9515390023,0
              175.8135351926,-38.9515575901,0
              175.8134557286,-38.9514726537,0
              175.8132300498,-38.9513912453,0
              175.8124999517,-38.9512854321,0
              175.8118252016,-38.9512468485,0
              175.8113388634,-38.9510649524,0
              175.8099589378,-38.9509809880,0
              175.8092466789,-38.9510301448,0
              175.8087345327,-38.9511064776,0
              175.8077192514,-38.9514874788,0
              175.8068775149,-38.9516677322,0
              175.8065780736,-38.9517937900,0
              175.8060253380,-38.9518802293,0
              175.8055507950,-38.9520196400,0
              175.8045273778,-38.9521951053,0
              175.8041286828,-38.9523281149,0
              175.8039084133,-38.9523836937,0
              175.8037015433,-38.9525238359,0
              175.8035464188,-38.9526909641,0
              175.8032403277,-38.9528127642,0
              175.8032922121,-38.9530022534,0
              175.8038026891,-38.9531078918,0
              175.8040028363,-38.9530025088,0
              175.8045221810,-38.9528825156,0
              175.8045662145,-38.9529854944,0
              175.8048955176,-38.9530018508,0
              175.8050805842,-38.9530771621,0
              175.8054406005,-38.9529713999,0
              175.8057787045,-38.9528730998,0
              175.8061222785,-38.9529012394,0
              175.8066211874,-38.9529770919,0
              175.8067441637,-38.9529253217,0
              175.8067715689,-38.9527749779,0
              175.8068662997,-38.9527466660,0
              175.8069852982,-38.9525941177,0
              175.8073289897,-38.9524329067,0
              175.8076742199,-38.9523107059,0
              175.8075954452,-38.9524264923,0
              175.8076295946,-38.9525525766,0
              175.8078243747,-38.9525251094,0
              175.8079109801,-38.9526076282,0
              175.8075344397,-38.9528867758,0
              175.8073581817,-38.9530667350,0
              175.8072740306,-38.9532574932,0
              175.8071646987,-38.9533382207,0
              175.8070294868,-38.9533967932,0
              175.8070376707,-38.9531818326,0
              175.8069161615,-38.9531652326,0
              175.8066283871,-38.9533706534,0
              175.8063600738,-38.9534356823,0
              175.8062611067,-38.9533567130,0
              175.8059492356,-38.9533739794,0
              175.8060034177,-38.9532685471,0
              175.8059035532,-38.9531668222,0
              175.8057423354,-38.9531999870,0
              175.8056493982,-38.9532738113,0
              175.8055481938,-38.9532437058,0
              175.8052967209,-38.9533771409,0
              175.8051307066,-38.9534470252,0
              175.8050654523,-38.9535942474,0
              175.8051546796,-38.9537169473,0
              175.8050881949,-38.9538329878,0
              175.8049038832,-38.9538894406,0
              175.8048251810,-38.9540335185,0
              175.8045389497,-38.9540958886,0
              175.8044743691,-38.9540350190,0
              175.8043073318,-38.9541916255,0
              175.8039833444,-38.9540849734,0
              175.8038316598,-38.9540678128,0
              175.8038965060,-38.9539101964,0
              175.8039618996,-38.9537664390,0
              175.8038717839,-38.9535085107,0
              175.8037926634,-38.9534167790,0
              175.8036936079,-38.9532700392,0
              175.8035094995,-38.9532189778,0
              175.8032655275,-38.9533392838,0
              175.8032664167,-38.9534745123,0
              175.8034381050,-38.9536611216,0
              175.8034223717,-38.9538404764,0
              175.8032551245,-38.9539581822,0
              175.8031005707,-38.9539190109,0
              175.8029907561,-38.9538190271,0
              175.8026250658,-38.9538962313,0
              175.8025830384,-38.9540340722,0
              175.8024111071,-38.9541180213,0
              175.8022632478,-38.9541643343,0
              175.8020458155,-38.9542854128,0
              175.8019550587,-38.9541902188,0
              175.8020112238,-38.9541435786,0
              175.8019457858,-38.9541021249,0
              175.8021203907,-38.9540435812,0
              175.8021380427,-38.9539027557,0
              175.8020933775,-38.9537996606,0
              175.8020005700,-38.9537996256,0
              175.8019302733,-38.9538556640,0
              175.8017846884,-38.9539882394,0
              175.8016945992,-38.9539836099,0
              175.8016521631,-38.9539370746,0
              175.8017222367,-38.9538017836,0
              175.8017319992,-38.9536815292,0
              175.8018733058,-38.9537347479,0
              175.8019822491,-38.9537026913,0
              175.8019811350,-38.9536008146,0
              175.8020349816,-38.9534953526,0
              175.8021116075,-38.9534527496,0
              175.8021092451,-38.9533191989,0
              175.8021726318,-38.9533086180,0
              175.8021964792,-38.9532514315,0
              175.8021487381,-38.9531438814,0
              175.8019474347,-38.9530400208,0
              175.8020091273,-38.9529864540,0
              175.8020269576,-38.9528501541,0
              175.8022026737,-38.9528934870,0
              175.8023580638,-38.9528625789,0
              175.8023422403,-38.9529761852,0
              175.8024601998,-38.9532331431,0
              175.8026596807,-38.9531998426,0
              175.8027500232,-38.9532689374,0
              175.8028318931,-38.9534009503,0
              175.8029556787,-38.9533922734,0
              175.8031491549,-38.9532992533,0
              175.8031508934,-38.9532507513,0
              175.8028386218,-38.9530159520,0
              175.8026019644,-38.9528873229,0
              175.8025695149,-38.9527632836,0
              175.8023236920,-38.9526795334,0
              175.8022149914,-38.9525092516,0
              175.8022856507,-38.9524838813,0
              175.8023586388,-38.9524476946,0
              175.8023416512,-38.9523663249,0
              175.8022794653,-38.9523269302,0
              175.8021066026,-38.9523928333,0
              175.8018979340,-38.9523997846,0
              175.8017884103,-38.9524033880,0
              175.8013512474,-38.9523267351,0
              175.8007912690,-38.9520962654,0
              175.8004693353,-38.9521578036,0
              175.8001553302,-38.9520864222,0
              175.8000303574,-38.9520873461,0
              175.7996854076,-38.9519730922,0
              175.7995056943,-38.9520023292,0
              175.7991564108,-38.9519130997,0
              175.7990561708,-38.9519341978,0
              175.7988403608,-38.9519248391,0
              175.7987966761,-38.9519914552,0
              175.7987643142,-38.9522871196,0
              175.7986517634,-38.9525016817,0
              175.7986647188,-38.9526445200,0
              175.7989205647,-38.9528101595,0
              175.7991170146,-38.9529571831,0
              175.7990340011,-38.9529906679,0
              175.7988772228,-38.9529199933,0
              175.7987743698,-38.9530083514,0
              175.7988443598,-38.9531097392,0
              175.7989758557,-38.9530859244,0
              175.7990577251,-38.9531694240,0
              175.7990125985,-38.9533063741,0
              175.7988147719,-38.9534141173,0
              175.7986773762,-38.9535598556,0
              175.7985148712,-38.9537807029,0
              175.7986094206,-38.9539011522,0
              175.7984764654,-38.9540884196,0
              175.7983674974,-38.9541721167,0
              175.7982747111,-38.9541677682,0
              175.7983137998,-38.9540200072,0
              175.7983771696,-38.9539899988,0
              175.7984005954,-38.9539434170,0
              175.7981047300,-38.9537708212,0
              175.7981120919,-38.9536989191,0
              175.7979330377,-38.9536844543,0
              175.7977184284,-38.9536386804,0
              175.7976344898,-38.9536862560,0
              175.7976391253,-38.9538040693,0
              175.7972903564,-38.9537507928,0
              175.7972150892,-38.9534953083,0
              175.7973457834,-38.9532402441,0
              175.7972768953,-38.9530596493,0
              175.7971725465,-38.9530246307,0
              175.7970446740,-38.9529151336,0
              175.7968367143,-38.9528638390,0
              175.7969501457,-38.9527807155,0
              175.7970206361,-38.9526530598,0
              175.7968904937,-38.9525730976,0
              175.7969249485,-38.9524891879,0
              175.7968438405,-38.9523074245,0
              175.7967346987,-38.9520495105,0
              175.7965792256,-38.9519186779,0
              175.7965404081,-38.9517707332,0
              175.7966569519,-38.9517507608,0
              175.7969504968,-38.9518496518,0
              175.7972598206,-38.9519767939,0
              175.7973420823,-38.9520971868,0
              175.7975569732,-38.9521283941,0
              175.7977643824,-38.9519694151,0
              175.7979088374,-38.9519509764,0
              175.7979985977,-38.9520044356,0
              175.7979210840,-38.9520533519,0
              175.7977807935,-38.9521080526,0
              175.7977674003,-38.9521853752,0
              175.7977759382,-38.9523327575,0
              175.7978504961,-38.9524160820,0
              175.7979844450,-38.9524207028,0
              175.7979880379,-38.9525120100,0
              175.7981263552,-38.9525426380,0
              175.7982819460,-38.9525023475,0
              175.7984372847,-38.9523706685,0
              175.7985488350,-38.9521460340,0
              175.7985158451,-38.9519588207,0
              175.7983132090,-38.9517504822,0
              175.7981548254,-38.9516153791,0
              175.7979793340,-38.9515711347,0
              175.7978940064,-38.9515053446,0
              175.7979420789,-38.9514654276,0
              175.7981096851,-38.9515195524,0
              175.7981999768,-38.9515012345,0
              175.7983876147,-38.9515387267,0
              175.7983622694,-38.9514145508,0
              175.7981944678,-38.9513769520,0
              175.7979074702,-38.9512905955,0
              175.7977306637,-38.9512389415,0
              175.7975019321,-38.9511721172,0
              175.7969410800,-38.9510623571,0
              175.7966547392,-38.9509926325,0
              175.7957951700,-38.9507152014,0
              175.7952570131,-38.9505401194,0
              175.7940275460,-38.9501669518,0
              175.7930776343,-38.9498810807,0
              175.7922591820,-38.9495877678,0
              175.7911404489,-38.9491253417,0
              175.7900509364,-38.9486207048,0
              175.7883020786,-38.9476992388,0
              175.7875455289,-38.9472787629,0
              175.7866094216,-38.9466569403,0
              175.7859086152,-38.9462309639,0
              175.7850494808,-38.9457246713,0
              175.7844422904,-38.9453456747,0
              175.7838104784,-38.9448473672,0
              175.7830712361,-38.9441700376,0
              175.7823066046,-38.9434032187,0
              175.7823224621,-38.9433692902,0
              175.7822830118,-38.9432393880,0
              175.7821583769,-38.9431282921,0
              175.7819963564,-38.9428302091,0
              175.7815010997,-38.9424696197,0
              175.7814940552,-38.9423993340,0
              175.7816692419,-38.9423750259,0
              175.7817032818,-38.9422567899,0
              175.7817907286,-38.9424056777,0
              175.7819949777,-38.9425752646,0
              175.7820670244,-38.9425500619,0
              175.7817971724,-38.9422490892,0
              175.7818122768,-38.9421663750,0
              175.7816527519,-38.9419200943,0
              175.7816978470,-38.9417987073,0
              175.7815389213,-38.9415583365,0
              175.7814664225,-38.9413265201,0
              175.7813477231,-38.9411878072,0
              175.7813486563,-38.9410957821,0
              175.7814241199,-38.9409019623,0
              175.7815620744,-38.9407248110,0
              175.7816315778,-38.9406044870,0
              175.7816103934,-38.9402434711,0
              175.7818032435,-38.9401146853,0
              175.7817440597,-38.9396855832,0
              175.7817484718,-38.9394622489,0
              175.7817582780,-38.9394018219,0
              175.7818817469,-38.9393434354,0
              175.7819400930,-38.9391757195,0
              175.7819572011,-38.9390945259,0
              175.7818676992,-38.9389841934,0
              175.7817442001,-38.9389380342,0
              175.7816738339,-38.9389539686,0
              175.7815293439,-38.9389415745,0
              175.7814377707,-38.9388819804,0
              175.7812783994,-38.9390077519,0
              175.7811514340,-38.9390804772,0
              175.7811109995,-38.9391875716,0
              175.7805568425,-38.9390724765,0
              175.7804590090,-38.9388007704,0
              175.7803769321,-38.9387072997,0
              175.7803187048,-38.9385182097,0
              175.7802154904,-38.9384887855,0
              175.7800636850,-38.9384565338,0
              175.7799546121,-38.9384730825,0
              175.7798862502,-38.9384866688,0
              175.7798425781,-38.9386750318,0
              175.7797259538,-38.9387595157,0
              175.7796511270,-38.9388689094,0
              175.7794967127,-38.9389004881,0
              175.7794222569,-38.9389540752,0
              175.7793449591,-38.9390655204,0
              175.7790325359,-38.9393007265,0
              175.7786209351,-38.9395220428,0
              175.7782801310,-38.9396432096,0
              175.7775627332,-38.9398061648,0
              175.7775520100,-38.9398902941,0
              175.7770566841,-38.9400005503,0
              175.7769401138,-38.9401020153,0
              175.7765713983,-38.9401287991,0
              175.7762808812,-38.9401028941,0
              175.7761077303,-38.9402127701,0
              175.7755274065,-38.9401791738,0
              175.7750137917,-38.9400601136,0
              175.7747729046,-38.9401285487,0
              175.7744357657,-38.9400997373,0
              175.7741256523,-38.9400081311,0
              175.7737187074,-38.9398520705,0
              175.7733829008,-38.9397817901,0
              175.7729807099,-38.9397476165,0
              175.7726983710,-38.9397635361,0
              175.7725347317,-38.9398756168,0
              175.7723877363,-38.9397340896,0
              175.7722152253,-38.9396184890,0
              175.7720488264,-38.9396429155,0
              175.7718639313,-38.9399028732,0
              175.7717975888,-38.9401322712,0
              175.7718853878,-38.9404535452,0
              175.7719202127,-38.9408642675,0
              175.7718313856,-38.9412411826,0
              175.7715870019,-38.9416107695,0
              175.7712465966,-38.9419311949,0
              175.7707492000,-38.9422075793,0
              175.7701969446,-38.9424044249,0
              175.7699543013,-38.9424312522,0
              175.7698689051,-38.9425140208,0
              175.7697495449,-38.9427360099,0
              175.7698062104,-38.9429269056,0
              175.7699649740,-38.9430846173,0
              175.7702902473,-38.9433460295,0
              175.7699606886,-38.9433538567,0
              175.7698057278,-38.9435420302,0
              175.7697260447,-38.9434596107,0
              175.7697702888,-38.9433250650,0
              175.7696407587,-38.9432332893,0
              175.7694461370,-38.9432027802,0
              175.7693796641,-38.9431130204,0
              175.7692339335,-38.9430672984,0
              175.7689897398,-38.9430344528,0
              175.7688707164,-38.9430969996,0
              175.7688278370,-38.9432666422,0
              175.7686276704,-38.9435559490,0
              175.7685600232,-38.9438983176,0
              175.7686436405,-38.9440441614,0
              175.7686054242,-38.9441941503,0
              175.7687700147,-38.9442715595,0
              175.7688246280,-38.9442007425,0
              175.7688073278,-38.9441158918,0
              175.7687207850,-38.9440501735,0
              175.7687217874,-38.9439320947,0
              175.7687752602,-38.9438674257,0
              175.7689306954,-38.9438331287,0
              175.7690298533,-38.9437914223,0
              175.7690588335,-38.9437448242,0
              175.7692519882,-38.9437446104,0
              175.7693951406,-38.9437543289,0
              175.7696134676,-38.9437535177,0
              175.7695581351,-38.9438422796,0
              175.7694651663,-38.9438991425,0
              175.7693820247,-38.9439207918,0
              175.7692515069,-38.9439479391,0
              175.7691756594,-38.9440131405,0
              175.7691432965,-38.9441166599,0
              175.7690159995,-38.9441546613,0
              175.7690566956,-38.9442651923,0
              175.7690229961,-38.9443905403,0
              175.7692215359,-38.9446802864,0
              175.7693931980,-38.9450661175,0
              175.7696390780,-38.9452208294,0
              175.7697362039,-38.9453474718,0
              175.7699382862,-38.9455856880,0
              175.7701964696,-38.9457010632,0
              175.7703920773,-38.9457730197,0
              175.7705024933,-38.9459156785,0
              175.7707401975,-38.9460262559,0
              175.7710527638,-38.9461482618,0
              175.7711434944,-38.9461328995,0
              175.7715036831,-38.9462616971,0
              175.7717248883,-38.9462960619,0
              175.7717639956,-38.9463202980,0
              175.7718808721,-38.9463927310,0
              175.7719765397,-38.9465040409,0
              175.7720807153,-38.9466600530,0
              175.7722205682,-38.9469880903,0
              175.7723228047,-38.9474068387,0
              175.7723147862,-38.9475732843,0
              175.7723427941,-38.9476747253,0
              175.7724991434,-38.9476449180,0
              175.7725871780,-38.9478217327,0
              175.7725171001,-38.9478606715,0
              175.7725155158,-38.9479666412,0
              175.7726893745,-38.9479944836,0
              175.7727529417,-38.9479109733,0
              175.7728480977,-38.9479719322,0
              175.7728907020,-38.9480469723,0
              175.7728767602,-38.9482444783,0
              175.7729684840,-38.9481915955,0
              175.7730193191,-38.9482080179,0
              175.7729978472,-38.9484498183,0
              175.7730601336,-38.9488585300,0
              175.7732640868,-38.9489381318,0
              175.7734170808,-38.9490448771,0
              175.7733764431,-38.9494421691,0
              175.7734983557,-38.9499120792,0
              175.7736307879,-38.9498786111,0
              175.7737073418,-38.9499610085,0
              175.7737086636,-38.9500374931,0
              175.7735963506,-38.9501017664,0
              175.7736558526,-38.9502679747,0
              175.7739106404,-38.9503065222,0
              175.7741034930,-38.9502573279,0
              175.7741680892,-38.9503812490,0
              175.7741799914,-38.9504651839,0
              175.7742796728,-38.9505874560,0
              175.7742418236,-38.9507231060,0
              175.7742880762,-38.9508028561,0
              175.7744202880,-38.9508530166,0
              175.7746644428,-38.9507748211,0
              175.7747663805,-38.9506155574,0
              175.7745792673,-38.9505717513,0
              175.7745920587,-38.9504115877,0
              175.7747653598,-38.9503198782,0
              175.7747807907,-38.9501929571,0
              175.7745136783,-38.9500786670,0
              175.7746623714,-38.9500022983,0
              175.7747970833,-38.9498185706,0
              175.7747166484,-38.9497348761,0
              175.7746276894,-38.9496662487,0
              175.7746449930,-38.9494843836,0
              175.7748687209,-38.9493202719,0
              175.7749784191,-38.9492570245,0
              175.7750158358,-38.9490894965,0
              175.7750031031,-38.9489837630,0
              175.7749319869,-38.9489640924,0
              175.7750354857,-38.9488120906,0
              175.7752070918,-38.9488436559,0
              175.7754339209,-38.9487176133,0
              175.7753405928,-38.9486186699,0
              175.7752696877,-38.9484681674,0
              175.7752775982,-38.9482749472,0
              175.7754338006,-38.9481701901,0
              175.7755902499,-38.9481212246,0
              175.7757709327,-38.9481983605,0
              175.7759695938,-38.9481423581,0
              175.7761576650,-38.9483098005,0
              175.7763200664,-38.9482154508,0
              175.7765241155,-38.9481985290,0
              175.7767652703,-38.9483405773,0
              175.7767495057,-38.9484314365,0
              175.7766154098,-38.9485582902,0
              175.7765964917,-38.9486673204,0
              175.7767441182,-38.9488869987,0
              175.7767285889,-38.9489838848,0
              175.7768026378,-38.9490997504,0
              175.7767160008,-38.9491561034,0
              175.7767527041,-38.9492659544,0
              175.7768134951,-38.9493019619,0
              175.7767889620,-38.9493525461,0
              175.7768095529,-38.9495226837,0
              175.7767435632,-38.9496186451,0
              175.7767409289,-38.9497893366,0
              175.7766213245,-38.9499410296,0
              175.7765045229,-38.9500454611,0
              175.7764650983,-38.9499883137,0
              175.7762361964,-38.9498412867,0
              175.7763487788,-38.9497478471,0
              175.7762902083,-38.9496766336,0
              175.7763501385,-38.9495445123,0
              175.7762676363,-38.9494557167,0
              175.7761178685,-38.9494302388,0
              175.7759285622,-38.9494637877,0
              175.7758117614,-38.9495682185,0
              175.7758310759,-38.9497057139,0
              175.7757377805,-38.9498168457,0
              175.7758388625,-38.9499052003,0
              175.7758644934,-38.9499663069,0
              175.7756792646,-38.9499852364,0
              175.7756835117,-38.9500940475,0
              175.7756003281,-38.9501069184,0
              175.7754570446,-38.9501284801,0
              175.7753757011,-38.9501885017,0
              175.7754418892,-38.9503357730,0
              175.7756177408,-38.9505530422,0
              175.7758570661,-38.9507288653,0
              175.7759882565,-38.9507547857,0
              175.7759494253,-38.9508319485,0
              175.7757913561,-38.9508320800,0
              175.7756742687,-38.9509292570,0
              175.7756224931,-38.9510321400,0
              175.7757128703,-38.9510844451,0
              175.7757523228,-38.9512613954,0
              175.7756331110,-38.9513041668,0
              175.7755692142,-38.9513347304,0
              175.7755711962,-38.9513855086,0
              175.7757319566,-38.9514542904,0
              175.7755815044,-38.9515304789,0
              175.7754042870,-38.9515165447,0
              175.7752871979,-38.9516137213,0
              175.7752887811,-38.9517734212,0
              175.7754039683,-38.9519848728,0
              175.7756300443,-38.9520593608,0
              175.7757308184,-38.9520206590,0
              175.7758137210,-38.9520005332,0
              175.7759076123,-38.9520237116,0
              175.7760254079,-38.9519446693,0
              175.7761260687,-38.9520221424,0
              175.7762006727,-38.9520276271,0
              175.7763346411,-38.9518864829,0
              175.7765082054,-38.9519259158,0
              175.7765307513,-38.9520270298,0
              175.7765022011,-38.9521293602,0
              175.7765087157,-38.9522962031,0
              175.7764730000,-38.9524531602,0
              175.7765083764,-38.9526447292,0
              175.7767077598,-38.9527743940,0
              175.7767120458,-38.9528405708,0
              175.7766198461,-38.9528868073,0
              175.7764240315,-38.9529038045,0
              175.7759780822,-38.9529424559,0
              175.7759971769,-38.9530756113,0
              175.7758381851,-38.9531941619,0
              175.7757197229,-38.9532143052,0
              175.7755540757,-38.9532334056,0
              175.7754341933,-38.9532882281,0
              175.7753236735,-38.9531566023,0
              175.7753971298,-38.9531202076,0
              175.7754994752,-38.9531134412,0
              175.7755397844,-38.9531514593,0
              175.7756910712,-38.9531197086,0
              175.7757563006,-38.9530856753,0
              175.7757516715,-38.9530381467,0
              175.7758784286,-38.9529463477,0
              175.7757838333,-38.9529030379,0
              175.7755602204,-38.9529537698,0
              175.7754612201,-38.9528263034,0
              175.7754192429,-38.9528346421,0
              175.7753196547,-38.9529324357,0
              175.7751235720,-38.9529664626,0
              175.7751124886,-38.9530437982,0
              175.7749055833,-38.9530413816,0
              175.7748425586,-38.9531126132,0
              175.7746397759,-38.9530954176,0
              175.7744986127,-38.9530914352,0
              175.7744495319,-38.9531586646,0
              175.7744916777,-38.9532751058,0
              175.7743569836,-38.9533100720,0
              175.7742484811,-38.9532659125,0
              175.7739282118,-38.9533505898,0
              175.7738760618,-38.9534238371,0
              175.7737878992,-38.9534448830,0
              175.7737462015,-38.9533713417,0
              175.7737206268,-38.9533378411,0
              175.7735485691,-38.9534063605,0
              175.7735012190,-38.9534782304,0
              175.7733805320,-38.9534949963,0
              175.7732228811,-38.9535679520,0
              175.7730508237,-38.9535955906,0
              175.7728895323,-38.9537323752,0
              175.7726633967,-38.9539241492,0
              175.7725222258,-38.9539735676,0
              175.7723780979,-38.9539779885,0
              175.7722655088,-38.9540492447,0
              175.7722470958,-38.9542525092,0
              175.7723774364,-38.9544434581,0
              175.7723469597,-38.9545412369,0
              175.7723057342,-38.9546734998,0
              175.7722196480,-38.9547070405,0
              175.7722090933,-38.9548673903,0
              175.7722508386,-38.9549897519,0
              175.7723153607,-38.9550065906,0
              175.7722931986,-38.9551278469,0
              175.7723200729,-38.9552595424,0
              175.7715601718,-38.9554915796,0
              175.7713109867,-38.9554938516,0
              175.7712285389,-38.9554895494,0
              175.7710340564,-38.9556396502,0
              175.7708932736,-38.9556205659,0
              175.7707453319,-38.9556941724,0
              175.7707142021,-38.9559016326,0
              175.7696511789,-38.9562189153,0
              175.7694551278,-38.9560577549,0
              175.7692206314,-38.9559163481,0
              175.7691174046,-38.9559066782,0
              175.7690138753,-38.9558394367,0
              175.7689362066,-38.9558382501,0
              175.7688881945,-38.9557515089,0
              175.7690344429,-38.9556995193,0
              175.7690911469,-38.9555821921,0
              175.7692670178,-38.9554257912,0
              175.7693117800,-38.9553560349,0
              175.7692653015,-38.9552440902,0
              175.7691494113,-38.9551749026,0
              175.7689574131,-38.9551116320,0
              175.7687426323,-38.9551393408,0
              175.7685583816,-38.9552074334,0
              175.7684997211,-38.9551882714,0
              175.7685027423,-38.9551306480,0
              175.7684301420,-38.9551590918,0
              175.7684138911,-38.9552149743,0
              175.7683520507,-38.9552493285,0
              175.7683363335,-38.9551160996,0
              175.7683425360,-38.9550049599,0
              175.7683022776,-38.9549175317,0
              175.7680448684,-38.9549436554,0
              175.7679605472,-38.9549975831,0
              175.7679412495,-38.9549076022,0
              175.7677376285,-38.9549514879,0
              175.7677009607,-38.9548886396,0
              175.7677281245,-38.9547749474,0
              175.7676425178,-38.9546721524,0
              175.7673573613,-38.9546501429,0
              175.7672109605,-38.9546762263,0
              175.7671248975,-38.9547645963,0
              175.7670693479,-38.9547576925,0
              175.7669605516,-38.9547872293,0
              175.7669895547,-38.9549898934,0
              175.7669248057,-38.9553156952,0
              175.7668643987,-38.9553913246,0
              175.7668629225,-38.9555342564,0
              175.7666794568,-38.9557034891,0
              175.7666465467,-38.9558526623,0
              175.7665700536,-38.9559671460,0
              175.7664754170,-38.9557962656,0
              175.7665459465,-38.9557094042,0
              175.7665249470,-38.9556219662,0
              175.7665966514,-38.9555653054,0
              175.7666506667,-38.9555063156,0
              175.7667373782,-38.9552926620,0
              175.7667474807,-38.9551000614,0
              175.7666422036,-38.9549678586,0
              175.7665830694,-38.9549425537,0
              175.7665484238,-38.9548872887,0
              175.7665337114,-38.9548168614,0
              175.7663770791,-38.9547911988,0
              175.7662353530,-38.9547090946,0
              175.7662081609,-38.9546256098,0
              175.7662800252,-38.9545825080,0
              175.7663151326,-38.9544712386,0
              175.7662347048,-38.9544485908,0
              175.7662722219,-38.9543668126,0
              175.7662533419,-38.9543094826,0
              175.7661859041,-38.9542403040,0
              175.7662003952,-38.9540897381,0
              175.7661709788,-38.9539517697,0
              175.7662231173,-38.9539129772,0
              175.7662084774,-38.9538421752,0
              175.7661752654,-38.9536815566,0
              175.7661030051,-38.9535359375,0
              175.7662305771,-38.9534390231,0
              175.7662264824,-38.9533813424,0
              175.7661403439,-38.9533544966,0
              175.7660426706,-38.9533640349,0
              175.7659457236,-38.9533446680,0
              175.7659009825,-38.9534309517,0
              175.7655947970,-38.9534064346,0
              175.7655512826,-38.9534291328,0
              175.7654833369,-38.9532992996,0
              175.7653601778,-38.9532718868,0
              175.7651670280,-38.9534425774,0
              175.7651921811,-38.9535185368,0
              175.7653114394,-38.9535287085,0
              175.7653217407,-38.9535693256,0
              175.7652780010,-38.9536407354,0
              175.7652788888,-38.9537383282,0
              175.7653121695,-38.9538465028,0
              175.7654452648,-38.9539795517,0
              175.7654479111,-38.9540475914,0
              175.7654622641,-38.9541176229,0
              175.7654334006,-38.9541977604,0
              175.7654416792,-38.9542611259,0
              175.7655115794,-38.9544138339,0
              175.7655679144,-38.9544420095,0
              175.7655596480,-38.9545284687,0
              175.7655052535,-38.9545501888,0
              175.7654791064,-38.9544758963,0
              175.7654044607,-38.9544254544,0
              175.7653523480,-38.9543563173,0
              175.7652471571,-38.9542680086,0
              175.7650386417,-38.9542888429,0
              175.7648207058,-38.9542917403,0
              175.7647820578,-38.9541950426,0
              175.7647260761,-38.9541759396,0
              175.7646189575,-38.9541875584,0
              175.7645606050,-38.9542570441,0
              175.7643873861,-38.9542883912,0
              175.7643388836,-38.9542373289,0
              175.7642277138,-38.9542195337,0
              175.7640818645,-38.9542071000,0
              175.7640001782,-38.9541250432,0
              175.7638992166,-38.9540706833,0
              175.7635982894,-38.9542571511,0
              175.7634705738,-38.9542624477,0
              175.7634250689,-38.9542884968,0
              175.7633227059,-38.9543476740,0
              175.7631267729,-38.9543182651,0
              175.7630431590,-38.9544110490,0
              175.7629746775,-38.9543695407,0
              175.7629432519,-38.9543089929,0
              175.7629044335,-38.9542826713,0
              175.7628296179,-38.9543026045,0
              175.7627634247,-38.9542451505,0
              175.7626787499,-38.9542358057,0
              175.7625872988,-38.9542765639,0
              175.7625173238,-38.9542714105,0
              175.7624555298,-38.9541775315,0
              175.7624536794,-38.9541299030,0
              175.7626295436,-38.9541665986,0
              175.7627885051,-38.9541424027,0
              175.7628987019,-38.9540603390,0
              175.7630260578,-38.9538961461,0
              175.7630884646,-38.9539309891,0
              175.7630985038,-38.9540397150,0
              175.7631935679,-38.9540919450,0
              175.7633272694,-38.9540910466,0
              175.7635176524,-38.9540524842,0
              175.7637654229,-38.9539944017,0
              175.7637947290,-38.9539256048,0
              175.7638073077,-38.9538004517,0
              175.7637808970,-38.9537193550,0
              175.7636701647,-38.9536379862,0
              175.7634788045,-38.9535017761,0
              175.7633112155,-38.9534535350,0
              175.7631690660,-38.9534614428,0
              175.7630136235,-38.9534265345,0
              175.7628611774,-38.9534687371,0
              175.7626812483,-38.9534382662,0
              175.7625844127,-38.9533801137,0
              175.7625061102,-38.9532907321,0
              175.7624306488,-38.9532045932,0
              175.7623004508,-38.9532563710,0
              175.7622098688,-38.9533128492,0
              175.7620869891,-38.9534932437,0
              175.7621626203,-38.9535892502,0
              175.7621487887,-38.9536511539,0
              175.7620612258,-38.9537256699,0
              175.7618655932,-38.9538244790,0
              175.7615432078,-38.9538846342,0
              175.7612651317,-38.9538912184,0
              175.7610593822,-38.9539087665,0
              175.7605808225,-38.9538893071,0
              175.7603535072,-38.9538329150,0
              175.7602609880,-38.9538119384,0
              175.7600913908,-38.9537734864,0
              175.7600624470,-38.9537403914,0
              175.7600531068,-38.9536790362,0
              175.7599948932,-38.9536731696,0
              175.7599268492,-38.9537128123,0
              175.7597642168,-38.9536460295,0
              175.7597253841,-38.9536016716,0
              175.7597203283,-38.9535311590,0
              175.7595463900,-38.9534718877,0
              175.7595628212,-38.9532976363,0
              175.7595187930,-38.9532389127,0
              175.7593511058,-38.9532211483,0
              175.7592892405,-38.9532407223,0
              175.7592442988,-38.9534573023,0
              175.7591930365,-38.9535708016,0
              175.7592110123,-38.9537949491,0
              175.7590461938,-38.9540810315,0
              175.7591586139,-38.9546257072,0
              175.7590811484,-38.9546257065,0
              175.7588702155,-38.9545738763,0
              175.7589060350,-38.9545290396,0
              175.7588439925,-38.9543820417,0
              175.7587272263,-38.9543371477,0
              175.7586405234,-38.9542200589,0
              175.7584811880,-38.9542274935,0
              175.7584171560,-38.9540897075,0
              175.7584967957,-38.9540258773,0
              175.7583961075,-38.9539616203,0
              175.7581726456,-38.9540628320,0
              175.7579635717,-38.9540484597,0
              175.7577195086,-38.9541342582,0
              175.7576136896,-38.9540484546,0
              175.7574666737,-38.9540850450,0
              175.7572073119,-38.9540497842,0
              175.7571105836,-38.9541072615,0
              175.7570302250,-38.9542223026,0
              175.7570847891,-38.9543534708,0
              175.7569628094,-38.9543977481,0
              175.7567420749,-38.9543740770,0
              175.7566342189,-38.9542727051,0
              175.7565997153,-38.9541974728,0
              175.7564235133,-38.9542016375,0
              175.7563768952,-38.9541534111,0
              175.7562803059,-38.9541741925,0
              175.7561549444,-38.9542675898,0
              175.7560403443,-38.9542990726,0
              175.7560045568,-38.9543944638,0
              175.7559278123,-38.9543839455,0
              175.7556482489,-38.9543699978,0
              175.7554682198,-38.9544112479,0
              175.7554676857,-38.9544820514,0
              175.7554669341,-38.9545818706,0
              175.7553815802,-38.9546208836,0
              175.7552364590,-38.9546119803,0
              175.7551469673,-38.9545442126,0
              175.7550583461,-38.9545668598,0
              175.7550781171,-38.9547838836,0
              175.7550509950,-38.9549531355,0
              175.7550072073,-38.9549990305,0
              175.7549463778,-38.9551675318,0
              175.7549555231,-38.9552724417,0
              175.7549606427,-38.9553311654,0
              175.7549491718,-38.9554313270,0
              175.7549428790,-38.9554862743,0
              175.7548758736,-38.9555976867,0
              175.7547141636,-38.9556680225,0
              175.7543966256,-38.9557049133,0
              175.7542180051,-38.9556967567,0
              175.7540859908,-38.9556642960,0
              175.7540051372,-38.9556739397,0
              175.7537429425,-38.9556492411,0
              175.7533704009,-38.9555636257,0
              175.7530444073,-38.9554533070,0
              175.7530217917,-38.9554268663,0
              175.7529268131,-38.9553717871,0
              175.7529246716,-38.9552049318,0
              175.7528661700,-38.9551439338,0
              175.7527793592,-38.9551324952,0
              175.7527062348,-38.9551710878,0
              175.7525509765,-38.9552475514,0
              175.7522375647,-38.9552527417,0
              175.7519886500,-38.9552453801,0
              175.7515156370,-38.9551418263,0
              175.7509127955,-38.9548957348,0
              175.7504096069,-38.9546693500,0
              175.7502831050,-38.9546127697,0
              175.7501142708,-38.9544843892,0
              175.7498975345,-38.9544057860,0
              175.7493944299,-38.9542079576,0
              175.7486713568,-38.9538477677,0
              175.7481850444,-38.9535459698,0
              175.7479643865,-38.9533923345,0
              175.7479041848,-38.9532966866,0
              175.7479992738,-38.9531374790,0
              175.7480768218,-38.9529275627,0
              175.7481051014,-38.9526742160,0
              175.7480353809,-38.9525941099,0
              175.7477010722,-38.9524101088,0
              175.7475422331,-38.9520507271,0
              175.7473542345,-38.9520234983,0
              175.7471503592,-38.9519350876,0
              175.7470000160,-38.9518331044,0
              175.7468856199,-38.9516704765,0
              175.7466475158,-38.9515705599,0
              175.7465903862,-38.9514910032,0
              175.7464752647,-38.9513823240,0
              175.7463529391,-38.9514186478,0
              175.7461619246,-38.9512782256,0
              175.7459295543,-38.9511759364,0
              175.7459494562,-38.9510751391,0
              175.7458519301,-38.9510142651,0
              175.7456401070,-38.9511976143,0
              175.7454208163,-38.9512054983,0
              175.7453407207,-38.9512083783,0
              175.7453190471,-38.9512152517,0
              175.7451761788,-38.9512605581,0
              175.7449211848,-38.9511885262,0
              175.7448580679,-38.9512189007,0
              175.7447336511,-38.9511274353,0
              175.7445201445,-38.9509648617,0
              175.7443060435,-38.9507868913,0
              175.7440418456,-38.9505253366,0
              175.7438898863,-38.9503593875,0
              175.7440842633,-38.9498591832,0
              175.7441934063,-38.9495242937,0
              175.7442984568,-38.9493113803,0
              175.7444439620,-38.9491961869,0
              175.7444382162,-38.9490472956,0
              175.7444906672,-38.9488757451,0
              175.7444456984,-38.9486244371,0
              175.7445416550,-38.9482898576,0
              175.7445943118,-38.9480825815,0
              175.7447295047,-38.9479478434,0
              175.7447782701,-38.9478169661,0
              175.7448852814,-38.9476189389,0
              175.7449316393,-38.9474862912,0
              175.7449035542,-38.9473042338,0
              175.7448353756,-38.9471139845,0
              175.7448852948,-38.9466676293,0
              175.7448698649,-38.9465703178,0
              175.7448908503,-38.9464226623,0
              175.7448966019,-38.9462925748,0
              175.7449749810,-38.9461603474,0
              175.7449578096,-38.9460862459,0
              175.7450850239,-38.9458597377,0
              175.7452272366,-38.9457954780,0
              175.7453593126,-38.9457359371,0
              175.7454997914,-38.9456059720,0
              175.7455240184,-38.9454303150,0
              175.7454638223,-38.9452920355,0
              175.7454741310,-38.9450134628,0
              175.7456878941,-38.9445163193,0
              175.7457833026,-38.9444347756,0
              175.7456872062,-38.9443437471,0
              175.7455057619,-38.9442080812,0
              175.7454391978,-38.9441693965,0
              175.7453024353,-38.9441677264,0
              175.7453118613,-38.9441145364,0
              175.7453648113,-38.9441075863,0
              175.7453979271,-38.9440733960,0
              175.7454430795,-38.9439990474,0
              175.7454202013,-38.9438792169,0
              175.7455364389,-38.9438476593,0
              175.7456829753,-38.9437150090,0
              175.7459095288,-38.9435268777,0
              175.7459767321,-38.9434110141,0
              175.7461347240,-38.9432486991,0
              175.7461720894,-38.9431335378,0
              175.7463315197,-38.9430085050,0
              175.7465046380,-38.9426965671,0
              175.7467166051,-38.9425399769,0
              175.7470672809,-38.9422972244,0
              175.7472819882,-38.9422442056,0
              175.7474737502,-38.9420647713,0
              175.7474687423,-38.9419351110,0
              175.7476763714,-38.9416988777,0
              175.7478869232,-38.9416318490,0
              175.7480963087,-38.9413476119,0
              175.7483158664,-38.9410462073,0
              175.7484786004,-38.9409599912,0
              175.7484620376,-38.9407823505,0
              175.7485188286,-38.9405575279,0
              175.7487153980,-38.9404354709,0
              175.7488205428,-38.9403951144,0
              175.7489234317,-38.9402335979,0
              175.7489506624,-38.9400885108,0
              175.7490786824,-38.9399458861,0
              175.7491802487,-38.9396760526,0
              175.7491845908,-38.9395401097,0
              175.7491161206,-38.9394344485,0
              175.7493031520,-38.9392758324,0
              175.7493032986,-38.9391685539,0
              175.7494608269,-38.9390240423,0
              175.7495402549,-38.9388579052,0
              175.7495826392,-38.9387328693,0
              175.7496397347,-38.9384331649,0
              175.7497382741,-38.9382062349,0
              175.7497762683,-38.9381528251,0
              175.7500306452,-38.9377952382,0
              175.7500122103,-38.9374788363,0
              175.7501529374,-38.9373569917,0
              175.7501530689,-38.9371149983,0
              175.7503196617,-38.9368443864,0
              175.7503369214,-38.9366365585,0
              175.7504772661,-38.9365048456,0
              175.7507006687,-38.9363566852,0
              175.7509391156,-38.9357946512,0
              175.7511531048,-38.9355104569,0
              175.7514105569,-38.9352517738,0
              175.7513894738,-38.9351891189,0
              175.7514723438,-38.9350802901,0
              175.7517194299,-38.9348752874,0
              175.7522039846,-38.9345383770,0
              175.7522309245,-38.9344308673,0
              175.7523638809,-38.9343305724,0
              175.7525190461,-38.9343220532,0
              175.7526390275,-38.9340471793,0
              175.7528426256,-38.9336828908,0
              175.7530198294,-38.9336009821,0
              175.7531448611,-38.9336174622,0
              175.7533119055,-38.9334337775,0
              175.7536693144,-38.9333476141,0
              175.7536440990,-38.9331781831,0
              175.7537638709,-38.9330587659,0
              175.7539312730,-38.9330450981,0
              175.7540212748,-38.9331206996,0
              175.7543376539,-38.9327780347,0
              175.7543519745,-38.9326659647,0
              175.7545766311,-38.9325246388,0
              175.7547612824,-38.9324850059,0
              175.7548692379,-38.9324006370,0
              175.7550025745,-38.9324417106,0
              175.7551107263,-38.9323439490,0
              175.7550336020,-38.9322632027,0
              175.7553142995,-38.9320501517,0
              175.7556169517,-38.9321310748,0
              175.7556728543,-38.9321187457,0
              175.7557459403,-38.9320041755,0
              175.7558699094,-38.9319296880,0
              175.7558630876,-38.9318445288,0
              175.7557688925,-38.9317779470,0
              175.7558743011,-38.9316791279,0
              175.7558526516,-38.9315750528,0
              175.7557778700,-38.9315548019,0
              175.7557569661,-38.9314699754,0
              175.7558439130,-38.9314403980,0
              175.7559052651,-38.9312958311,0
              175.7557588587,-38.9310951188,0
              175.7558662675,-38.9309239830,0
              175.7558230009,-38.9307532267,0
              175.7560741837,-38.9305087100,0
              175.7561795044,-38.9301785684,0
              175.7563122668,-38.9300999329,0
              175.7563622505,-38.9299547551,0
              175.7563298363,-38.9297487497,0
              175.7565338042,-38.9295771479,0
              175.7565617836,-38.9294283412,0
              175.7563524303,-38.9292805960,0
              175.7563260540,-38.9291253457,0
              175.7564616884,-38.9290521558,0
              175.7565105216,-38.9289460260,0
              175.7563620788,-38.9287936602,0
              175.7564619606,-38.9286386075,0
              175.7564275707,-38.9284867277,0
              175.7562983826,-38.9283731935,0
              175.7562125516,-38.9282977618,0
              175.7561710165,-38.9280665234,0
              175.7560087633,-38.9279781049,0
              175.7559179036,-38.9278402838,0
              175.7560002714,-38.9277588104,0
              175.7559494844,-38.9276041367,0
              175.7558320656,-38.9275324529,0
              175.7558744724,-38.9274621653,0
              175.7558504960,-38.9274056014,0
              175.7557857651,-38.9273816038,0
              175.7557000757,-38.9272584274,0
              175.7556557043,-38.9271373137,0
              175.7554888995,-38.9268965195,0
              175.7553994081,-38.9266027685,0
              175.7555627568,-38.9265786480,0
              175.7556326578,-38.9264858186,0
              175.7555657873,-38.9263219261,0
              175.7557049180,-38.9263422779,0
              175.7559151237,-38.9263001658,0
              175.7560318828,-38.9261893439,0
              175.7559314948,-38.9261646996,0
              175.7558777044,-38.9261153159,0
              175.7558181589,-38.9260069529,0
              175.7555827160,-38.9257541943,0
              175.7554264579,-38.9255147436,0
              175.7553760828,-38.9253301995,0
              175.7552403587,-38.9252861275,0
              175.7551141981,-38.9251540287,0
              175.7550253820,-38.9250283643,0
              175.7550358712,-38.9249530838,0
              175.7548054865,-38.9246615273,0
              175.7546599613,-38.9244758532,0
              175.7546299988,-38.9243718740,0
              175.7546913770,-38.9242751688,0
              175.7546855780,-38.9241951215,0
              175.7547889613,-38.9240745137,0
              175.7548772071,-38.9240513282,0
              175.7549453422,-38.9239273319,0
              175.7549375847,-38.9237966880,0
              175.7548643971,-38.9237203422,0
              175.7546314215,-38.9234937302,0
              175.7544664750,-38.9234195509,0
              175.7543073211,-38.9234123247,0
              175.7542219201,-38.9234084473,0
              175.7542358999,-38.9229643001,0
              175.7540542622,-38.9227307620,0
              175.7539845740,-38.9225828850,0
              175.7539601487,-38.9223516866,0
              175.7538811052,-38.9223092126,0
              175.7537339519,-38.9222401313,0
              175.7535282924,-38.9221925844,0
              175.7535685295,-38.9220989248,0
              175.7535990013,-38.9220196033,0
              175.7535037982,-38.9218928630,0
              175.7532949392,-38.9218292674,0
              175.7529870400,-38.9216679041,0
              175.7529753562,-38.9214721562,0
              175.7529139681,-38.9213739867,0
              175.7531142483,-38.9212342923,0
              175.7531789011,-38.9210977995,0
              175.7536988119,-38.9203946251,0
              175.7538287463,-38.9200316457,0
              175.7540455837,-38.9198947733,0
              175.7540404051,-38.9196940393,0
              175.7543706052,-38.9193671739,0
              175.7545188277,-38.9191913295,0
              175.7545168621,-38.9189864267,0
              175.7544605475,-38.9189178869,0
              175.7547719642,-38.9186450302,0
              175.7550176358,-38.9181297886,0
              175.7551863261,-38.9179249727,0
              175.7553356967,-38.9178294611,0
              175.7554807215,-38.9178245022,0
              175.7557023370,-38.9177196185,0
              175.7559577528,-38.9176767909,0
              175.7561886955,-38.9175594216,0
              175.7565850178,-38.9172405953,0
              175.7568371823,-38.9170966739,0
              175.7569660087,-38.9170339700,0
              175.7570412228,-38.9170042268,0
              175.7570873936,-38.9169639840,0
              175.7571205257,-38.9168850735,0
              175.7570588708,-38.9167204268,0
              175.7569873511,-38.9165990685,0
              175.7567987289,-38.9162884486,0
              175.7562403246,-38.9154493906,0
              175.7559672788,-38.9149542918,0
              175.7561295116,-38.9149098975,0
              175.7557485700,-38.9143709980,0
              175.7555998092,-38.9141333139,0
              175.7553919102,-38.9137334739,0
              175.7553129959,-38.9134974433,0
              175.7552343689,-38.9133242871,0
              175.7551354592,-38.9131406897,0
              175.7550469657,-38.9129018751,0
              175.7549842281,-38.9126875864,0
              175.7548375984,-38.9122023030,0
              175.7547729046,-38.9116239405,0
              175.7547592327,-38.9113546643,0
              175.7548729933,-38.9110976407,0
              175.7548452141,-38.9109685838,0
              175.7548976616,-38.9108096560,0
              175.7549699435,-38.9104060948,0
              175.7551194968,-38.9100571527,0
              175.7554640532,-38.9097879875,0
              175.7555136972,-38.9095869658,0
              175.7559894444,-38.9090659092,0
              175.7562010653,-38.9090038099,0
              175.7566470792,-38.9086588305,0
              175.7569992044,-38.9084506605,0
              175.7572716887,-38.9083158576,0
              175.7575711750,-38.9079885020,0
              175.7578826763,-38.9078098391,0
              175.7581553031,-38.9075709169,0
              175.7584968304,-38.9073589145,0
              175.7589085207,-38.9072064302,0
              175.7591184765,-38.9069804450,0
              175.7593636003,-38.9069089907,0
              175.7595100104,-38.9068923967,0
              175.7596501905,-38.9068234241,0
              175.7598100846,-38.9068294898,0
              175.7600377791,-38.9067420324,0
              175.7602935901,-38.9065127467,0
              175.7604899966,-38.9062684520,0
              175.7607110816,-38.9059021073,0
              175.7607758466,-38.9057259777,0
              175.7608365089,-38.9055610058,0
              175.7609213534,-38.9054736441,0
              175.7610916742,-38.9054236535,0
              175.7611733376,-38.9053626298,0
              175.7612315974,-38.9052397852,0
              175.7612799339,-38.9051861163,0
              175.7613783174,-38.9051589248,0
              175.7614877792,-38.9051286709,0
              175.7616536478,-38.9050722198,0
              175.7616446178,-38.9049476848,0
              175.7617565701,-38.9048202022,0
              175.7617489117,-38.9046226795,0
              175.7617681992,-38.9045693872,0
              175.7617803131,-38.9045359129,0
              175.7618272111,-38.9045000909,0
              175.7617731217,-38.9044500590,0
              175.7617635321,-38.9043521885,0
              175.7618099038,-38.9043027975,0
              175.7618128877,-38.9041804827,0
              175.7618680312,-38.9040584414,0
              175.7619114782,-38.9039834629,0
              175.7618471576,-38.9038189753,0
              175.7617988552,-38.9036013564,0
              175.7617979349,-38.9032419045,0
              175.7617216790,-38.9028519755,0
              175.7617241485,-38.9027054145,0
              175.7616606006,-38.9025381228,0
              175.7615855799,-38.9021800122,0
              175.7615858018,-38.9021050470,0
              175.7615864476,-38.9018869865,0
              175.7615347466,-38.9018149594,0
              175.7615713975,-38.9016038929,0
              175.7617697286,-38.9008090503,0
              175.7619026548,-38.9004412766,0
              175.7621184816,-38.9003512989,0
              175.7623981482,-38.9001751744,0
              175.7623862529,-38.9000795108,0
              175.7622856383,-38.9000179298,0
              175.7623431409,-38.8998922079,0
              175.7623945787,-38.8997797435,0
              175.7625054780,-38.8998052771,0
              175.7625184655,-38.8996894022,0
              175.7625500629,-38.8995543302,0
              175.7627806570,-38.8992738275,0
              175.7630371460,-38.8990278915,0
              175.7633308057,-38.8987906676,0
              175.7634872982,-38.8986046655,0
              175.7638281620,-38.8983183507,0
              175.7646990407,-38.8978386101,0
              175.7648065230,-38.8977418955,0
              175.7650386050,-38.8975118412,0
              175.7656380353,-38.8971099115,0
              175.7665274772,-38.8966410917,0
              175.7669340908,-38.8964233731,0
              175.7671000241,-38.8963940038,0
              175.7672297179,-38.8963710489,0
              175.7674429499,-38.8962874476,0
              175.7676197808,-38.8961624181,0
              175.7681562497,-38.8959412501,0
              175.7683485352,-38.8959155413,0
              175.7684030860,-38.8958927067,0
              175.7688585834,-38.8957020350,0
              175.7690294145,-38.8956305248,0
              175.7696516628,-38.8954284599,0
              175.7702075579,-38.8953095316,0
              175.7707649767,-38.8952298359,0
              175.7711501273,-38.8951935016,0
              175.7713987967,-38.8951875249,0
              175.7716393502,-38.8951943291,0
              175.7717883035,-38.8952142634,0
              175.7718541459,-38.8952596438,0
              175.7724827482,-38.8952556618,0
              175.7730426679,-38.8952877351,0
              175.7736213529,-38.8953139378,0
              175.7737707657,-38.8953405335,0
              175.7739098544,-38.8954067990,0
              175.7740487497,-38.8953919018,0
              175.7741274474,-38.8953552441,0
              175.7743017399,-38.8953348670,0
              175.7744185287,-38.8952857085,0
              175.7744744872,-38.8951985718,0
              175.7745073459,-38.8950516890,0
              175.7746228710,-38.8949700936,0
              175.7747214962,-38.8948355615,0
              175.7747913890,-38.8948014317,0
              175.7748642574,-38.8947192271,0
              175.7748716702,-38.8945768918,0
              175.7747062767,-38.8940636727,0
              175.7745970472,-38.8936210089,0
              175.7746434902,-38.8935943948,0
              175.7744423552,-38.8931539163,0
              175.7742375258,-38.8926184433,0
              175.7739175932,-38.8919465628,0
              175.7738245910,-38.8916824499,0
              175.7739107691,-38.8916568176,0
              175.7738121592,-38.8913630614,0
              175.7737739604,-38.8911569608,0
              175.7734799178,-38.8906660821,0
              175.7734975712,-38.8906027742,0
              175.7731011945,-38.8899806888,0
              175.7731348831,-38.8898986569,0
              175.7729913723,-38.8897234435,0
              175.7726919586,-38.8891340540,0
              175.7727256591,-38.8889993438,0
              175.7726688131,-38.8888393944,0
              175.7724451371,-38.8885951515,0
              175.7723558619,-38.8884435583,0
              175.7722027079,-38.8882691811,0
              175.7720990611,-38.8881073008,0
              175.7719111242,-38.8879808996,0
              175.7720103595,-38.8877289842,0
              175.7719660162,-38.8875900416,0
              175.7720192752,-38.8873574776,0
              175.7720497823,-38.8871406725,0
              175.7721819258,-38.8870340570,0
              175.7723382375,-38.8869481722,0
              175.7726809460,-38.8869491591,0
              175.7730571518,-38.8868726195,0
              175.7731381811,-38.8867514118,0
              175.7731592767,-38.8866156839,0
              175.7731462778,-38.8864219294,0
              175.7728966900,-38.8862730447,0
              175.7730173602,-38.8859803918,0
              175.7730065595,-38.8857027717,0
              175.7730436866,-38.8855824119,0
              175.7730167200,-38.8854836507,0
              175.7730629424,-38.8853243141,0
              175.7730790740,-38.8852167501,0
              175.7730509075,-38.8850149666,0
              175.7731486903,-38.8849173705,0
              175.7731399131,-38.8848223068,0
              175.7735287623,-38.8846344305,0
              175.7737280104,-38.8844034236,0
              175.7737964065,-38.8842033143,0
              175.7739259654,-38.8840441369,0
              175.7740051227,-38.8839124972,0
              175.7740604359,-38.8838728027,0
              175.7742322233,-38.8836384404,0
              175.7743047454,-38.8835761170,0
              175.7744626021,-38.8833158263,0
              175.7744719666,-38.8831580449,0
              175.7745077704,-38.8829491360,0
              175.7745493899,-38.8828398116,0
              175.7745900119,-38.8827119698,0
              175.7746552719,-38.8826548199,0
              175.7746634332,-38.8825833472,0
              175.7748356044,-38.8822271361,0
              175.7749460776,-38.8821133138,0
              175.7750247988,-38.8818838123,0
              175.7750663091,-38.8817938954,0
              175.7750533513,-38.8817179788,0
              175.7750731978,-38.8815533298,0
              175.7750364254,-38.8814437749,0
              175.7750133662,-38.8813974155,0
              175.7750552030,-38.8812195396,0
              175.7750466291,-38.8810956325,0
              175.7750562005,-38.8810042842,0
              175.7750714040,-38.8808609804,0
              175.7750552825,-38.8807671520,0
              175.7750153675,-38.8805959204,0
              175.7749690251,-38.8803663669,0
              175.7748563884,-38.8802488436,0
              175.7748207531,-38.8800807598,0
              175.7747622244,-38.8799651985,0
              175.7746956436,-38.8798563270,0
              175.7746739810,-38.8797268949,0
              175.7746100532,-38.8796861822,0
              175.7745911697,-38.8796281546,0
              175.7746209787,-38.8795397315,0
              175.7745729964,-38.8792679830,0
              175.7745773696,-38.8790599628,0
              175.7745662859,-38.8789887557,0
              175.7744707670,-38.8788838200,0
              175.7744342482,-38.8786930157,0
              175.7744407691,-38.8785401732,0
              175.7744014731,-38.8782779634,0
              175.7744329071,-38.8781245285,0
              175.7744381650,-38.8779392284,0
              175.7744946391,-38.8777884459,0
              175.7745879777,-38.8776237928,0
              175.7745568916,-38.8775725529,0
              175.7745683213,-38.8774390852,0
              175.7745034803,-38.8771612399,0
              175.7743361936,-38.8767071528,0
              175.7743603177,-38.8764726738,0
              175.7742860680,-38.8763802272,0
              175.7741202851,-38.8758578810,0
              175.7741530781,-38.8755257362,0
              175.7741574381,-38.8752105102,0
              175.7741431988,-38.8750581602,0
              175.7740753465,-38.8748096240,0
              175.7741036233,-38.8745750463,0
              175.7741489022,-38.8744570176,0
              175.7741310173,-38.8743177493,0
              175.7742298938,-38.8741887001,0
              175.7743330483,-38.8740627979,0
              175.7744104221,-38.8740219733,0
              175.7744903052,-38.8739388571,0
              175.7744853800,-38.8738122757,0
              175.7746364645,-38.8736365033,0
              175.7748236202,-38.8732129725,0
              175.7749910571,-38.8730303133,0
              175.7750961033,-38.8729530949,0
              175.7750851468,-38.8728851336,0
              175.7751274090,-38.8727964141,0
              175.7752460477,-38.8727481110,0
              175.7753923433,-38.8725562078,0
              175.7754515743,-38.8723696240,0
              175.7755120850,-38.8723227032,0
              175.7755951231,-38.8723207281,0
              175.7757877549,-38.8723583791,0
              175.7759337955,-38.8721599838,0
              175.7759355471,-38.8720982176,0
              175.7759838191,-38.8718436714,0
              175.7760416757,-38.8717285915,0
              175.7759310560,-38.8715557932,0
              175.7758059255,-38.8711169487,0
              175.7757071136,-38.8708204203,0
              175.7757279490,-38.8705015535,0
              175.7758616570,-38.8703067004,0
              175.7759625122,-38.8700151679,0
              175.7759530843,-38.8698796906,0
              175.7758743127,-38.8698815644,0
              175.7758094948,-38.8685856689,0
              175.7760685500,-38.8668197635,0
              175.7762351988,-38.8661152832,0
              175.7763315682,-38.8657289207,0
              175.7764909393,-38.8654762274,0
              175.7766849817,-38.8653119263,0
              175.7775260578,-38.8648361150,0
              175.7778937401,-38.8646891924,0
              175.7786060049,-38.8645094883,0
              175.7789449229,-38.8643641681,0
              175.7794146154,-38.8639434147,0
              175.7800937774,-38.8631109839,0
              175.7804073131,-38.8624479668,0
              175.7805813800,-38.8619010447,0
              175.7807169461,-38.8617165360,0
              175.7811578511,-38.8612973807,0
              175.7814201018,-38.8607933664,0
              175.7819129180,-38.8602602576,0
              175.7820677051,-38.8598940906,0
              175.7824999629,-38.8593173937,0
              175.7824789824,-38.8591105820,0
              175.7826473052,-38.8587945606,0
              175.7831697601,-38.8582823533,0
              175.7832447648,-38.8580542557,0
              175.7835138116,-38.8576627458,0
              175.7840102066,-38.8572196820,0
              175.7842905895,-38.8570532477,0
              175.7847842259,-38.8565417398,0
              175.7854766587,-38.8559568390,0
              175.7860083645,-38.8556472094,0
              175.7867715232,-38.8553309898,0
              175.7872557757,-38.8549882668,0
              175.7877191552,-38.8546712952,0
              175.7881722008,-38.8544988030,0
              175.7889285075,-38.8540700593,0
              175.7895524867,-38.8538482864,0
              175.7900574245,-38.8535618323,0
              175.7904538521,-38.8534150622,0
              175.7907416985,-38.8534061769,0
              175.7911791486,-38.8535053841,0
              175.7913239780,-38.8535234544,0
              175.7918049287,-38.8533286261,0
              175.7921980950,-38.8532441290,0
              175.7926414866,-38.8533476924,0
              175.7929359233,-38.8534738526,0
              175.7932276413,-38.8535324714,0
              175.7935721640,-38.8534996472,0
              175.7939053127,-38.8532417460,0
              175.7942898161,-38.8531998218,0
              175.7944791882,-38.8531789304,0
              175.7946767836,-38.8531046519,0
              175.7949265552,-38.8528947745,0
              175.7950321239,-38.8527109868,0
              175.7951013963,-38.8523703437,0
              175.7951791450,-38.8522972147,0
              175.7953769521,-38.8521138573,0
              175.7953982404,-38.8519555832,0
              175.7953032115,-38.8518001761,0
              175.7953697957,-38.8513928943,0
              175.7954486288,-38.8512323004,0
              175.7958567179,-38.8507462883,0
              175.7964431986,-38.8503676527,0
              175.7967196497,-38.8501336767,0
              175.7972056425,-38.8494645517,0
              175.7974122524,-38.8489853053,0
              175.7978961724,-38.8482936923,0
              175.7981717017,-38.8480371992,0
              175.7984136556,-38.8476913916,0
              175.7985395783,-38.8473268127,0
              175.7990330831,-38.8468161447,0
              175.7991043914,-38.8464979836,0
              175.7996014848,-38.8460764658,0
              175.7998185509,-38.8457997778,0
              175.8004559042,-38.8452837486,0
              175.8006441766,-38.8450077697,0
              175.8007671132,-38.8445981895,0
              175.8009793459,-38.8442305748,0
              175.8015516218,-38.8435592985,0
              175.8022408198,-38.8429292993,0
              175.8026631848,-38.8427133367,0
              175.8030220308,-38.8424087998,0
              175.8035373620,-38.8423257496,0
              175.8037589142,-38.8421607194,0
              175.8040145654,-38.8414990602,0
              175.8044428944,-38.8408322291,0
              175.8045954979,-38.8404444463,0
              175.8046284049,-38.8399469452,0
              175.8047485797,-38.8394698207,0
              175.8051085517,-38.8391652487,0
              175.8051604202,-38.8390512871,0
              175.8051172568,-38.8387819253,0
              175.8051424015,-38.8386911606,0
              175.8055635808,-38.8384752163,0
              175.8058390456,-38.8382187044,0
              175.8058630373,-38.8381279682,0
              175.8056549612,-38.8379988028,0
              175.8055916868,-38.8378876897,0
              175.8055832514,-38.8377076122,0
              175.8057235254,-38.8370722394,0
              175.8060819232,-38.8361592371,0
              175.8063213274,-38.8351824727,0
              175.8063131116,-38.8342100325,0
              175.8063019694,-38.8336496184,0
              175.8064017744,-38.8333532819,0
              175.8068441763,-38.8329790551,0
              175.8068866529,-38.8326616015,0
              175.8069385144,-38.8325476393,0
              175.8074123871,-38.8322393376,0
              175.8074846061,-38.8319734304,0
              175.8077983979,-38.8318674050,0
              175.8082300323,-38.8318540125,0
              175.8085205225,-38.8319126229,0
              175.8087356516,-38.8315899901,0
              175.8090464812,-38.8314678096,0
              175.8091846500,-38.8313508063,0
              175.8092835293,-38.8310319539,0
              175.8094447699,-38.8308016997,0
              175.8093221439,-38.8306478886,0
              175.8097060368,-38.8302525641,0
              175.8099181818,-38.8298849321,0
              175.8103530090,-38.8293531284,0
              175.8107684059,-38.8290246270,0
              175.8109278135,-38.8287493442,0
              175.8110017869,-38.8284987147,0
              175.8114375106,-38.8279894205,0
              175.8114576038,-38.8278311714,0
              175.8114221987,-38.8276968344,0
              175.8112726176,-38.8275887650,0
              175.8111125251,-38.8272781343,0
              175.8111673143,-38.8272082668,0
              175.8113063843,-38.8271137743,0
              175.8119049263,-38.8269826488,0
              175.8120403446,-38.8267981019,0
              175.8125040943,-38.8257012747,0
              175.8124887779,-38.8254086889,0
              175.8123643309,-38.8252098539,0
              175.8120966931,-38.8250605437,0
              175.8118655758,-38.8250446410,0
              175.8117466038,-38.8249808848,0
              175.8116767076,-38.8247347238,0
              175.8112597380,-38.8244548006,0
              175.8111656235,-38.8243219187,0
              175.8111850435,-38.8241186142,0
              175.8113923626,-38.8236609551,0
              175.8118463200,-38.8229483825,0
              175.8124701329,-38.8221621850,0
              175.8125450437,-38.8219349687,0
              175.8125317922,-38.8216648670,0
              175.8120816545,-38.8201679318,0
              175.8115121326,-38.8197340417,0
              175.8107864321,-38.8190570285,0
              175.8105197323,-38.8189302274,0
              175.8101717386,-38.8188730479,0
              175.8098840344,-38.8188819814,0
              175.8095454310,-38.8190282913,0
              175.8093978551,-38.8189976940,0
              175.8091878442,-38.8187910609,0
              175.8091494738,-38.8186117244,0
              175.8090268699,-38.8184579128,0
              175.8086998877,-38.8182649937,0
              175.8085751868,-38.8180877953,0
              175.8085819091,-38.8175990520,0
              175.8089492354,-38.8163405639,0
              175.8091061437,-38.8160040469,0
              175.8095353648,-38.8159618611,0
              175.8098664223,-38.8156579865,0
              175.8100648457,-38.8156070955,0
              175.8109557831,-38.8155570655,0
              175.8113575450,-38.8154344243,0
              175.8123881564,-38.8153908363,0
              175.8125066023,-38.8154419836,0
              175.8128518081,-38.8154307160,0
              175.8132498013,-38.8153288950,0
              175.8136162432,-38.8151593462,0
              175.8138925024,-38.8149253282,0
              175.8145988427,-38.8140739682,0
              175.8148605460,-38.8141062326,0
              175.8152459904,-38.8143202192,0
              175.8155327624,-38.8142887594,0
              175.8157293147,-38.8141919313,0
              175.8160900635,-38.8139107384,0
              175.8162339048,-38.8139062640,0
              175.8164104140,-38.8139685864,0
              175.8167095352,-38.8141847118,0
              175.8169702713,-38.8142215031,0
              175.8172531492,-38.8141225281,0
              175.8176157186,-38.8138863565,0
              175.8180675551,-38.8136921358,0
              175.8182892219,-38.8135045359,0
              175.8188590253,-38.8128106867,0
              175.8195247238,-38.8122938370,0
              175.8197654195,-38.8124897731,0
              175.8199389478,-38.8125070923,0
              175.8201384704,-38.8124552550,0
              175.8208443810,-38.8121627560,0
              175.8213786260,-38.8118988636,0
              175.8222447305,-38.8113526717,0
              175.8225755133,-38.8110722033,0
              175.8229592278,-38.8106768345,0
              175.8234907070,-38.8103453929,0
              175.8241533658,-38.8097835183,0
              175.8243405002,-38.8094840868,0
              175.8243020961,-38.8093047554,0
              175.8241497863,-38.8091291624,0
              175.8238803536,-38.8089348520,0
              175.8233166153,-38.8086144563,0
              175.8228209332,-38.8084942870,0
              175.8225254792,-38.8083682289,0
              175.8215160290,-38.8077677558,0
              175.8211046097,-38.8076229455,0
              175.8209607806,-38.8076274254,0
              175.8208678218,-38.8074945222,0
              175.8210040951,-38.8073324786,0
              175.8209714274,-38.8072656839,0
              175.8208506474,-38.8071569104,0
              175.8202351150,-38.8069504696,0
              175.8198478662,-38.8066914727,0
              175.8194816046,-38.8062967371,0
              175.8192631032,-38.8059659337,0
              175.8190984543,-38.8055427463,0
              175.8186977089,-38.8050361858,0
              175.8184561271,-38.8048177333,0
              175.8182807896,-38.8047553855,0
              175.8181072817,-38.8047380640,0
              175.8179269378,-38.8046091343,0
              175.8178636740,-38.8044980269,0
              175.8176855326,-38.8038272766,0
              175.8175284456,-38.8035616507,0
              175.8171651911,-38.8032119047,0
              175.8170071926,-38.8029237652,0
              175.8174061633,-38.8022801391,0
              175.8173967529,-38.8020766478,0
              175.8176310851,-38.8010098293,0
              175.8175803510,-38.8005829063,0
              175.8171721351,-38.7999196770,0
              175.8171606612,-38.7996937004,0
              175.8174035484,-38.7993487230,0
              175.8177141856,-38.7992256175,0
              175.8179903700,-38.7989915903,0
              175.8180949224,-38.7987861665,0
              175.8180825688,-38.7985385781,0
              175.8179272829,-38.7983170780,0
              175.8176004047,-38.7981250836,0
              175.8171910764,-38.7980018447,0
              175.8165680906,-38.7976378198,0
              175.8162756683,-38.7975567437,0
              175.8156438085,-38.7975985820,0
              175.8154098396,-38.7975385884,0
              175.8149651214,-38.7972810048,0
              175.8148722235,-38.7971489967,0
              175.8145444105,-38.7969335801,0
              175.8137851785,-38.7967315774,0
              175.8131628936,-38.7964125897,0
              175.8128752807,-38.7964215299,0
              175.8125379036,-38.7965669197,0
              175.8121916021,-38.7965773151,0
              175.8118628876,-38.7963393775,0
              175.8115563231,-38.7959656739,0
              175.8109947909,-38.7951268420,0
              175.8103521999,-38.7937933256,0
              175.8099917641,-38.7935110974,0
              175.8098059608,-38.7932461747,0
              175.8097984323,-38.7930886097,0
              175.8098780800,-38.7929505180,0
              175.8100985535,-38.7927629615,0
              175.8102051812,-38.7925800312,0
              175.8101994742,-38.7924674925,0
              175.8101305273,-38.7922438431,0
              175.8095861231,-38.7917417176,0
              175.8096409230,-38.7916727515,0
              175.8099285178,-38.7916638191,0
              175.8102179346,-38.7916999121,0
              175.8104749406,-38.7916466652,0
              175.8107789745,-38.7913894271,0
              175.8108547700,-38.7911847242,0
              175.8107086850,-38.7908112995,0
              175.8105402698,-38.7905920284,0
              175.8103676484,-38.7902656608,0
              175.8103438020,-38.7896587897,0
              175.8101082071,-38.7891820769,0
              175.8097403380,-38.7888246759,0
              175.8091616116,-38.7883294181,0
              175.8087879554,-38.7881150808,0
              175.8082239566,-38.7879946514,0
              175.8076722560,-38.7876059317,0
              175.8073989384,-38.7876214361,0
              175.8071417708,-38.7874668247,0
              175.8068217036,-38.7871822361,0
              175.8064496506,-38.7872383247,0
              175.8061009047,-38.7871586191,0
              175.8058612771,-38.7869860682,0
              175.8055853320,-38.7866557619,0
              175.8053938635,-38.7862782931,0
              175.8053003228,-38.7855594587,0
              175.8051460508,-38.7853613556,0
              175.8047877737,-38.7851024971,0
              175.8039540762,-38.7845642373,0
              175.8036781486,-38.7842339266,0
              175.8031988908,-38.7838879129,0
              175.8030432511,-38.7838268593,0
              175.8028163076,-38.7835115613,0
              175.8028004762,-38.7834046814,0
              175.8026491829,-38.7832515735,0
              175.8025054026,-38.7832560315,0
              175.8024218384,-38.7833257054,0
              175.8023451546,-38.7835087904,0
              175.8022070666,-38.7836257860,0
              175.8020929207,-38.7836511450,0
              175.8018877724,-38.7835904120,0
              175.8015016242,-38.7833538675,0
              175.8012140617,-38.7833627789,0
              175.8010664060,-38.7832997229,0
              175.8008650979,-38.7833056003,0
              175.8007242829,-38.7833550534,0
              175.8002226064,-38.7837090962,0
              175.7999751853,-38.7839423712,0
              175.7998535324,-38.7838101623,0
              175.7998681935,-38.7835168329,0
              175.7997408879,-38.7832729857,0
              175.7992328919,-38.7829276660,0
              175.7984912016,-38.7824988738,0
              175.7982620758,-38.7825288710,0
              175.7978690581,-38.7827215676,0
              175.7975527342,-38.7827311806,0
              175.7972028678,-38.7826514775,0
              175.7968290543,-38.7826634090,0
              175.7964504260,-38.7825844140,0
              175.7963593941,-38.7824974185,0
              175.7962848148,-38.7821612209,0
              175.7961029623,-38.7819637874,0
              175.7957213748,-38.7818397906,0
              175.7954532719,-38.7816453859,0
              175.7950815905,-38.7811380329,0
              175.7949839752,-38.7809159839,0
              175.7950145001,-38.7807015908,0
              175.7948683714,-38.7803329024,0
              175.7947429006,-38.7801340766,0
              175.7945750902,-38.7799705491,0
              175.7942196071,-38.7800370076,0
              175.7936445058,-38.7800547946,0
              175.7932458109,-38.7801349366,0
              175.7927857217,-38.7801489826,0
              175.7927752710,-38.7799464172,0
              175.7928558422,-38.7798308506,0
              175.7928741534,-38.7796275766,0
              175.7928109500,-38.7795164557,0
              175.7925725306,-38.7793438477,0
              175.7925389960,-38.7792545316,0
              175.7926732247,-38.7790700341,0
              175.7929135314,-38.7781158019,0
              175.7928706955,-38.7778238920,0
              175.7927442935,-38.7776016492,0
              175.7924127695,-38.7773186573,0
              175.7923382495,-38.7769833570,0
              175.7921237937,-38.7767191135,0
              175.7915268827,-38.7763083459,0
              175.7912031368,-38.7761612754,0
              175.7910306075,-38.7761664279,0
              175.7906633707,-38.7763124920,0
              175.7904045953,-38.7763206686,0
              175.7898783753,-38.7761785819,0
              175.7893895868,-38.7761942232,0
              175.7888231103,-38.7763686243,0
              175.7884589051,-38.7765903276,0
              175.7878487011,-38.7770524557,0
              175.7871045897,-38.7774493667,0
              175.7870543684,-38.7774605180,0
              175.7863689528,-38.7780002088,0
              175.7858061045,-38.7782655496,0
              175.7852267259,-38.7787791888,0
              175.7850433311,-38.7791451715,0
              175.7849043199,-38.7792396338,0
              175.7847902110,-38.7792658759,0
              175.7839289323,-38.7799009187,0
              175.7833133313,-38.7802585884,0
              175.7829256650,-38.7805854158,0
              175.7825871867,-38.7807316488,0
              175.7818395374,-38.7807545171,0
              175.7812469866,-38.7809980294,0
              175.7806467183,-38.7811065133,0
              175.7803935485,-38.7812263067,0
              175.7800885819,-38.7814618529,0
              175.7800980958,-38.7816419060,0
              175.7801909102,-38.7817739416,0
              175.7807599396,-38.7822079862,0
              175.7812209468,-38.7822165008,0
              175.7821375457,-38.7820984435,0
              175.7823175199,-38.7822499718,0
              175.7823623686,-38.7825643704,0
              175.7826983899,-38.7829599587,0
              175.7829581285,-38.7829752130,0
              175.7833781460,-38.7827368333,0
              175.7834931634,-38.7827331061,0
              175.7836426087,-38.7828412114,0
              175.7838054379,-38.7831968816,0
              175.7840486472,-38.7834604332,0
              175.7842268586,-38.7835678320,0
              175.7848133230,-38.7837751700,0
              175.7851889515,-38.7838083040,0
              175.7853413950,-38.7839623067,0
              175.7853479655,-38.7840973601,0
              175.7840222160,-38.7852423105,0
              175.7838053080,-38.7855198723,0
              175.7837081822,-38.7858837323,0
              175.7833413755,-38.7866165923,0
              175.7833762640,-38.7873143442,0
              175.7831824121,-38.7874777578,0
              175.7828708269,-38.7875773572,0
              175.7823253299,-38.7876168962,0
              175.7820712735,-38.7877150803,0
              175.7819052809,-38.7878552722,0
              175.7818063387,-38.7881741037,0
              175.7817510576,-38.7888064609,0
              175.7816233838,-38.7891268992,0
              175.7814369881,-38.7894478767,0
              175.7813502673,-38.7900143006,0
              175.7812159896,-38.7901987839,0
              175.7808927177,-38.7904095403,0
              175.7805203009,-38.7907161520,0
              175.7802247746,-38.7911308498,0
              175.7798880084,-38.7913212014,0
              175.7796608984,-38.7913736478,0
              175.7789982516,-38.7913935081,0
              175.7784583803,-38.7915455687,0
              175.7781245256,-38.7917800136,0
              175.7779920744,-38.7920104211,0
              175.7778982134,-38.7923128980,0
              175.7778389621,-38.7924153109,0
              175.7777282459,-38.7928434993,0
              175.7776236566,-38.7934247796,0
              175.7776034152,-38.7934658403,0
              175.7770648350,-38.7942263259,0
              175.7768442689,-38.7944138196,0
              175.7765065776,-38.7945816485,0
              175.7758794721,-38.7947132978,0
              175.7755168969,-38.7949502418,0
              175.7753069504,-38.7947985356,0
              175.7750732745,-38.7947159201,0
              175.7746694376,-38.7947276129,0
              175.7740174452,-38.7949283708,0
              175.7737873343,-38.7949349060,0
              175.7731794904,-38.7948857839,0
              175.7728131203,-38.7947397053,0
              175.7727089060,-38.7946971845,0
              175.7722741423,-38.7946843870,0
              175.7712367908,-38.7952154648,0
              175.7708359358,-38.7952730449,0
              175.7705548654,-38.7954169347,0
              175.7702663508,-38.7954032569,0
              175.7698532724,-38.7952123392,0
              175.7693601795,-38.7951522791,0
              175.7688706462,-38.7951525252,0
              175.7685560595,-38.7952070877,0
              175.7678278431,-38.7954322087,0
              175.7672814055,-38.7956519830,0
              175.7668752624,-38.7956637053,0
              175.7666438938,-38.7955810163,0
              175.7661549315,-38.7955956607,0
              175.7658154156,-38.7957184309,0
              175.7656206388,-38.7958602018,0
              175.7652906002,-38.7961630240,0
              175.7647598878,-38.7965176164,0
              175.7645873086,-38.7965227289,0
              175.7643257666,-38.7964633075,0
              175.7636651157,-38.7965055665,0
              175.7632547725,-38.7963830672,0
              175.7627370350,-38.7963983980,0
              175.7620391613,-38.7964604862,0
              175.7618471980,-38.7964705749,0
              175.7610993777,-38.7964933110,0
              175.7600686678,-38.7966148796,0
              175.7592476184,-38.7969107161,0
              175.7583616062,-38.7970503791,0
              175.7571524227,-38.7970870261,0
              175.7566607648,-38.7970340896,0
              175.7562198730,-38.7968672377,0
              175.7559897532,-38.7968737381,0
              175.7559061635,-38.7969442790,0
              175.7558628081,-38.7972157603,0
              175.7559084439,-38.7975526829,0
              175.7560412837,-38.7979100193,0
              175.7560181362,-38.7980232599,0
              175.7558194655,-38.7980966017,0
              175.7554824816,-38.7983418726,0
              175.7554030997,-38.7984023963,0
              175.7551819083,-38.7983437752,0
              175.7553257570,-38.7980211728,0
              175.7553109379,-38.7977060364,0
              175.7550897839,-38.7973292126,0
              175.7549080407,-38.7971326162,0
              175.7546396981,-38.7969597590,0
              175.7547156605,-38.7967550920,0
              175.7546785891,-38.7965757098,0
              175.7545226452,-38.7963325128,0
              175.7541920775,-38.7960719265,0
              175.7539266791,-38.7959440678,0
              175.7532826658,-38.7957379733,0
              175.7515297689,-38.7952505315,0
              175.7512347520,-38.7951017517,0
              175.7504588393,-38.7945608130,0
              175.7499844882,-38.7943046085,0
              175.7490034609,-38.7937028368,0
              175.7489106893,-38.7935707768,0
              175.7486192990,-38.7929026852,0
              175.7480928688,-38.7921744928,0
              175.7478841744,-38.7920236104,0
              175.7472579015,-38.7918278703,0
              175.7475758821,-38.7916263515,0
              175.7476547933,-38.7914666891,0
              175.7476220328,-38.7908139545,0
              175.7477389038,-38.7902459292,0
              175.7477229694,-38.7899308191,0
              175.7475632381,-38.7896200989,0
              175.7472291613,-38.7892694378,0
              175.7468479144,-38.7891236399,0
              175.7468433118,-38.7891237518,0
              175.7462821925,-38.7891184293,0
              175.7457728126,-38.7892272317,0
              175.7449717941,-38.7893881712,0
              175.7447371335,-38.7894830988,0
              175.7442387105,-38.7896069530,0
              175.7440158650,-38.7897385510,0
              175.7439832004,-38.7898736538,0
              175.7438730945,-38.7899727737,0
              175.7438449329,-38.7899887803,0
              175.7436280505,-38.7900382038,0
              175.7433058620,-38.7900460087,0
              175.7431866514,-38.7898857393,0
              175.7431591490,-38.7896853893,0
              175.7429715618,-38.7893978729,0
              175.7427925418,-38.7892687987,0
              175.7425002019,-38.7891866374,0
              175.7416893541,-38.7890990012,0
              175.7410537039,-38.7890729231,0
              175.7402419340,-38.7889618622,0
              175.7397456376,-38.7888188254,0
              175.7395367089,-38.7886904703,0
              175.7391442538,-38.7883186637,0
              175.7384918305,-38.7879549457,0
              175.7383045271,-38.7876448795,0
              175.7381847948,-38.7875585351,0
              175.7380392240,-38.7875178850,0
              175.7374341317,-38.7875361195,0
              175.7372194432,-38.7874367443,0
              175.7372198449,-38.7872717754,0
              175.7370983373,-38.7871404007,0
              175.7369219637,-38.7870779585,0
              175.7363755572,-38.7870947687,0
              175.7360518392,-38.7869466454,0
              175.7357363750,-38.7869786053,0
              175.7351406894,-38.7871768840,0
              175.7347093088,-38.7871900064,0
              175.7341100691,-38.7872982244,0
              175.7338456255,-38.7871928327,0
              175.7334781978,-38.7867536993,0
              175.7328239620,-38.7857581010,0
              175.7322792181,-38.7846471807,0
              175.7319082321,-38.7841170854,0
              175.7316373699,-38.7838775327,0
              175.7313412898,-38.7837287306,0
              175.7309219137,-38.7834026173,0
              175.7308882634,-38.7833962183,0
              175.7305962347,-38.7827650579,0
              175.7306028906,-38.7827585875,0
              175.7305926141,-38.7825560175,0
              175.7304050955,-38.7822684799,0
              175.7303959709,-38.7820658820,0
              175.7304969052,-38.7817921216,0
              175.7304607888,-38.7816352444,0
              175.7302465460,-38.7813708875,0
              175.7298865225,-38.7810893119,0
              175.7298160643,-38.7808205856,0
              175.7296925450,-38.7806667180,0
              175.7293641762,-38.7804285471,0
              175.7293307201,-38.7803392118,0
              175.7294096228,-38.7801786604,0
              175.7297649613,-38.7797851898,0
              175.7298679320,-38.7795339158,0
              175.7299438875,-38.7787424435,0
              175.7298511347,-38.7786094678,0
              175.7295236617,-38.7783938117,0
              175.7294197875,-38.7780366506,0
              175.7294995730,-38.7778986130,0
              175.7299150451,-38.7775703957,0
              175.7305042002,-38.7772370874,0
              175.7309716054,-38.7767949364,0
              175.7315096587,-38.7760121470,0
              175.7317469970,-38.7755764443,0
              175.7319206043,-38.7749845311,0
              175.7319361627,-38.7747362660,0
              175.7320159412,-38.7745982269,0
              175.7323703505,-38.7741822331,0
              175.7324316032,-38.7736615379,0
              175.7327367289,-38.7734270163,0
              175.7333062076,-38.7732969858,0
              175.7340945233,-38.7729345115,0
              175.7345146457,-38.7726963056,0
              175.7348200234,-38.7724392365,0
              175.7350860885,-38.7720028329,0
              175.7353298873,-38.7709431837,0
              175.7356805184,-38.7700233768,0
              175.7357443366,-38.7689843009,0
              175.7360429563,-38.7686147136,0
              175.7361717210,-38.7683177384,0
              175.7366873733,-38.7676706756,0
              175.7370862458,-38.7669822633,0
              175.7374672714,-38.7665421718,0
              175.7376461392,-38.7660853331,0
              175.7378344458,-38.7658094525,0
              175.7381107633,-38.7655756115,0
              175.7386191029,-38.7653568900,0
              175.7388658064,-38.7651021298,0
              175.7389675734,-38.7648508762,0
              175.7391141525,-38.7643055753,0
              175.7390973383,-38.7639670475,0
              175.7391881785,-38.7634681668,0
              175.7397101494,-38.7623702239,0
              175.7396804035,-38.7617624845,0
              175.7398120690,-38.7615105054,0
              175.7404749361,-38.7609491000,0
              175.7405500113,-38.7607219276,0
              175.7404572623,-38.7605889590,0
              175.7402791733,-38.7604814938,0
              175.7397338584,-38.7605208332,0
              175.7394241059,-38.7606653457,0
              175.7384754007,-38.7606937074,0
              175.7382703715,-38.7606328633,0
              175.7379828912,-38.7606416193,0
              175.7374343400,-38.7608324661,0
              175.7369518071,-38.7608874013,0
              175.7366151506,-38.7609045544,0
              175.7362900819,-38.7608943840,0
              175.7358781008,-38.7609575254,0
              175.7352542385,-38.7610780674,0
              175.7346989113,-38.7612140771,0
              175.7345480182,-38.7613583446,0
              175.7345150156,-38.7613681556,0
              175.7342900142,-38.7613555620,0
              175.7339512622,-38.7613195744,0
              175.7339492044,-38.7612673414,0
              175.7342358249,-38.7611197973,0
              175.7343360063,-38.7608280212,0
              175.7345648796,-38.7606467155,0
              175.7349386772,-38.7604619087,0
              175.7353528592,-38.7601625452,0
              175.7354540294,-38.7598959842,0
              175.7353888109,-38.7596433594,0
              175.7352229303,-38.7594364348,0
              175.7350420977,-38.7592298718,0
              175.7343341989,-38.7584735537,0
              175.7340596142,-38.7581664919,0
              175.7336535274,-38.7575020364,0
              175.7332313221,-38.7565450074,0
              175.7331145225,-38.7559177344,0
              175.7328900692,-38.7554508094,0
              175.7328445686,-38.7551138754,0
              175.7329436833,-38.7547950833,0
              175.7329345550,-38.7545924840,0
              175.7328714673,-38.7544813297,0
              175.7328890550,-38.7542555492,0
              175.7331588753,-38.7538866628,0
              175.7337410858,-38.7534408222,0
              175.7337851744,-38.7533910805,0
              175.7341698235,-38.7530735035,0
              175.7344500185,-38.7527052642,0
              175.7348211316,-38.7522780384,0
              175.7350812156,-38.7518670157,0
              175.7352649177,-38.7514749649,0
              175.7353062284,-38.7512963860,0
              175.7352903584,-38.7509812720,0
              175.7352078505,-38.7504649480,0
              175.7349036550,-38.7501360679,0
              175.7348071556,-38.7499364811,0
              175.7348563754,-38.7497541062,0
              175.7351252812,-38.7493627004,0
              175.7351111864,-38.7490926148,0
              175.7349850485,-38.7488712083,0
              175.7345010362,-38.7483898249,0
              175.7343229870,-38.7482823499,0
              175.7340012216,-38.7481792477,0
              175.7334541882,-38.7481726295,0
              175.7332195620,-38.7480899564,0
              175.7330990156,-38.7479810916,0
              175.7330142197,-38.7478154745,0
              175.7330030513,-38.7475317958,0
              175.7330727413,-38.7473137721,0
              175.7332616045,-38.7470820521,0
              175.7335506810,-38.7467352344,0
              175.7339537913,-38.7463027307,0
              175.7342318440,-38.7459976420,0
              175.7344700003,-38.7457025321,0
              175.7348194700,-38.7452235453,0
              175.7348260855,-38.7452161738,0
              175.7352748434,-38.7448032945,0
              175.7359212012,-38.7444685676,0
              175.7366851384,-38.7441967978,0
              175.7371404973,-38.7439225699,0
              175.7385810981,-38.7435307568,0
              175.7395723352,-38.7431858607,0
              175.7401137033,-38.7430790080,0
              175.7411169681,-38.7429807978,0
              175.7413996709,-38.7428820053,0
              175.7416471415,-38.7426488515,0
              175.7418084015,-38.7424186876,0
              175.7418207069,-38.7423805291,0
              175.7419337058,-38.7420649975,0
              175.7419696020,-38.7418081230,0
              175.7419862449,-38.7415300802,0
              175.7420460859,-38.7412383714,0
              175.7423033508,-38.7407579883,0
              175.7423226841,-38.7405772345,0
              175.7420647644,-38.7400209935,0
              175.7420230483,-38.7397515769,0
              175.7419997774,-38.7392788918,0
              175.7416500676,-38.7386130973,0
              175.7416259099,-38.7381178983,0
              175.7417140820,-38.7376109633,0
              175.7417942618,-38.7368725552,0
              175.7416941685,-38.7365820162,0
              175.7413139518,-38.7358718887,0
              175.7410059752,-38.7354755093,0
              175.7409945498,-38.7353027120,0
              175.7412460487,-38.7350847853,0
              175.7419784900,-38.7347470355,0
              175.7423640221,-38.7343969541,0
              175.7426577564,-38.7339373196,0
              175.7427559104,-38.7335960044,0
              175.7427495345,-38.7328227337,0
              175.7430013096,-38.7321459696,0
              175.7430141176,-38.7318292585,0
              175.7428918869,-38.7316483291,0
              175.7430021631,-38.7314392301,0
              175.7431965961,-38.7312920909,0
              175.7433694785,-38.7311238409,0
              175.7435717908,-38.7309431575,0
              175.7436524920,-38.7307428872,0
              175.7437506412,-38.7305764477,0
              175.7438798099,-38.7304669476,0
              175.7440374251,-38.7303783912,0
              175.7442839540,-38.7301227178,0
              175.7443730000,-38.7296968871,0
              175.7446805067,-38.7294117897,0
              175.7446719783,-38.7292542462,0
              175.7444252785,-38.7289230953,0
              175.7444058140,-38.7285179245,0
              175.7441831523,-38.7280960465,0
              175.7441739955,-38.7278934476,0
              175.7442229531,-38.7277345103,0
              175.7444899458,-38.7272980539,0
              175.7451385925,-38.7264439914,0
              175.7456988889,-38.7257714541,0
              175.7472242034,-38.7238369248,0
              175.7476427806,-38.7232480443,0
              175.7484564066,-38.7221159205,0
              175.7488362254,-38.7216821211,0
              175.7492266088,-38.7213409105,0
              175.7495301750,-38.7211902072,0
              175.7498556625,-38.7211282129,0
              175.7502955144,-38.7208741366,0
              175.7519600670,-38.7207462301,0
              175.7519442991,-38.7208710111,0
              175.7521223071,-38.7209784602,0
              175.7523799955,-38.7209478541,0
              175.7527748403,-38.7207777947,0
              175.7537443534,-38.7205910477,0
              175.7541937349,-38.7203745857,0
              175.7551582553,-38.7195109715,0
              175.7555216683,-38.7192740612,0
              175.7561129054,-38.7190081634,0
              175.7564417364,-38.7186828495,0
              175.7566778411,-38.7182245783,0
              175.7567453816,-38.7178389230,0
              175.7570733114,-38.7174910931,0
              175.7572326798,-38.7172158785,0
              175.7573076208,-38.7169877930,0
              175.7576289969,-38.7165040043,0
              175.7577030784,-38.7162543052,0
              175.7576938846,-38.7160517065,0
              175.7577937300,-38.7157554057,0
              175.7579596039,-38.7156152467,0
              175.7581838077,-38.7154952999,0
              175.7583997468,-38.7151961687,0
              175.7586970859,-38.7146579758,0
              175.7589928114,-38.7142820798,0
              175.7592670970,-38.7136561062,0
              175.7592978603,-38.7135616069,0
              175.7595981314,-38.7132423880,0
              175.7603750728,-38.7120921372,0
              175.7603972557,-38.7119554795,0
              175.7602758340,-38.7118241273,0
              175.7600394711,-38.7116955785,0
              175.7597809249,-38.7117036868,0
              175.7594218583,-38.7116141874,0
              175.7595736440,-38.7114383119,0
              175.7596705304,-38.7113575237,0
              175.7604858242,-38.7108256231,0
              175.7606478483,-38.7106179458,0
              175.7608073747,-38.7102895369,0
              175.7612851827,-38.7101246345,0
              175.7616865010,-38.7100905021,0
              175.7626057580,-38.7100617537,0
              175.7633425747,-38.7098138972,0
              175.7642523986,-38.7096059799,0
              175.7645897189,-38.7094381856,0
              175.7649518997,-38.7092012732,0
              175.7655560136,-38.7085969704,0
              175.7660914506,-38.7083774546,0
              175.7665196621,-38.7082966746,0
              175.7667438654,-38.7081776119,0
              175.7671578676,-38.7078267459,0
              175.7676953397,-38.7076297084,0
              175.7685558991,-38.7069947791,0
              175.7690948681,-38.7068355585,0
              175.7693665430,-38.7067531894,0
              175.7697068192,-38.7066312806,0
              175.7700252208,-38.7065090047,0
              175.7701706820,-38.7064928239,0
              175.7705154791,-38.7064843829,0
              175.7715220347,-38.7064534264,0
              175.7717776142,-38.7064002918,0
              175.7720305005,-38.7062796142,0
              175.7730837618,-38.7054587399,0
              175.7733262568,-38.7051354908,0
              175.7732500698,-38.7047542452,0
              175.7730711715,-38.7046243147,0
              175.7728366432,-38.7045417209,0
              175.7728052154,-38.7044748829,0
              175.7732745837,-38.7041001004,0
              175.7732069854,-38.7038763972,0
              175.7730864522,-38.7037675718,0
              175.7726164658,-38.7035789684,0
              175.7722883086,-38.7033409146,0
              175.7716830376,-38.7033368107,0
              175.7714745166,-38.7031850673,0
              175.7710823653,-38.7028133619,0
              175.7706123901,-38.7026247501,0
              175.7701924489,-38.7022771595,0
              175.7699287434,-38.7016931717,0
              175.7699862801,-38.7016070284,0
              175.7699471739,-38.7014051615,0
              175.7699368668,-38.7013774691,0
              175.7699076047,-38.7010473564,0
              175.7699029782,-38.7007581079,0
              175.7697127212,-38.7002273093,0
              175.7696003601,-38.6997748323,0
              175.7689952739,-38.6984176495,0
              175.7689007610,-38.6981531366,0
              175.7686878495,-38.6978329266,0
              175.7684147865,-38.6975331191,0
              175.7682552710,-38.6973981995,0
              175.7680880741,-38.6972147914,0
              175.7679728085,-38.6969778284,0
              175.7679271800,-38.6966409049,0
              175.7680819172,-38.6951254065,0
              175.7682195566,-38.6944225222,0
              175.7684702755,-38.6936708975,0
              175.7685546876,-38.6930179927,0
              175.7686897617,-38.6925396288,0
              175.7691594023,-38.6919133534,0
              175.7696084634,-38.6910883617,0
              175.7699894007,-38.6900838460,0
              175.7701386843,-38.6892409502,0
              175.7707810486,-38.6874665095,0
              175.7708127218,-38.6869915759,0
              175.7712323673,-38.6861222234,0
              175.7714513616,-38.6853262944,0
              175.7714514709,-38.6851105994,0
              175.7714515056,-38.6850414343,0
              175.7714510032,-38.6847403643,0
              175.7714944852,-38.6844463310,0
              175.7715601212,-38.6843617903,0
              175.7716563832,-38.6842377373,0
              175.7722063758,-38.6837248634,0
              175.7723122583,-38.6835536997,0
              175.7723811592,-38.6834645710,0
              175.7725747911,-38.6832155355,0
              175.7727458371,-38.6829481218,0
              175.7729133152,-38.6826850523,0
              175.7729644544,-38.6826047227,0
              175.7730130622,-38.6822663917,0
              175.7728671756,-38.6818381748,0
              175.7728489353,-38.6817845360,0
              175.7731925282,-38.6815759933,0
              175.7735518416,-38.6812715116,0
              175.7739330833,-38.6808538119,0
              175.7742119005,-38.6806648831,0
              175.7746073668,-38.6805172634,0
              175.7750916966,-38.6804350702,0
              175.7752604002,-38.6803398859,0
              175.7753657638,-38.6801561113,0
              175.7754388088,-38.6798829856,0
              175.7753753245,-38.6791859277,0
              175.7753140714,-38.6791207245,0
              175.7750269443,-38.6788708589,0
              175.7750097743,-38.6787288522,0
              175.7753796753,-38.6786900305,0
              175.7755824912,-38.6787292262,0
              175.7760810454,-38.6789171138,0
              175.7763424184,-38.6789539693,0
              175.7766694282,-38.6790793573,0
              175.7768778208,-38.6792581369,0
              175.7769680192,-38.6793857315,0
              175.7772052056,-38.6795367599,0
              175.7775802856,-38.6795699203,0
              175.7784594116,-38.6792950281,0
              175.7788901358,-38.6792817453,0
              175.7794135761,-38.6794013995,0
              175.7797572691,-38.6793686163,0
              175.7802005699,-38.6791521948,0
              175.7807396859,-38.6788874425,0
              175.7810695058,-38.6787666546,0
              175.7824919898,-38.6782476041,0
              175.7831910824,-38.6778427871,0
              175.7838775916,-38.6775834089,0
              175.7855568997,-38.6768452584,0
              175.7859849370,-38.6767653082,0
              175.7873443951,-38.6763396961,0
              175.7879159587,-38.6762544002,0
              175.7890475462,-38.6758821591,0
              175.7892410474,-38.6757178323,0
              175.7892556854,-38.6756814134,0
              175.7897504375,-38.6755448164,0
              175.7899236271,-38.6755621806,0
              175.7902469543,-38.6757101583,0
              175.7905074196,-38.6757244684,0
              175.7906480294,-38.6756750264,0
              175.7911074506,-38.6756609901,0
              175.7913457666,-38.6758110617,0
              175.7914681241,-38.6759657963,0
              175.7914907966,-38.6764159619,0
              175.7915930237,-38.6767280451,0
              175.7917790571,-38.6769506198,0
              175.7920826408,-38.6773226389,0
              175.7922611306,-38.6780159551,0
              175.7923864156,-38.6782147877,0
              175.7925652830,-38.6783446894,0
              175.7930016683,-38.6784438956,0
              175.7931778238,-38.6785062548,0
              175.7934114039,-38.6787384709,0
              175.7934062657,-38.6788395604,0
              175.7933891131,-38.6789851168,0
              175.7933523657,-38.6791582008,0
              175.7933007287,-38.6792469162,0
              175.7933407934,-38.6794712886,0
              175.7933443853,-38.6794748056,0
              175.7934061791,-38.6796103007,0
              175.7934471588,-38.6796570661,0
              175.7935898739,-38.6797743367,0
              175.7938075832,-38.6799835067,0
              175.7940361582,-38.6801482366,0
              175.7942686145,-38.6802092039,0
              175.7945770054,-38.6800420321,0
              175.7948910671,-38.6799874000,0
              175.7950106893,-38.6800736889,0
              175.7951061132,-38.6802732560,0
              175.7950714011,-38.6807257397,0
              175.7951096622,-38.6809050846,0
              175.7956298329,-38.6815430807,0
              175.7960488715,-38.6818680668,0
              175.7968154783,-38.6822277313,0
              175.7974020923,-38.6824584259,0
              175.7978385097,-38.6825576136,0
              175.7985860382,-38.6825571593,0
              175.7987565295,-38.6825069685,0
              175.7990065658,-38.6823186922,0
              175.7996081104,-38.6816917277,0
              175.7998207761,-38.6813466206,0
              175.7999167718,-38.6809602279,0
              175.8000259446,-38.6808439441,0
              175.8005467089,-38.6808959616,0
              175.8007764165,-38.6808884745,0
              175.8014557546,-38.6806517060,0
              175.8012942190,-38.6808954906,0
              175.8013055865,-38.6811205711,0
              175.8014252181,-38.6812068539,0
              175.8015984244,-38.6812242010,0
              175.8019355233,-38.6810562983,0
              175.8031253898,-38.6807032127,0
              175.8037275430,-38.6806630555,0
              175.8038740826,-38.6807035960,0
              175.8041771492,-38.6810323286,0
              175.8044768286,-38.6812484631,0
              175.8047388913,-38.6813303107,0
              175.8051122125,-38.6813192555,0
              175.8053382880,-38.6812217041,0
              175.8058372035,-38.6808460512,0
              175.8062118552,-38.6806970374,0
              175.8074750845,-38.6804241187,0
              175.8078506548,-38.6803264595,0
              175.8083778496,-38.6804522030,0
              175.8090113746,-38.6804770463,0
              175.8093598464,-38.6805342035,0
              175.8095313529,-38.6805948503,0
              175.8100181641,-38.6808595108,0
              175.8100383138,-38.6808743351,0
              175.8105301328,-38.6814904365,0
              175.8107817443,-38.6816834092,0
              175.8109430673,-38.6818903430,0
              175.8111838065,-38.6821557006,0
              175.8115034514,-38.6822676546,0
              175.8117821043,-38.6823328484,0
              175.8120641673,-38.6823970558,0
              175.8124276855,-38.6826269087,0
              175.8127904638,-38.6827531119,0
              175.8133810299,-38.6827104897,0
              175.8136185043,-38.6828380023,0
              175.8138498703,-38.6834398296,0
              175.8139435661,-38.6835952551,0
              175.8140067187,-38.6836495749,0
              175.8142475872,-38.6838608373,0
              175.8144985621,-38.6839808000,0
              175.8147355538,-38.6840109657,0
              175.8149447875,-38.6840373129,0
              175.8152378509,-38.6835774942,0
              175.8153479133,-38.6834837103,0
              175.8156015924,-38.6833863535,0
              175.8157098306,-38.6832475417,0
              175.8155712376,-38.6827786274,0
              175.8156181458,-38.6825737315,0
              175.8157655010,-38.6824069028,0
              175.8158633429,-38.6822953931,0
              175.8158624677,-38.6822737798,0
              175.8159195139,-38.6820920704,0
              175.8160280413,-38.6820172535,0
              175.8160906670,-38.6819733270,0
              175.8164523735,-38.6818173903,0
              175.8166457182,-38.6818206929,0
              175.8169081798,-38.6819176149,0
              175.8170305194,-38.6819627925,0
              175.8171531431,-38.6819831277,0
              175.8172588088,-38.6820376831,0
              175.8172673188,-38.6820546085,0
              175.8173170327,-38.6821534896,0
              175.8174498656,-38.6822164066,0
              175.8175347292,-38.6822293874,0
              175.8177078738,-38.6821470720,0
              175.8177349767,-38.6821362297,0
              175.8177754555,-38.6821200349,0
              175.8179796727,-38.6820383348,0
              175.8180974791,-38.6820114505,0
              175.8182673228,-38.6820404138,0
              175.8184619183,-38.6821138614,0
              175.8186373011,-38.6820885934,0
              175.8188582393,-38.6819540319,0
              175.8189774003,-38.6818640010,0
              175.8190794695,-38.6817293009,0
              175.8191038663,-38.6815694255,0
              175.8190023251,-38.6814246102,0
              175.8188100293,-38.6813120377,0
              175.8186461277,-38.6812958811,0
              175.8185405920,-38.6812854772,0
              175.8183303818,-38.6813025693,0
              175.8181771581,-38.6813062644,0
              175.8179858647,-38.6813168876,0
              175.8178012901,-38.6813033059,0
              175.8177242670,-38.6811969687,0
              175.8176921048,-38.6811064397,0
              175.8176639224,-38.6810271154,0
              175.8177122482,-38.6808907067,0
              175.8178027098,-38.6807532829,0
              175.8178870413,-38.6806550763,0
              175.8180178116,-38.6805677712,0
              175.8181964323,-38.6805273990,0
              175.8183046869,-38.6805247883,0
              175.8184186039,-38.6805220409,0
              175.8185309856,-38.6805523907,0
              175.8185392961,-38.6805784636,0
              175.8185528489,-38.6806209874,0
              175.8184897336,-38.6806736013,0
              175.8184381093,-38.6807259380,0
              175.8183985664,-38.6807930111,0
              175.8184355170,-38.6808552329,0
              175.8185433613,-38.6808676597,0
              175.8186536231,-38.6808439623,0
              175.8186969964,-38.6807767967,0
              175.8187694234,-38.6807660340,0
              175.8188483910,-38.6808242376,0
              175.8189585347,-38.6807975372,0
              175.8190811697,-38.6806984058,0
              175.8191280196,-38.6806221405,0
              175.8191458157,-38.6804894733,0
              175.8191979109,-38.6804491462,0
              175.8192110509,-38.6802955533,0
              175.8193254948,-38.6802807711,0
              175.8193444694,-38.6801781300,0
              175.8192870705,-38.6800833417,0
              175.8193363347,-38.6799709532,0
              175.8192803506,-38.6799121956,0
              175.8193334454,-38.6797997147,0
              175.8192125781,-38.6797485334,0
              175.8189818058,-38.6797300568,0
              175.8189228698,-38.6797165994,0
              175.8188270532,-38.6796947193,0
              175.8186296953,-38.6796483880,0
              175.8184669281,-38.6796042266,0
              175.8183186589,-38.6795386784,0
              175.8182538362,-38.6794500796,0
              175.8182548360,-38.6793178275,0
              175.8182563125,-38.6791224311,0
              175.8183330410,-38.6789282344,0
              175.8184348718,-38.6787875295,0
              175.8186008778,-38.6786212341,0
              175.8188033021,-38.6786013249,0
              175.8189698363,-38.6785462162,0
              175.8190282948,-38.6784726755,0
              175.8190820370,-38.6782790338,0
              175.8192128016,-38.6781917275,0
              175.8192496311,-38.6780555955,0
              175.8193007207,-38.6778920713,0
              175.8194579435,-38.6777951107,0
              175.8195647802,-38.6776843387,0
              175.8196084447,-38.6775270038,0
              175.8197232354,-38.6773258777,0
              175.8198232353,-38.6772363083,0
              175.8200103300,-38.6770214151,0
              175.8201631298,-38.6769095335,0
              175.8201911775,-38.6768427372,0
              175.8201040158,-38.6764781813,0
              175.8201065811,-38.6763637796,0
              175.8201072378,-38.6763345218,0
              175.8201081968,-38.6762917453,0
              175.8201578684,-38.6760921901,0
              175.8201550959,-38.6759239543,0
              175.8200691189,-38.6757847744,0
              175.8200210896,-38.6756356630,0
              175.8199469572,-38.6755052138,0
              175.8198758904,-38.6754528314,0
              175.8198328724,-38.6753336536,0
              175.8198339199,-38.6743839199,0
              175.8197305583,-38.6738995377,0
              175.8198104579,-38.6735910580,0
              175.8197967831,-38.6732427609,0
              175.8197660219,-38.6730451457,0
              175.8198494572,-38.6728267436,0
              175.8198623801,-38.6727913706,0
              175.8199602323,-38.6725235298,0
              175.8200422517,-38.6722690969,0
              175.8201837868,-38.6721634973,0
              175.8207119797,-38.6719463826,0
              175.8211759470,-38.6718510325,0
              175.8215209404,-38.6717308022,0
              175.8215465750,-38.6717218685,0
              175.8217862728,-38.6715778322,0
              175.8219312164,-38.6713639546,0
              175.8220247735,-38.6710130677,0
              175.8219626594,-38.6707981786,0
              175.8218691977,-38.6705660139,0
              175.8218351296,-38.6702843281,0
              175.8219499036,-38.6700831994,0
              175.8224680320,-38.6694539412,0
              175.8229919122,-38.6690152457,0
              175.8233496916,-38.6687753567,0
              175.8236381183,-38.6685744630,0
              175.8239138514,-38.6684720161,0
              175.8243118925,-38.6683917700,0
              175.8252823018,-38.6682485581,0
              175.8258740074,-38.6679822792,0
              175.8262433635,-38.6679036446,0
              175.8269314729,-38.6678594156,0
              175.8276387183,-38.6676353154,0
              175.8284694580,-38.6675640759,0
              175.8288925440,-38.6673930426,0
              175.8290859670,-38.6672295512,0
              175.8293011951,-38.6669519307,0
              175.8294018246,-38.6666555391,0
              175.8293933518,-38.6664754590,0
              175.8292383535,-38.6662548698,0
              175.8294048882,-38.6661371229,0
              175.8298853600,-38.6659637490,0
              175.8305666088,-38.6658078894,0
              175.8307750643,-38.6657314607,0
              175.8314612226,-38.6655267935,0
              175.8321119880,-38.6652436798,0
              175.8321210678,-38.6652407489,0
              175.8324272399,-38.6650509918,0
              175.8327545610,-38.6647029498,0
              175.8333992878,-38.6643000850,0
              175.8338103796,-38.6639481417,0
              175.8341183778,-38.6638034102,0
              175.8355703331,-38.6634876002,0
              175.8361665511,-38.6633338406,0
              175.8366162436,-38.6631395772,0
              175.8371846599,-38.6630090459,0
              175.8375578803,-38.6629978897,0
              175.8379283096,-38.6629182907,0
              175.8380368489,-38.6628732009,0
              175.8381688277,-38.6628671878,0
              175.8384891218,-38.6627987607,0
              175.8385562649,-38.6627817518,0
              175.8386712065,-38.6627527212,0
              175.8388888443,-38.6626201435,0
              175.8391065410,-38.6625452586,0
              175.8391530090,-38.6625287678,0
              175.8401236305,-38.6625341662,0
              175.8402940434,-38.6624839157,0
              175.8409246939,-38.6618785319,0
              175.8412289538,-38.6616428244,0
              175.8417360487,-38.6614470975,0
              175.8418009294,-38.6614310454,0
              175.8427625675,-38.6611887443,0
              175.8431433394,-38.6611656592,0
              175.8434055514,-38.6611392398,0
              175.8434719840,-38.6611330640,0
              175.8435706947,-38.6611008358,0
              175.8439191090,-38.6609893160,0
              175.8443672256,-38.6608698812,0
              175.8445115097,-38.6608274923,0
              175.8453524238,-38.6607261271,0
              175.8454612560,-38.6606602891,0
              175.8482529394,-38.6606351528,0
              175.8490280288,-38.6606111408,0
              175.8499705647,-38.6604927609,0
              175.8502323186,-38.6605114124,0
              175.8504847789,-38.6604996463,0
              175.8508510237,-38.6604588724,0
              175.8518385147,-38.6604556348,0
              175.8522718819,-38.6604816767,0
              175.8528200279,-38.6605309671,0
              175.8532288993,-38.6606044991,0
              175.8538999002,-38.6606777323,0
              175.8544411530,-38.6607551340,0
              175.8548199068,-38.6608231101,0
              175.8549599900,-38.6608466211,0
              175.8549936313,-38.6608538862,0
              175.8554272242,-38.6608853200,0
              175.8559515410,-38.6610262448,0
              175.8560863290,-38.6610327605,0
              175.8567181777,-38.6610763157,0
              175.8567414084,-38.6610820391,0
              175.8570886025,-38.6611093368,0
              175.8575408732,-38.6611195576,0
              175.8577536502,-38.6611493440,0
              175.8582890227,-38.6612232526,0
              175.8585998362,-38.6612884136,0
              175.8589768966,-38.6613149391,0
              175.8592600343,-38.6613501480,0
              175.8594172008,-38.6613696184,0
              175.8601034045,-38.6614487503,0
              175.8606822753,-38.6615179678,0
              175.8614483965,-38.6616671910,0
              175.8615019709,-38.6616838666,0
              175.8619200823,-38.6617580417,0
              175.8626304856,-38.6618662953,0
              175.8633821643,-38.6620275896,0
              175.8638171743,-38.6621211627,0
              175.8640318092,-38.6621680190,0
              175.8642183230,-38.6622300096,0
              175.8649424847,-38.6625046656,0
              175.8660905140,-38.6627415448,0
              175.8671787956,-38.6631466978,0
              175.8674248223,-38.6632856049,0
              175.8679132131,-38.6635860461,0
              175.8684490734,-38.6639222432,0
              175.8686808082,-38.6641327256,0
              175.8689299634,-38.6644031643,0
              175.8696989196,-38.6655123217,0
              175.8698607574,-38.6658679073,0
              175.8698952626,-38.6659797168,0
              175.8697114756,-38.6663467660,0
              175.8694905794,-38.6665110232,0
              175.8690083449,-38.6666395319,0
              175.8686063942,-38.6666515184,0
              175.8681824806,-38.6668001823,0
              175.8673825755,-38.6674794165,0
              175.8670456932,-38.6676475068,0
              175.8666859151,-38.6679297614,0
              175.8665300801,-38.6682501228,0
              175.8664844606,-38.6690409657,0
              175.8665333142,-38.6694453912,0
              175.8668866231,-38.6701783565,0
              175.8671275748,-38.6706121731,0
              175.8673736864,-38.6711711631,0
              175.8674682196,-38.6719864026,0
              175.8675400127,-38.6722775626,0
              175.8677928709,-38.6727209930,0
              175.8678331635,-38.6729453394,0
              175.8677396190,-38.6733542718,0
              175.8673080151,-38.6739313244,0
              175.8668824106,-38.6745983696,0
              175.8665515236,-38.6754433098,0
              175.8665468731,-38.6759166985,0
              175.8668101616,-38.6765852343,0
              175.8668601706,-38.6769896289,0
              175.8669627252,-38.6773016453,0
              175.8679786157,-38.6786236194,0
              175.8684593362,-38.6790144012,0
              175.8689877452,-38.6792227778,0
              175.8694835387,-38.6793652692,0
              175.8700647518,-38.6794596192,0
              175.8707548394,-38.6794610603,0
              175.8710667622,-38.6793837396,0
              175.8718123950,-38.6793377909,0
              175.8721946317,-38.6793758761,0
              175.8728539673,-38.6794402855,0
              175.8732846716,-38.6794266547,0
              175.8737670213,-38.6792990283,0
              175.8741891381,-38.6791053184,0
              175.8744368858,-38.6788943971,0
              175.8744543382,-38.6788714175,0
              175.8746760283,-38.6786422260,0
              175.8749221560,-38.6782807983,0
              175.8749504778,-38.6781033913,0
              175.8750212365,-38.6779510493,0
              175.8752133781,-38.6772015560,0
              175.8755031991,-38.6766731475,0
              175.8757506539,-38.6758988104,0
              175.8759888650,-38.6754852967,0
              175.8765472098,-38.6740251555,0
              175.8765095754,-38.6732814949,0
              175.8767924588,-38.6726414760,0
              175.8768068945,-38.6723508347,0
              175.8768768407,-38.6720677985,0
              175.8769512809,-38.6718378348,0
              175.8770826499,-38.6716776416,0
              175.8771463625,-38.6715498168,0
              175.8771519848,-38.6712963597,0
              175.8770828179,-38.6709862074,0
              175.8770702847,-38.6707386208,0
              175.8772508549,-38.6703500056,0
              175.8777339526,-38.6696580199,0
              175.8781145302,-38.6692399810,0
              175.8782494824,-38.6690553550,0
              175.8784195471,-38.6684407350,0
              175.8784702452,-38.6683042252,0
              175.8786089185,-38.6682096521,0
              175.8795792151,-38.6680659899,0
              175.8798635484,-38.6679902469,0
              175.8803668195,-38.6677033996,0
              175.8807675143,-38.6673831008,0
              175.8810806753,-38.6671704995,0
              175.8812872710,-38.6669669194,0
              175.8814764813,-38.6667322287,0
              175.8817145281,-38.6665107196,0
              175.8819020200,-38.6662346049,0
              175.8821256193,-38.6658863537,0
              175.8823801692,-38.6654525760,0
              175.8824605060,-38.6653378471,0
              175.8823655377,-38.6651825058,0
              175.8820056830,-38.6648779512,0
              175.8819949966,-38.6646753908,0
              175.8821367845,-38.6644896846,0
              175.8826684458,-38.6643616652,0
              175.8830339532,-38.6641918982,0
              175.8833114872,-38.6639801969,0
              175.8837475667,-38.6635156512,0
              175.8845518039,-38.6623629147,0
              175.8846840721,-38.6622252261,0
              175.8849488096,-38.6622599498,0
              175.8856246609,-38.6625321047,0
              175.8861481147,-38.6626503807,0
              175.8872677083,-38.6626155325,0
              175.8881234692,-38.6630390419,0
              175.8884327907,-38.6630951577,0
              175.8890547030,-38.6631198612,0
              175.8894262913,-38.6631248054,0
              175.8902680134,-38.6629050023,0
              175.8904914050,-38.6626360689,0
              175.8906258427,-38.6623847312,0
              175.8908110508,-38.6621654523,0
              175.8910916799,-38.6616967325,0
              175.8916776314,-38.6612157085,0
              175.8923022269,-38.6609455421,0
              175.8925221179,-38.6607587287,0
              175.8928063720,-38.6606820548,0
              175.8934635724,-38.6606156845,0
              175.8937737301,-38.6604707357,0
              175.8948057814,-38.6598520888,0
              175.8951040646,-38.6595046062,0
              175.8951407664,-38.6594748212,0
              175.8960823882,-38.6589703218,0
              175.8961638492,-38.6589266765,0
              175.8965112507,-38.6588114474,0
              175.8968861404,-38.6586421584,0
              175.8972315360,-38.6584792391,0
              175.8972859318,-38.6583084386,0
              175.8977267455,-38.6579329630,0
              175.8978941986,-38.6577518301,0
              175.8980424317,-38.6577294449,0
              175.8982864459,-38.6577239609,0
              175.8986793415,-38.6576949409,0
            </coordinates>
          </LinearRing>
        </innerBoundaryIs>
      </Polygon>
    </Placemark>
  </Folder>
</Document>
</kml>
